attendancePercentage,quizAverage,assignmentAverage,internalMarks,riskLevel
90,87,95,27,LOW
88,87,87,26,LOW
51,55,63,16,HIGH
94,88,94,27,LOW
50,45,53,15,HIGH
90,92,93,26,LOW
79,65,65,20,MEDIUM
71,69,65,22,MEDIUM
96,92,94,27,LOW
83,93,89,28,LOW
64,68,61,16,HIGH
90,86,95,27,LOW
59,56,60,15,HIGH
88,85,88,27,LOW
89,82,96,25,LOW
92,91,86,28,LOW
57,69,63,21,MEDIUM
40,43,44,12,HIGH
93,83,88,26,LOW
71,72,78,20,MEDIUM
83,76,79,23,MEDIUM
75,73,73,21,MEDIUM
95,95,98,27,LOW
76,84,77,24,MEDIUM
65,66,69,19,MEDIUM
67,70,60,20,MEDIUM
72,77,74,24,MEDIUM
91,86,80,27,LOW
76,66,69,24,MEDIUM
81,68,64,17,MEDIUM
52,51,58,15,HIGH
48,47,53,15,HIGH
78,85,79,23,MEDIUM
78,80,76,23,MEDIUM
69,65,60,18,MEDIUM
93,83,91,25,LOW
66,68,63,17,MEDIUM
55,44,53,15,HIGH
83,77,95,24,LOW
52,48,40,13,HIGH
69,66,73,23,MEDIUM
94,91,86,27,LOW
81,70,67,17,MEDIUM
97,100,98,30,LOW
79,74,80,26,MEDIUM
90,88,91,28,LOW
84,78,73,20,MEDIUM
86,93,82,25,LOW
91,98,91,28,LOW
100,88,98,28,LOW
78,74,71,26,MEDIUM
87,88,78,26,LOW
86,85,100,26,LOW
52,46,39,16,HIGH
45,48,53,16,HIGH
64,62,65,20,MEDIUM
80,74,78,25,MEDIUM
78,73,82,23,MEDIUM
81,65,71,20,MEDIUM
81,73,71,20,MEDIUM
90,90,94,27,LOW
80,85,76,25,MEDIUM
54,50,54,17,HIGH
52,47,50,15,HIGH
97,94,96,27,LOW
71,74,71,22,MEDIUM
90,84,88,27,LOW
97,97,100,30,LOW
89,90,94,25,LOW
79,66,64,19,MEDIUM
89,89,96,28,LOW
88,85,92,27,LOW
96,97,100,29,LOW
94,97,100,28,LOW
87,85,93,26,LOW
88,91,80,26,LOW
87,93,91,26,LOW
77,84,77,24,MEDIUM
79,73,74,22,MEDIUM
86,82,88,24,LOW
76,73,70,19,MEDIUM
89,94,87,28,LOW
77,73,69,22,MEDIUM
95,98,92,27,LOW
94,94,100,28,LOW
82,92,95,27,LOW
47,49,52,14,HIGH
60,51,62,17,HIGH
87,94,82,27,LOW
43,45,47,14,HIGH
90,87,93,27,LOW
91,83,88,27,LOW
73,67,73,21,MEDIUM
95,88,97,30,LOW
95,99,99,29,LOW
72,74,72,21,MEDIUM
91,94,87,29,LOW
81,69,68,20,MEDIUM
95,76,97,26,LOW
82,88,89,25,LOW
93,86,93,29,LOW
97,100,95,28,LOW
84,86,75,24,MEDIUM
84,87,78,26,LOW
40,31,36,10,HIGH
89,77,85,25,LOW
57,59,65,20,HIGH
67,70,70,21,MEDIUM
89,89,100,28,LOW
87,81,84,23,LOW
40,33,39,11,HIGH
97,94,95,26,LOW
86,86,79,25,LOW
96,95,93,29,LOW
94,84,100,30,LOW
71,75,75,22,MEDIUM
71,79,80,22,MEDIUM
47,59,56,16,HIGH
67,60,65,18,MEDIUM
100,100,100,30,LOW
87,88,88,26,LOW
94,83,80,26,LOW
80,83,68,21,MEDIUM
89,80,96,27,LOW
77,70,72,17,MEDIUM
84,84,78,23,MEDIUM
69,70,68,21,MEDIUM
87,87,78,25,LOW
66,67,76,21,MEDIUM
81,74,79,24,MEDIUM
81,71,70,19,MEDIUM
92,100,95,28,LOW
75,79,83,21,MEDIUM
87,90,95,26,LOW
95,85,93,29,LOW
54,50,45,14,HIGH
68,77,77,21,MEDIUM
83,78,83,25,LOW
52,55,54,18,HIGH
49,49,49,12,HIGH
81,90,80,25,LOW
56,55,48,16,HIGH
90,93,79,26,LOW
57,55,52,15,HIGH
79,92,85,25,LOW
74,67,58,19,MEDIUM
91,83,87,26,LOW
48,48,43,14,HIGH
55,53,50,17,HIGH
88,91,87,26,LOW
75,79,76,23,MEDIUM
89,87,88,28,LOW
94,39,48,16,HIGH
94,93,100,30,LOW
48,48,48,14,HIGH
83,85,84,26,LOW
69,69,66,19,MEDIUM
90,93,85,28,LOW
45,39,46,13,HIGH
49,48,57,15,HIGH
98,92,89,26,LOW
95,95,100,30,LOW
46,47,35,15,HIGH
92,90,90,27,LOW
51,50,47,14,HIGH
56,61,64,17,HIGH
68,71,63,21,MEDIUM
55,59,48,18,HIGH
83,84,78,26,LOW
56,47,60,14,HIGH
94,91,93,28,LOW
98,95,96,28,LOW
93,88,100,29,LOW
88,95,95,24,LOW
64,63,68,19,MEDIUM
54,59,59,16,HIGH
92,95,95,26,LOW
45,48,39,13,HIGH
87,95,91,26,LOW
52,53,53,17,HIGH
75,80,79,22,MEDIUM
90,100,98,26,LOW
96,98,100,27,LOW
79,72,81,25,MEDIUM
96,99,100,30,LOW
76,75,92,23,MEDIUM
66,75,73,22,MEDIUM
91,89,89,26,LOW
74,69,72,23,MEDIUM
71,69,67,20,MEDIUM
69,72,71,21,MEDIUM
92,84,83,28,LOW
86,90,98,27,LOW
80,73,68,20,MEDIUM
73,61,71,20,MEDIUM
78,64,76,19,MEDIUM
85,71,79,24,MEDIUM
88,86,82,27,LOW
93,89,79,27,LOW
81,61,69,18,MEDIUM
64,64,75,22,MEDIUM
90,85,93,27,LOW
84,80,93,25,LOW
76,63,65,24,MEDIUM
48,53,60,16,HIGH
79,81,79,24,MEDIUM
60,70,66,20,MEDIUM
89,86,85,25,LOW
64,70,64,22,MEDIUM
74,80,78,23,MEDIUM
91,92,88,28,LOW
73,64,72,21,MEDIUM
82,78,79,23,MEDIUM
84,79,96,25,LOW
91,94,92,27,LOW
76,82,90,24,MEDIUM
94,92,94,28,LOW
98,85,95,29,LOW
100,97,87,28,LOW
83,97,96,26,LOW
88,71,86,26,LOW
99,94,100,30,LOW
82,76,72,23,MEDIUM
91,93,92,27,LOW
70,74,74,21,MEDIUM
51,46,41,15,HIGH
89,94,99,28,LOW
92,91,88,27,LOW
54,52,53,15,HIGH
75,80,83,26,MEDIUM
97,81,90,27,LOW
85,89,90,25,LOW
68,59,61,20,MEDIUM
83,88,99,26,LOW
48,48,53,13,HIGH
53,56,53,15,HIGH
100,93,83,28,LOW
76,78,71,23,MEDIUM
83,87,78,26,LOW
76,69,67,22,MEDIUM
81,74,70,23,MEDIUM
70,73,65,20,MEDIUM
79,73,68,22,MEDIUM
71,68,75,22,MEDIUM
83,81,83,25,LOW
40,34,47,10,HIGH
71,85,80,24,MEDIUM
48,55,43,13,HIGH
87,83,82,25,LOW
93,92,89,28,LOW
86,83,85,26,LOW
90,99,95,30,LOW
84,82,94,26,LOW
88,90,87,28,LOW
96,47,52,15,MEDIUM
81,88,83,27,LOW
96,96,96,27,LOW
93,100,97,27,LOW
79,69,75,25,MEDIUM
95,90,100,29,LOW
80,84,83,25,LOW
78,71,69,22,MEDIUM
83,70,65,17,MEDIUM
76,76,83,24,MEDIUM
77,71,77,21,MEDIUM
83,78,80,25,MEDIUM
79,71,73,24,MEDIUM
40,35,51,13,HIGH
55,63,58,17,HIGH
92,88,91,26,LOW
79,72,72,21,MEDIUM
62,73,73,22,MEDIUM
73,74,77,22,MEDIUM
77,85,81,24,MEDIUM
44,43,44,14,HIGH
84,88,80,24,LOW
91,82,90,26,LOW
86,80,73,25,MEDIUM
57,66,68,22,MEDIUM
46,44,51,16,HIGH
86,72,72,22,MEDIUM
97,89,99,27,LOW
91,96,86,28,LOW
47,45,48,14,HIGH
91,88,96,26,LOW
81,69,64,18,MEDIUM
80,80,61,24,MEDIUM
74,69,81,24,MEDIUM
77,63,86,23,MEDIUM
81,70,76,23,MEDIUM
77,68,70,21,MEDIUM
55,54,53,14,HIGH
55,44,56,15,HIGH
89,91,99,26,LOW
72,67,79,21,MEDIUM
83,70,86,25,MEDIUM
50,55,49,14,HIGH
65,57,59,17,HIGH
78,74,73,21,MEDIUM
51,55,41,16,HIGH
69,74,63,22,MEDIUM
95,100,100,30,LOW
84,63,70,18,MEDIUM
69,69,69,21,MEDIUM
91,90,97,26,LOW
89,78,81,24,LOW
69,71,67,21,MEDIUM
88,82,85,25,LOW
81,63,72,21,MEDIUM
97,99,82,26,LOW
78,68,71,23,MEDIUM
85,81,86,26,LOW
100,91,94,30,LOW
55,48,38,12,HIGH
82,65,73,23,MEDIUM
94,95,91,25,LOW
65,48,63,15,HIGH
80,66,65,23,MEDIUM
46,49,42,14,HIGH
54,48,56,16,HIGH
74,74,66,22,MEDIUM
88,79,90,25,LOW
48,48,41,15,HIGH
80,74,77,24,MEDIUM
48,50,49,13,HIGH
100,98,99,28,LOW
67,73,67,20,MEDIUM
86,96,87,24,LOW
84,75,81,25,MEDIUM
44,40,50,12,HIGH
93,88,82,24,LOW
63,64,67,22,MEDIUM
57,48,51,17,HIGH
40,34,36,10,HIGH
91,99,94,27,LOW
75,76,68,21,MEDIUM
67,68,73,21,MEDIUM
68,75,70,22,MEDIUM
50,48,43,14,HIGH
53,67,52,17,HIGH
89,83,75,27,LOW
58,88,84,28,MEDIUM
92,100,89,27,LOW
45,49,49,15,HIGH
81,76,74,25,MEDIUM
50,46,48,15,HIGH
79,59,67,20,MEDIUM
74,74,74,24,MEDIUM
50,56,53,17,HIGH
87,87,85,26,LOW
85,84,80,25,LOW
96,92,99,27,LOW
96,49,57,15,MEDIUM
79,71,90,23,MEDIUM
87,86,91,28,LOW
79,89,90,26,LOW
57,63,53,16,HIGH
82,84,85,22,MEDIUM
89,80,95,25,LOW
90,94,96,29,LOW
88,100,96,29,LOW
80,77,77,23,MEDIUM
67,71,85,23,MEDIUM
76,71,74,24,MEDIUM
88,94,99,28,LOW
94,82,100,25,LOW
77,65,66,24,MEDIUM
90,83,87,27,LOW
94,95,98,27,LOW
84,85,85,26,LOW
92,100,93,30,LOW
86,93,89,27,LOW
76,74,77,23,MEDIUM
78,67,76,25,MEDIUM
81,87,88,26,LOW
97,83,87,29,LOW
68,72,76,22,MEDIUM
74,70,73,22,MEDIUM
70,68,73,22,MEDIUM
91,95,99,27,LOW
87,95,99,29,LOW
62,69,65,22,MEDIUM
82,81,85,25,LOW
100,97,100,30,LOW
81,87,87,27,LOW
90,93,90,27,LOW
61,62,65,20,MEDIUM
92,96,93,29,LOW
100,93,93,29,LOW
76,80,72,23,MEDIUM
40,43,37,13,HIGH
67,74,74,21,MEDIUM
84,87,92,27,LOW
91,98,87,28,LOW
88,90,94,27,LOW
48,43,53,16,HIGH
85,78,88,28,LOW
77,74,61,21,MEDIUM
68,66,80,23,MEDIUM
64,73,78,21,MEDIUM
40,36,44,11,HIGH
71,76,76,23,MEDIUM
55,52,55,19,HIGH
90,87,88,28,LOW
83,88,88,26,LOW
94,98,100,27,LOW
82,77,88,26,LOW
67,77,83,19,MEDIUM
78,77,75,25,MEDIUM
93,91,91,27,LOW
66,85,66,21,MEDIUM
96,89,100,26,LOW
42,46,46,15,HIGH
60,53,60,17,HIGH
90,93,100,27,LOW
67,71,74,21,MEDIUM
69,77,69,20,MEDIUM
89,86,97,28,LOW
53,54,57,17,HIGH
64,73,60,21,MEDIUM
52,46,66,15,HIGH
68,73,68,22,MEDIUM
71,71,68,22,MEDIUM
40,50,38,11,HIGH
49,51,50,17,HIGH
70,77,77,22,MEDIUM
45,41,52,13,HIGH
96,47,51,15,MEDIUM
79,75,72,21,MEDIUM
92,100,82,26,LOW
79,94,78,27,LOW
82,92,87,25,LOW
82,69,68,20,MEDIUM
90,96,83,27,LOW
73,81,78,23,MEDIUM
44,38,43,13,HIGH
98,95,100,27,LOW
94,90,95,27,LOW
93,96,85,27,LOW
76,70,76,21,MEDIUM
90,79,87,26,LOW
92,95,96,28,LOW
98,47,45,15,MEDIUM
95,95,100,29,LOW
63,74,68,19,MEDIUM
64,71,64,20,MEDIUM
92,93,89,26,LOW
62,76,68,20,MEDIUM
75,63,73,23,MEDIUM
96,92,94,28,LOW
74,80,77,22,MEDIUM
86,86,91,25,LOW
94,84,88,24,LOW
74,63,61,20,MEDIUM
54,58,49,14,HIGH
58,53,50,17,HIGH
79,80,73,23,MEDIUM
72,80,77,20,MEDIUM
77,65,76,24,MEDIUM
57,60,58,16,HIGH
81,63,64,18,MEDIUM
56,58,57,17,HIGH
90,94,91,28,LOW
64,72,72,21,MEDIUM
57,55,56,16,HIGH
84,89,90,28,LOW
52,51,42,14,HIGH
96,91,88,28,LOW
92,87,96,27,LOW
71,70,80,22,MEDIUM
78,68,67,21,MEDIUM
86,79,86,23,MEDIUM
100,100,87,29,LOW
41,46,46,15,HIGH
84,83,96,25,LOW
85,77,85,23,MEDIUM
78,80,75,25,MEDIUM
93,93,96,28,LOW
43,42,51,13,HIGH
94,98,93,29,LOW
71,76,77,22,MEDIUM
82,84,80,26,LOW
90,85,91,27,LOW
85,84,86,27,LOW
76,74,85,24,MEDIUM
94,80,88,25,LOW
43,45,47,12,HIGH
84,69,80,24,MEDIUM
45,42,42,12,HIGH
69,85,96,27,LOW
88,80,85,24,LOW
90,91,90,28,LOW
83,84,87,26,LOW
57,54,58,19,HIGH
85,61,73,20,MEDIUM
74,67,70,22,MEDIUM
96,75,97,26,LOW
59,52,45,13,HIGH
40,50,40,13,HIGH
93,91,91,26,LOW
93,86,98,26,LOW
80,71,70,19,MEDIUM
75,74,83,24,MEDIUM
89,84,88,27,LOW
70,71,74,20,MEDIUM
92,90,90,27,LOW
82,67,69,19,MEDIUM
100,97,95,30,LOW
51,60,61,16,HIGH
77,69,66,20,MEDIUM
67,66,59,20,MEDIUM
43,40,52,15,HIGH
91,100,88,29,LOW
67,69,72,22,MEDIUM
53,56,52,16,HIGH
63,65,57,21,MEDIUM
41,42,36,13,HIGH
80,82,79,24,MEDIUM
56,59,62,17,HIGH
68,69,69,21,MEDIUM
77,83,92,26,LOW
87,82,80,25,LOW
75,72,75,24,MEDIUM
92,100,88,29,LOW
40,40,36,11,HIGH
68,72,79,21,MEDIUM
75,69,71,20,MEDIUM
91,94,91,28,LOW
93,98,86,26,LOW
68,73,58,20,MEDIUM
95,86,100,28,LOW
73,71,73,23,MEDIUM
61,52,67,18,HIGH
82,87,82,26,LOW
93,88,99,27,LOW
97,100,97,29,LOW
70,72,72,21,MEDIUM
81,75,87,23,MEDIUM
69,75,82,22,MEDIUM
73,68,64,21,MEDIUM
77,78,76,21,MEDIUM
48,57,59,17,HIGH
71,73,68,21,MEDIUM
84,73,85,26,LOW
57,56,60,18,HIGH
77,69,70,22,MEDIUM
90,92,100,26,LOW
51,48,50,15,HIGH
59,59,68,17,HIGH
92,89,95,28,LOW
92,94,90,28,LOW
87,85,100,25,LOW
83,86,82,25,LOW
70,61,73,22,MEDIUM
71,79,70,22,MEDIUM
68,81,67,21,MEDIUM
60,64,65,20,MEDIUM
50,49,42,15,HIGH
75,62,68,19,MEDIUM
90,87,100,26,LOW
77,68,75,22,MEDIUM
82,92,78,27,LOW
75,80,91,25,MEDIUM
80,73,69,21,MEDIUM
65,72,69,22,MEDIUM
90,84,89,27,LOW
90,87,91,27,LOW
55,47,47,16,HIGH
49,51,52,14,HIGH
79,80,78,22,MEDIUM
42,45,43,17,HIGH
80,76,70,23,MEDIUM
83,75,69,22,MEDIUM
96,88,84,26,LOW
46,38,40,12,HIGH
93,78,97,27,LOW
75,75,74,21,MEDIUM
82,93,85,24,LOW
89,85,92,26,LOW
77,74,73,21,MEDIUM
81,75,77,25,MEDIUM
82,71,67,21,MEDIUM
67,64,67,18,MEDIUM
97,90,90,29,LOW
97,87,89,25,LOW
91,91,95,27,LOW
90,87,89,28,LOW
81,95,87,24,LOW
98,93,93,28,LOW
89,90,93,28,LOW
98,79,97,29,LOW
40,36,41,12,HIGH
76,73,74,22,MEDIUM
83,88,76,25,LOW
77,67,78,23,MEDIUM
78,84,79,25,MEDIUM
77,86,68,23,MEDIUM
79,75,82,21,MEDIUM
79,72,69,19,MEDIUM
100,97,94,30,LOW
52,52,53,14,HIGH
78,81,79,23,MEDIUM
97,94,97,27,LOW
82,89,86,26,LOW
57,50,58,13,HIGH
93,83,92,28,LOW
63,67,61,19,MEDIUM
75,69,78,22,MEDIUM
94,98,100,30,LOW
92,85,91,27,LOW
65,53,66,17,HIGH
96,98,100,28,LOW
50,55,48,12,HIGH
53,60,55,16,HIGH
92,81,77,27,LOW
86,99,91,26,LOW
84,82,88,24,LOW
94,95,97,30,LOW
51,52,54,14,HIGH
54,51,52,15,HIGH
84,92,87,26,LOW
86,86,81,24,LOW
92,89,95,25,LOW
56,51,58,16,HIGH
69,73,75,19,MEDIUM
74,77,83,22,MEDIUM
55,58,45,16,HIGH
47,45,58,16,HIGH
87,84,80,27,LOW
64,70,76,21,MEDIUM
43,47,44,14,HIGH
72,64,77,20,MEDIUM
60,63,67,19,MEDIUM
100,94,100,26,LOW
93,87,100,27,LOW
59,67,55,17,HIGH
90,94,91,27,LOW
50,54,57,15,HIGH
81,76,85,27,LOW
83,69,69,20,MEDIUM
71,73,67,21,MEDIUM
86,91,88,26,LOW
93,89,96,29,LOW
73,64,71,20,MEDIUM
99,90,84,28,LOW
44,44,43,13,HIGH
95,88,94,27,LOW
88,94,91,27,LOW
79,69,68,21,MEDIUM
40,40,35,11,HIGH
81,75,80,22,MEDIUM
48,49,52,13,HIGH
94,47,46,15,HIGH
40,37,39,12,HIGH
66,61,54,20,MEDIUM
95,87,90,28,LOW
78,74,68,22,MEDIUM
76,77,76,21,MEDIUM
44,54,51,17,HIGH
61,63,55,17,HIGH
78,62,72,20,MEDIUM
91,84,95,26,LOW
81,85,81,27,LOW
91,98,93,28,LOW
93,90,100,27,LOW
65,64,68,20,MEDIUM
89,98,92,27,LOW
74,73,92,25,MEDIUM
58,55,55,16,HIGH
55,55,59,18,HIGH
57,53,60,17,HIGH
96,100,100,28,LOW
78,75,66,19,MEDIUM
89,90,90,28,LOW
77,75,64,21,MEDIUM
61,67,62,18,MEDIUM
96,99,94,28,LOW
42,38,47,14,HIGH
86,78,86,25,LOW
76,68,92,23,MEDIUM
53,59,43,15,HIGH
86,74,91,25,LOW
96,84,92,26,LOW
92,88,89,27,LOW
83,86,83,25,LOW
40,40,33,10,HIGH
40,38,34,13,HIGH
60,63,74,21,MEDIUM
85,94,94,27,LOW
92,88,90,27,LOW
78,66,69,21,MEDIUM
80,70,68,19,MEDIUM
89,89,94,28,LOW
75,75,80,24,MEDIUM
93,87,92,27,LOW
88,92,89,28,LOW
58,60,65,19,HIGH
85,89,97,26,LOW
75,74,73,21,MEDIUM
92,95,74,25,LOW
74,72,75,22,MEDIUM
79,88,78,27,LOW
48,41,45,13,HIGH
100,95,95,28,LOW
42,43,46,15,HIGH
43,49,53,14,HIGH
100,95,92,28,LOW
56,56,50,15,HIGH
50,57,51,16,HIGH
51,51,51,15,HIGH
54,38,54,15,HIGH
89,96,97,28,LOW
69,66,78,19,MEDIUM
100,93,100,28,LOW
67,71,73,22,MEDIUM
40,35,38,9,HIGH
87,82,88,27,LOW
100,90,100,30,LOW
94,91,87,25,LOW
91,96,97,29,LOW
98,99,100,30,LOW
65,71,71,23,MEDIUM
98,88,100,28,LOW
83,80,83,25,LOW
88,95,89,29,LOW
81,84,84,26,LOW
87,81,82,25,LOW
77,84,72,23,MEDIUM
90,85,96,28,LOW
99,96,89,27,LOW
86,94,91,26,LOW
72,68,66,22,MEDIUM
43,53,51,17,HIGH
87,85,86,27,LOW
66,66,74,22,MEDIUM
100,89,96,29,LOW
48,47,51,11,HIGH
86,80,81,25,LOW
58,91,88,26,MEDIUM
80,68,60,19,MEDIUM
96,93,92,26,LOW
57,53,61,17,HIGH
95,85,92,27,LOW
73,75,75,21,MEDIUM
85,82,83,25,LOW
43,57,48,15,HIGH
100,94,99,27,LOW
58,57,58,16,HIGH
93,92,94,30,LOW
61,64,74,19,MEDIUM
85,92,93,26,LOW
52,41,50,14,HIGH
80,94,89,27,LOW
88,89,75,28,LOW
52,62,52,15,HIGH
68,81,70,20,MEDIUM
79,72,66,20,MEDIUM
46,46,45,14,HIGH
67,64,73,21,MEDIUM
88,100,100,29,LOW
66,62,71,19,MEDIUM
48,56,48,16,HIGH
79,88,76,25,MEDIUM
73,73,77,23,MEDIUM
73,83,87,23,MEDIUM
60,58,66,17,HIGH
77,72,78,23,MEDIUM
89,97,89,28,LOW
100,100,100,30,LOW
79,68,69,17,MEDIUM
78,67,74,22,MEDIUM
42,44,49,14,HIGH
66,52,55,17,HIGH
78,83,82,26,LOW
54,62,61,16,HIGH
87,84,90,25,LOW
99,92,95,30,LOW
99,98,96,27,LOW
85,80,87,26,LOW
78,79,83,22,MEDIUM
86,86,86,27,LOW
76,77,76,21,MEDIUM
96,92,97,28,LOW
65,63,67,19,MEDIUM
81,90,82,25,LOW
82,78,75,23,MEDIUM
76,77,70,22,MEDIUM
88,95,87,25,LOW
86,88,93,27,LOW
68,72,82,20,MEDIUM
49,44,46,11,HIGH
87,73,75,24,MEDIUM
73,71,74,21,MEDIUM
70,77,77,24,MEDIUM
67,71,74,21,MEDIUM
88,87,84,26,LOW
98,86,90,29,LOW
89,93,80,28,LOW
83,90,90,28,LOW
48,48,44,15,HIGH
58,55,50,16,HIGH
89,85,97,28,LOW
75,85,74,22,MEDIUM
67,73,71,21,MEDIUM
40,49,36,13,HIGH
79,73,67,20,MEDIUM
57,49,47,15,HIGH
67,68,69,21,MEDIUM
82,63,66,18,MEDIUM
100,100,98,29,LOW
42,40,52,13,HIGH
92,98,92,27,LOW
85,91,81,26,LOW
81,75,71,20,MEDIUM
85,88,90,27,LOW
82,63,71,23,MEDIUM
80,91,98,26,LOW
93,97,87,28,LOW
91,97,96,28,LOW
93,88,88,28,LOW
89,82,98,25,LOW
91,84,86,27,LOW
83,85,79,23,MEDIUM
83,89,92,26,LOW
83,69,70,23,MEDIUM
87,93,93,28,LOW
83,71,64,22,MEDIUM
87,86,81,26,LOW
95,100,97,29,LOW
86,95,94,27,LOW
88,88,99,27,LOW
82,81,80,25,MEDIUM
95,99,94,29,LOW
96,97,89,27,LOW
46,57,44,13,HIGH
82,88,83,23,MEDIUM
85,97,83,25,LOW
88,91,100,27,LOW
93,84,86,27,LOW
74,76,78,23,MEDIUM
79,93,83,26,LOW
95,97,94,28,LOW
80,66,66,18,MEDIUM
95,88,100,28,LOW
77,67,67,20,MEDIUM
79,65,62,19,MEDIUM
82,72,71,17,MEDIUM
56,56,53,17,HIGH
94,88,89,25,LOW
96,93,95,28,LOW
85,90,97,25,LOW
93,95,94,27,LOW
79,60,74,21,MEDIUM
79,73,71,22,MEDIUM
68,75,62,19,MEDIUM
48,52,56,17,HIGH
67,79,69,21,MEDIUM
41,37,33,10,HIGH
65,67,59,21,MEDIUM
86,94,93,27,LOW
65,65,60,19,MEDIUM
94,90,94,27,LOW
86,83,90,26,LOW
54,53,46,17,HIGH
65,68,66,20,MEDIUM
84,86,87,28,LOW
86,81,86,25,LOW
87,77,80,25,LOW
74,63,74,22,MEDIUM
49,48,45,13,HIGH
79,68,72,21,MEDIUM
89,85,84,27,LOW
58,56,52,19,HIGH
93,93,81,27,LOW
83,86,94,25,LOW
62,75,67,22,MEDIUM
60,50,56,17,HIGH
48,51,44,12,HIGH
67,60,65,21,MEDIUM
89,87,92,26,LOW
83,92,85,25,LOW
79,75,82,23,MEDIUM
84,89,84,25,LOW
71,59,70,25,MEDIUM
79,74,68,19,MEDIUM
82,85,94,28,LOW
85,86,88,25,LOW
88,92,92,26,LOW
70,77,79,23,MEDIUM
70,74,72,21,MEDIUM
86,86,100,28,LOW
81,75,86,24,MEDIUM
74,78,68,21,MEDIUM
74,83,78,23,MEDIUM
71,75,72,23,MEDIUM
76,70,71,20,MEDIUM
54,56,58,17,HIGH
88,100,92,29,LOW
91,92,83,28,LOW
75,73,74,21,MEDIUM
91,95,87,27,LOW
73,68,72,22,MEDIUM
91,98,89,27,LOW
88,88,97,25,LOW
63,68,69,18,MEDIUM
61,73,69,20,MEDIUM
95,94,88,27,LOW
81,68,66,17,MEDIUM
74,84,82,24,MEDIUM
77,62,67,21,MEDIUM
88,94,98,28,LOW
66,56,73,22,MEDIUM
78,69,76,22,MEDIUM
67,67,73,20,MEDIUM
82,62,75,20,MEDIUM
78,62,70,21,MEDIUM
91,91,89,25,LOW
68,73,64,21,MEDIUM
85,91,93,30,LOW
62,69,64,19,MEDIUM
86,93,94,25,LOW
93,90,91,26,LOW
74,77,82,22,MEDIUM
90,93,84,28,LOW
72,79,84,23,MEDIUM
74,61,62,21,MEDIUM
90,86,89,26,LOW
72,72,75,22,MEDIUM
80,71,64,23,MEDIUM
91,86,87,26,LOW
79,76,70,15,MEDIUM
51,58,62,18,HIGH
83,85,93,27,LOW
79,91,75,27,LOW
51,54,41,16,HIGH
88,87,95,28,LOW
84,77,79,24,MEDIUM
93,94,93,29,LOW
95,98,100,30,LOW
80,79,87,27,LOW
99,99,95,29,LOW
52,47,48,14,HIGH
48,48,50,16,HIGH
88,85,86,26,LOW
50,57,45,13,HIGH
98,99,100,29,LOW
86,87,81,26,LOW
95,98,91,28,LOW
90,99,88,30,LOW
66,58,70,20,MEDIUM
47,46,50,16,HIGH
84,92,93,26,LOW
83,89,91,26,LOW
90,90,91,27,LOW
90,94,91,26,LOW
79,63,73,16,MEDIUM
62,91,88,27,MEDIUM
83,99,89,27,LOW
100,100,100,29,LOW
80,83,94,27,LOW
87,76,93,26,LOW
92,84,88,26,LOW
95,97,100,30,LOW
83,89,84,28,LOW
92,96,94,28,LOW
72,77,72,22,MEDIUM
96,96,92,28,LOW
94,85,90,28,LOW
76,75,72,21,MEDIUM
96,90,99,26,LOW
87,84,86,27,LOW
78,80,87,24,MEDIUM
95,93,97,26,LOW
74,67,78,20,MEDIUM
87,93,100,27,LOW
77,73,93,25,MEDIUM
63,73,73,20,MEDIUM
58,85,87,27,MEDIUM
58,68,64,19,MEDIUM
97,87,89,28,LOW
59,61,59,16,HIGH
64,60,72,19,MEDIUM
83,75,81,24,MEDIUM
85,83,81,25,LOW
92,97,100,28,LOW
87,88,90,27,LOW
88,96,86,28,LOW
94,89,91,29,LOW
53,49,63,19,HIGH
85,95,83,27,LOW
73,61,67,20,MEDIUM
60,68,70,19,MEDIUM
89,87,87,25,LOW
93,100,94,28,LOW
69,64,70,20,MEDIUM
100,99,90,29,LOW
79,65,73,19,MEDIUM
92,97,92,26,LOW
70,69,78,19,MEDIUM
69,85,83,25,MEDIUM
78,69,68,20,MEDIUM
79,83,86,25,LOW
97,89,91,28,LOW
92,82,93,27,LOW
56,65,55,17,HIGH
62,73,72,21,MEDIUM
69,71,76,21,MEDIUM
90,83,84,23,LOW
41,34,43,13,HIGH
78,89,89,24,LOW
53,68,60,16,HIGH
91,92,93,29,LOW
81,86,85,24,LOW
65,56,50,17,HIGH
91,85,90,27,LOW
79,83,86,25,LOW
47,41,49,15,HIGH
95,100,90,30,LOW
90,93,93,27,LOW
79,77,82,22,MEDIUM
49,58,58,18,HIGH
44,50,49,11,HIGH
74,76,73,21,MEDIUM
100,92,92,29,LOW
99,88,96,26,LOW
94,84,92,26,LOW
69,65,77,20,MEDIUM
90,94,100,27,LOW
72,75,67,23,MEDIUM
70,66,71,22,MEDIUM
82,77,84,24,MEDIUM
82,74,72,19,MEDIUM
83,83,85,25,LOW
81,71,68,19,MEDIUM
43,49,44,12,HIGH
84,89,82,27,LOW
90,82,92,25,LOW
67,74,63,20,MEDIUM
42,37,46,12,HIGH
76,71,70,22,MEDIUM
85,90,100,26,LOW
89,100,84,28,LOW
94,88,89,26,LOW
98,93,92,26,LOW
85,88,88,26,LOW
61,68,64,21,MEDIUM
82,63,71,19,MEDIUM
55,62,54,17,HIGH
100,90,95,29,LOW
82,71,60,23,MEDIUM
93,99,89,27,LOW
41,39,39,11,HIGH
90,87,91,25,LOW
67,67,74,22,MEDIUM
50,53,52,16,HIGH
75,74,79,23,MEDIUM
84,93,83,27,LOW
84,64,63,21,MEDIUM
90,86,83,26,LOW
90,85,87,26,LOW
78,70,73,22,MEDIUM
72,76,75,24,MEDIUM
77,79,76,24,MEDIUM
61,58,60,20,HIGH
95,92,80,27,LOW
70,68,71,21,MEDIUM
66,68,70,20,MEDIUM
80,66,68,22,MEDIUM
96,100,96,28,LOW
75,72,67,21,MEDIUM
90,91,84,27,LOW
51,47,50,15,HIGH
90,81,98,26,LOW
97,84,87,27,LOW
90,88,93,25,LOW
73,74,62,19,MEDIUM
78,66,72,23,MEDIUM
91,80,89,25,LOW
82,69,62,18,MEDIUM
85,88,86,27,LOW
95,91,83,28,LOW
86,85,79,26,LOW
76,73,71,23,MEDIUM
79,80,85,27,LOW
99,92,100,28,LOW
64,68,73,21,MEDIUM
73,70,81,21,MEDIUM
100,90,88,29,LOW
76,79,73,22,MEDIUM
78,72,77,23,MEDIUM
99,89,90,28,LOW
84,84,78,24,MEDIUM
75,67,71,21,MEDIUM
96,89,86,28,LOW
86,87,80,25,LOW
56,44,53,15,HIGH
41,53,44,14,HIGH
90,80,87,27,LOW
74,77,87,25,MEDIUM
57,67,55,16,HIGH
80,75,76,23,MEDIUM
69,71,65,20,MEDIUM
80,86,91,24,LOW
78,84,76,24,MEDIUM
83,63,61,22,MEDIUM
89,84,91,26,LOW
68,65,60,20,MEDIUM
69,55,67,21,MEDIUM
60,64,47,16,HIGH
77,77,72,22,MEDIUM
97,91,84,25,LOW
78,67,68,22,MEDIUM
94,94,90,26,LOW
46,42,38,13,HIGH
81,74,71,21,MEDIUM
74,70,63,23,MEDIUM
49,49,53,16,HIGH
72,84,74,23,MEDIUM
69,79,72,20,MEDIUM
83,88,84,23,LOW
95,53,49,16,MEDIUM
55,53,57,16,HIGH
50,53,51,15,HIGH
86,97,91,30,LOW
92,94,86,27,LOW
91,84,96,27,LOW
78,74,76,24,MEDIUM
90,84,91,27,LOW
84,86,93,27,LOW
84,82,89,26,LOW
89,95,91,27,LOW
75,76,78,24,MEDIUM
91,84,93,30,LOW
57,59,65,18,HIGH
73,72,82,23,MEDIUM
90,82,90,26,LOW
78,75,62,19,MEDIUM
95,91,96,29,LOW
91,88,92,28,LOW
94,93,97,29,LOW
82,66,66,19,MEDIUM
66,69,72,21,MEDIUM
60,95,89,27,MEDIUM
75,64,70,21,MEDIUM
75,70,68,22,MEDIUM
48,49,45,15,HIGH
77,76,83,24,MEDIUM
72,75,77,22,MEDIUM
88,94,86,28,LOW
92,96,99,27,LOW
49,48,51,18,HIGH
71,54,62,16,HIGH
67,51,69,20,MEDIUM
64,53,56,15,HIGH
86,98,84,26,LOW
73,72,74,22,MEDIUM
77,78,83,23,MEDIUM
66,72,72,19,MEDIUM
40,50,39,14,HIGH
88,94,95,29,LOW
82,68,72,22,MEDIUM
71,66,73,22,MEDIUM
81,86,84,24,LOW
59,68,70,19,MEDIUM
48,49,56,15,HIGH
86,92,92,27,LOW
95,94,100,27,LOW
75,69,77,21,MEDIUM
66,63,73,20,MEDIUM
49,54,56,16,HIGH
82,76,77,25,MEDIUM
49,44,54,12,HIGH
100,97,99,28,LOW
66,56,69,20,MEDIUM
88,95,90,28,LOW
56,57,47,16,HIGH
90,92,100,29,LOW
91,90,91,28,LOW
88,90,100,27,LOW
89,86,87,25,LOW
86,88,89,27,LOW
85,96,85,28,LOW
66,63,55,20,MEDIUM
98,96,92,28,LOW
93,90,88,26,LOW
81,75,61,21,MEDIUM
95,84,90,29,LOW
75,80,72,24,MEDIUM
79,78,81,25,MEDIUM
57,63,57,18,HIGH
94,98,100,29,LOW
94,87,91,29,LOW
69,73,72,21,MEDIUM
77,69,70,23,MEDIUM
46,40,55,15,HIGH
81,94,82,26,LOW
79,78,73,20,MEDIUM
93,98,95,29,LOW
87,85,83,28,LOW
98,90,90,28,LOW
47,46,48,13,HIGH
85,81,85,26,LOW
65,67,65,21,MEDIUM
56,60,62,18,HIGH
83,67,72,20,MEDIUM
53,87,85,25,MEDIUM
71,66,75,19,MEDIUM
79,85,91,24,LOW
90,86,90,26,LOW
81,78,79,24,MEDIUM
87,88,89,25,LOW
70,74,73,22,MEDIUM
91,97,99,27,LOW
96,88,85,27,LOW
91,85,95,25,LOW
94,85,96,28,LOW
56,51,54,16,HIGH
94,85,90,25,LOW
92,91,85,24,LOW
100,96,96,30,LOW
98,99,98,29,LOW
46,49,59,15,HIGH
80,73,81,23,MEDIUM
90,79,77,25,LOW
89,86,89,24,LOW
74,71,66,21,MEDIUM
97,91,97,30,LOW
80,77,66,20,MEDIUM
93,87,100,28,LOW
88,90,89,27,LOW
60,60,68,21,MEDIUM
69,76,67,22,MEDIUM
59,56,52,16,HIGH
71,78,79,21,MEDIUM
72,79,80,21,MEDIUM
74,69,66,22,MEDIUM
100,100,100,30,LOW
61,49,45,14,HIGH
76,67,63,22,MEDIUM
68,70,67,20,MEDIUM
88,89,93,27,LOW
77,89,94,23,LOW
65,75,69,20,MEDIUM
88,95,88,26,LOW
80,88,78,25,LOW
90,98,89,29,LOW
88,84,86,25,LOW
80,82,85,27,LOW
83,88,86,24,LOW
94,88,93,27,LOW
100,100,100,29,LOW
85,92,93,26,LOW
52,49,48,16,HIGH
61,91,90,28,LOW
74,68,62,17,MEDIUM
90,92,97,28,LOW
75,68,78,23,MEDIUM
53,49,55,16,HIGH
76,73,83,21,MEDIUM
88,83,85,27,LOW
81,69,65,20,MEDIUM
76,62,65,20,MEDIUM
88,92,92,27,LOW
83,99,94,27,LOW
86,78,96,28,LOW
60,94,95,27,LOW
65,65,70,19,MEDIUM
40,45,41,12,HIGH
61,51,58,15,HIGH
81,82,88,24,LOW
95,93,95,28,LOW
99,92,93,26,LOW
90,84,94,25,LOW
93,96,100,28,LOW
96,96,96,29,LOW
53,46,50,16,HIGH
57,87,96,28,MEDIUM
44,46,43,12,HIGH
98,100,99,29,LOW
43,44,48,14,HIGH
85,86,91,26,LOW
74,61,65,20,MEDIUM
94,94,92,28,LOW
47,50,48,16,HIGH
83,91,89,25,LOW
95,89,100,29,LOW
91,84,93,27,LOW
69,74,73,21,MEDIUM
88,92,91,28,LOW
93,49,49,14,HIGH
72,61,63,23,MEDIUM
94,92,90,30,LOW
80,64,66,18,MEDIUM
75,74,80,24,MEDIUM
80,82,67,24,MEDIUM
100,100,96,28,LOW
64,66,59,20,MEDIUM
44,42,47,12,HIGH
82,90,86,26,LOW
85,94,86,28,LOW
94,85,90,25,LOW
65,48,61,17,HIGH
49,43,53,18,HIGH
97,91,96,29,LOW
81,85,80,21,MEDIUM
74,77,71,21,MEDIUM
87,85,83,26,LOW
54,53,46,16,HIGH
45,57,51,17,HIGH
72,82,82,23,MEDIUM
86,85,79,26,LOW
92,95,98,29,LOW
89,81,84,26,LOW
90,91,86,25,LOW
88,92,89,27,LOW
71,72,77,23,MEDIUM
77,84,86,26,LOW
77,81,71,23,MEDIUM
80,87,82,24,MEDIUM
86,88,93,25,LOW
99,96,95,28,LOW
85,80,77,24,MEDIUM
91,86,98,28,LOW
73,75,68,22,MEDIUM
79,72,71,19,MEDIUM
70,73,67,22,MEDIUM
54,90,89,26,MEDIUM
49,53,46,16,HIGH
66,61,70,21,MEDIUM
78,64,74,19,MEDIUM
82,77,75,23,MEDIUM
96,96,84,26,LOW
75,74,71,17,MEDIUM
94,100,84,28,LOW
49,46,54,14,HIGH
100,100,100,27,LOW
90,77,91,25,LOW
82,78,85,26,LOW
93,87,99,29,LOW
71,72,77,21,MEDIUM
82,83,87,25,LOW
93,92,84,28,LOW
92,88,100,29,LOW
62,67,74,22,MEDIUM
81,74,71,24,MEDIUM
44,49,44,12,HIGH
84,70,67,20,MEDIUM
67,64,76,19,MEDIUM
76,67,71,21,MEDIUM
66,61,78,20,MEDIUM
82,92,96,27,LOW
86,99,89,27,LOW
52,50,64,17,HIGH
89,92,93,28,LOW
91,82,82,27,LOW
89,100,97,30,LOW
91,100,93,27,LOW
74,79,80,24,MEDIUM
42,59,50,17,HIGH
73,61,71,21,MEDIUM
100,96,95,27,LOW
93,85,97,25,LOW
64,60,68,20,MEDIUM
54,52,56,16,HIGH
89,85,79,26,LOW
91,84,89,26,LOW
86,84,81,26,LOW
90,92,93,27,LOW
74,70,65,19,MEDIUM
57,86,89,27,MEDIUM
84,94,100,26,LOW
84,86,89,26,LOW
68,79,77,21,MEDIUM
98,90,100,27,LOW
67,62,77,21,MEDIUM
77,65,68,23,MEDIUM
42,50,41,13,HIGH
79,67,66,20,MEDIUM
67,61,72,20,MEDIUM
56,70,64,19,MEDIUM
69,72,71,21,MEDIUM
94,84,94,29,LOW
65,68,70,20,MEDIUM
83,65,78,25,MEDIUM
93,99,95,30,LOW
95,42,42,15,HIGH
50,50,64,17,HIGH
64,71,76,23,MEDIUM
97,95,92,29,LOW
81,81,76,25,MEDIUM
79,65,65,23,MEDIUM
95,49,53,14,MEDIUM
74,72,86,25,MEDIUM
94,87,99,28,LOW
77,78,88,23,MEDIUM
74,68,71,21,MEDIUM
62,56,56,18,HIGH
81,66,64,20,MEDIUM
70,65,66,19,MEDIUM
93,85,89,28,LOW
92,50,50,15,MEDIUM
60,63,60,18,HIGH
56,55,55,17,HIGH
95,100,95,29,LOW
66,58,67,20,MEDIUM
50,52,49,16,HIGH
78,84,74,25,MEDIUM
80,72,81,22,MEDIUM
97,94,99,29,LOW
80,66,68,21,MEDIUM
43,36,41,11,HIGH
91,93,85,24,LOW
79,75,70,24,MEDIUM
46,60,58,15,HIGH
85,93,91,27,LOW
93,100,100,28,LOW
89,88,86,26,LOW
91,100,96,29,LOW
100,94,97,29,LOW
86,84,91,25,LOW
80,74,71,16,MEDIUM
79,73,71,23,MEDIUM
40,43,40,10,HIGH
95,87,93,27,LOW
91,79,84,26,LOW
87,85,92,27,LOW
71,67,86,23,MEDIUM
98,100,97,29,LOW
48,35,52,12,HIGH
55,63,52,18,HIGH
88,85,97,27,LOW
86,90,93,28,LOW
94,91,98,28,LOW
85,84,81,24,LOW
61,66,58,18,HIGH
89,83,79,26,LOW
71,80,79,22,MEDIUM
40,35,44,11,HIGH
91,100,94,28,LOW
51,48,42,14,HIGH
93,91,87,28,LOW
94,92,94,28,LOW
85,82,91,27,LOW
87,91,99,28,LOW
49,52,43,15,HIGH
40,33,45,12,HIGH
66,56,65,19,MEDIUM
72,66,74,21,MEDIUM
74,70,60,22,MEDIUM
56,56,56,15,HIGH
77,70,67,20,MEDIUM
92,99,95,25,LOW
95,85,95,27,LOW
88,90,84,28,LOW
73,73,77,23,MEDIUM
69,73,84,22,MEDIUM
81,78,91,26,LOW
77,69,62,17,MEDIUM
86,95,83,27,LOW
89,95,90,28,LOW
55,58,54,16,HIGH
82,88,82,27,LOW
92,89,93,29,LOW
70,59,78,22,MEDIUM
72,63,75,21,MEDIUM
90,85,91,28,LOW
78,89,76,23,MEDIUM
84,83,72,23,MEDIUM
94,85,98,27,LOW
72,80,78,24,MEDIUM
92,86,95,27,LOW
78,82,80,23,MEDIUM
72,81,77,22,MEDIUM
86,89,89,26,LOW
88,74,77,24,MEDIUM
61,92,91,28,LOW
40,50,35,13,HIGH
94,51,43,15,MEDIUM
60,64,64,22,MEDIUM
75,72,72,23,MEDIUM
85,86,89,26,LOW
88,81,86,29,LOW
85,86,99,28,LOW
74,62,75,21,MEDIUM
75,54,65,21,MEDIUM
92,87,94,28,LOW
88,86,92,27,LOW
63,63,66,21,MEDIUM
73,68,71,21,MEDIUM
64,66,68,22,MEDIUM
88,96,88,27,LOW
99,97,93,28,LOW
75,69,83,22,MEDIUM
59,89,88,26,MEDIUM
52,46,48,15,HIGH
80,81,78,23,MEDIUM
80,74,71,20,MEDIUM
54,44,43,14,HIGH
59,51,54,16,HIGH
90,93,97,26,LOW
83,92,92,24,LOW
100,100,93,30,LOW
90,87,93,28,LOW
90,90,82,26,LOW
91,82,84,26,LOW
100,100,100,29,LOW
88,83,76,26,LOW
71,71,74,21,MEDIUM
81,64,69,20,MEDIUM
73,77,75,23,MEDIUM
71,72,73,23,MEDIUM
73,86,75,25,MEDIUM
79,73,74,20,MEDIUM
43,43,39,11,HIGH
75,73,78,22,MEDIUM
91,99,83,27,LOW
78,83,78,25,MEDIUM
74,68,78,22,MEDIUM
81,67,79,21,MEDIUM
72,70,74,22,MEDIUM
88,98,87,28,LOW
94,91,98,29,LOW
78,69,69,19,MEDIUM
92,84,96,26,LOW
48,47,52,14,HIGH
78,78,80,25,MEDIUM
86,95,87,27,LOW
83,77,85,23,MEDIUM
98,98,91,27,LOW
86,85,83,26,LOW
67,71,69,22,MEDIUM
89,93,91,27,LOW
50,50,53,17,HIGH
73,75,76,23,MEDIUM
82,89,85,26,LOW
89,85,97,28,LOW
76,81,79,22,MEDIUM
82,79,73,24,MEDIUM
45,66,50,16,HIGH
93,88,94,28,LOW
83,83,83,25,LOW
94,86,88,25,LOW
57,93,89,28,MEDIUM
68,71,66,21,MEDIUM
95,91,91,28,LOW
76,79,74,23,MEDIUM
81,77,80,24,MEDIUM
53,56,60,17,HIGH
78,83,79,22,MEDIUM
73,74,71,23,MEDIUM
54,53,59,18,HIGH
86,89,85,28,LOW
97,100,100,29,LOW
59,46,50,17,HIGH
68,68,75,21,MEDIUM
79,71,90,24,MEDIUM
51,41,54,15,HIGH
52,60,54,18,HIGH
98,97,100,29,LOW
76,73,74,21,MEDIUM
80,74,77,22,MEDIUM
71,63,75,20,MEDIUM
50,57,48,15,HIGH
97,95,100,29,LOW
84,82,87,25,LOW
89,91,84,28,LOW
58,56,56,21,HIGH
60,88,86,28,MEDIUM
100,95,100,30,LOW
87,91,87,23,LOW
98,96,95,29,LOW
40,49,52,16,HIGH
73,64,69,18,MEDIUM
69,73,79,24,MEDIUM
49,58,56,16,HIGH
78,69,69,18,MEDIUM
87,88,91,24,LOW
71,79,88,23,MEDIUM
98,98,100,29,LOW
72,74,71,23,MEDIUM
66,58,74,19,MEDIUM
86,97,91,27,LOW
90,85,88,27,LOW
51,50,52,15,HIGH
79,80,86,22,MEDIUM
79,90,84,26,LOW
74,84,79,21,MEDIUM
81,69,72,21,MEDIUM
81,85,83,26,LOW
49,62,45,16,HIGH
80,72,65,22,MEDIUM
98,86,97,27,LOW
85,96,93,26,LOW
76,83,80,23,MEDIUM
100,100,95,28,LOW
78,75,90,24,MEDIUM
75,93,89,24,LOW
90,93,91,30,LOW
87,80,74,27,LOW
74,75,76,22,MEDIUM
95,84,98,27,LOW
100,100,99,29,LOW
54,48,56,17,HIGH
74,78,82,24,MEDIUM
71,66,68,23,MEDIUM
82,78,83,23,MEDIUM
91,99,93,29,LOW
79,82,88,25,LOW
96,95,97,28,LOW
74,65,82,22,MEDIUM
80,82,89,24,LOW
78,72,66,22,MEDIUM
40,48,52,15,HIGH
76,63,68,22,MEDIUM
76,74,74,21,MEDIUM
93,89,91,26,LOW
87,85,86,26,LOW
87,88,83,26,LOW
90,89,94,26,LOW
95,90,91,29,LOW
94,99,93,25,LOW
75,81,80,23,MEDIUM
71,61,59,20,MEDIUM
67,60,62,21,MEDIUM
82,81,87,25,LOW
81,78,76,21,MEDIUM
75,65,66,18,MEDIUM
88,74,82,24,MEDIUM
53,57,55,17,HIGH
87,87,90,27,LOW
89,87,100,27,LOW
80,77,82,24,MEDIUM
73,79,69,22,MEDIUM
96,50,52,14,MEDIUM
91,95,93,26,LOW
82,86,87,24,LOW
93,86,90,28,LOW
79,84,83,25,LOW
92,89,94,26,LOW
76,65,66,22,MEDIUM
53,45,52,15,HIGH
87,88,94,25,LOW
88,96,100,27,LOW
78,87,82,24,MEDIUM
58,49,54,17,HIGH
79,61,63,20,MEDIUM
94,88,99,27,LOW
44,48,44,13,HIGH
94,90,91,28,LOW
59,64,51,16,HIGH
82,85,84,26,LOW
96,98,100,30,LOW
94,94,100,26,LOW
64,75,73,20,MEDIUM
84,87,91,27,LOW
80,80,79,25,MEDIUM
97,53,56,14,MEDIUM
93,100,93,29,LOW
54,56,53,17,HIGH
63,57,62,20,MEDIUM
55,53,54,15,HIGH
98,91,93,26,LOW
91,87,91,26,LOW
81,69,85,27,LOW
83,64,71,19,MEDIUM
53,57,55,20,HIGH
76,69,73,18,MEDIUM
71,71,70,21,MEDIUM
63,56,59,16,HIGH
97,41,40,14,HIGH
94,97,94,27,LOW
92,88,87,26,LOW
72,79,66,20,MEDIUM
80,86,89,25,LOW
98,94,92,27,LOW
79,79,72,23,MEDIUM
93,88,100,30,LOW
63,87,89,27,MEDIUM
95,98,87,26,LOW
86,92,78,27,LOW
77,68,80,20,MEDIUM
74,71,73,22,MEDIUM
66,74,84,22,MEDIUM
90,93,90,26,LOW
84,94,87,28,LOW
77,71,67,17,MEDIUM
77,100,88,25,LOW
100,99,100,28,LOW
66,66,65,18,MEDIUM
83,88,94,25,LOW
72,78,80,24,MEDIUM
61,67,61,21,MEDIUM
100,94,95,29,LOW
80,69,63,22,MEDIUM
74,80,91,24,MEDIUM
90,83,81,26,LOW
93,99,94,29,LOW
66,73,70,19,MEDIUM
90,93,95,27,LOW
89,88,92,27,LOW
99,82,96,30,LOW
88,98,88,27,LOW
92,100,98,27,LOW
83,87,87,26,LOW
88,86,100,27,LOW
81,76,65,21,MEDIUM
78,68,68,19,MEDIUM
71,63,72,19,MEDIUM
91,89,93,29,LOW
92,91,91,27,LOW
72,76,66,21,MEDIUM
51,48,62,15,HIGH
62,89,87,27,MEDIUM
72,65,65,22,MEDIUM
92,92,98,27,LOW
98,100,100,29,LOW
52,42,57,15,HIGH
81,86,89,24,LOW
61,95,86,26,MEDIUM
96,89,94,29,LOW
94,84,90,27,LOW
67,67,72,22,MEDIUM
58,48,50,16,HIGH
76,82,81,25,MEDIUM
100,100,100,30,LOW
93,90,100,28,LOW
40,41,36,13,HIGH
83,76,78,22,MEDIUM
87,92,87,25,LOW
89,88,92,27,LOW
88,94,100,26,LOW
61,57,53,15,HIGH
74,78,88,24,MEDIUM
83,70,65,21,MEDIUM
49,63,51,15,HIGH
58,57,76,18,MEDIUM
77,79,89,22,MEDIUM
74,82,76,21,MEDIUM
70,66,69,20,MEDIUM
41,41,41,14,HIGH
88,76,72,24,MEDIUM
66,70,76,23,MEDIUM
86,80,100,27,LOW
58,48,49,15,HIGH
71,81,74,22,MEDIUM
86,94,94,26,LOW
77,87,83,23,MEDIUM
40,51,33,11,HIGH
41,48,52,12,HIGH
45,45,45,14,HIGH
98,98,97,29,LOW
86,84,83,26,LOW
50,49,61,13,HIGH
95,93,99,28,LOW
97,98,100,29,LOW
82,69,66,24,MEDIUM
96,86,96,28,LOW
78,70,84,22,MEDIUM
74,84,79,22,MEDIUM
78,70,79,20,MEDIUM
84,85,82,28,LOW
61,93,88,29,LOW
87,89,86,26,LOW
74,83,82,22,MEDIUM
75,77,73,24,MEDIUM
82,68,72,18,MEDIUM
92,95,92,28,LOW
91,81,77,27,LOW
72,67,66,23,MEDIUM
64,60,60,20,MEDIUM
65,60,74,21,MEDIUM
89,79,85,26,LOW
69,63,65,18,MEDIUM
69,66,56,20,MEDIUM
74,74,77,22,MEDIUM
93,97,92,28,LOW
46,41,50,14,HIGH
61,56,61,16,HIGH
52,49,45,16,HIGH
89,95,89,29,LOW
51,66,61,16,HIGH
51,40,58,14,HIGH
93,96,89,28,LOW
89,97,100,29,LOW
90,100,95,30,LOW
52,58,60,15,HIGH
69,77,81,24,MEDIUM
86,86,85,26,LOW
80,90,94,28,LOW
63,65,61,19,MEDIUM
43,41,47,15,HIGH
72,73,74,23,MEDIUM
53,51,55,16,HIGH
63,65,70,20,MEDIUM
77,69,74,20,MEDIUM
84,83,80,26,LOW
89,87,93,26,LOW
95,92,92,27,LOW
93,88,92,26,LOW
77,71,67,18,MEDIUM
90,89,99,29,LOW
86,92,83,27,LOW
86,91,97,26,LOW
78,78,85,27,LOW
46,55,43,14,HIGH
47,59,50,15,HIGH
58,51,53,17,HIGH
89,83,90,28,LOW
63,90,88,26,MEDIUM
80,70,65,18,MEDIUM
77,82,81,26,MEDIUM
76,71,81,23,MEDIUM
88,100,95,27,LOW
53,51,45,14,HIGH
92,97,98,27,LOW
73,65,75,21,MEDIUM
63,72,70,20,MEDIUM
45,47,43,16,HIGH
94,90,84,29,LOW
77,78,72,21,MEDIUM
93,47,49,15,MEDIUM
52,56,50,13,HIGH
65,74,74,23,MEDIUM
69,71,70,21,MEDIUM
85,76,74,24,MEDIUM
77,82,78,25,MEDIUM
77,76,81,22,MEDIUM
96,99,98,28,LOW
84,72,73,17,MEDIUM
87,94,88,27,LOW
100,100,97,30,LOW
69,66,68,18,MEDIUM
78,67,83,23,MEDIUM
96,90,94,30,LOW
49,53,54,15,HIGH
98,97,90,28,LOW
70,71,61,22,MEDIUM
87,84,84,25,LOW
88,85,86,24,LOW
45,43,38,13,HIGH
68,69,64,21,MEDIUM
56,59,62,17,HIGH
93,94,98,28,LOW
57,49,53,16,HIGH
78,66,69,22,MEDIUM
93,93,99,28,LOW
65,66,61,21,MEDIUM
84,79,86,24,LOW
73,81,88,24,MEDIUM
61,49,64,15,HIGH
75,70,81,23,MEDIUM
91,85,92,25,LOW
50,55,51,15,HIGH
85,80,96,28,LOW
48,56,50,16,HIGH
73,76,71,21,MEDIUM
95,98,95,29,LOW
49,45,48,16,HIGH
77,88,85,25,LOW
87,72,79,25,MEDIUM
70,69,72,22,MEDIUM
91,96,83,26,LOW
45,51,50,16,HIGH
72,86,80,23,MEDIUM
98,100,84,27,LOW
52,42,48,17,HIGH
75,67,81,21,MEDIUM
80,77,69,20,MEDIUM
72,77,70,22,MEDIUM
70,69,78,22,MEDIUM
92,93,91,30,LOW
74,72,73,23,MEDIUM
55,49,60,16,HIGH
87,97,95,26,LOW
81,76,82,25,MEDIUM
81,84,88,27,LOW
84,87,92,27,LOW
68,76,72,23,MEDIUM
89,90,93,27,LOW
51,51,57,14,HIGH
65,76,74,21,MEDIUM
45,40,48,13,HIGH
70,62,71,21,MEDIUM
85,83,87,26,LOW
41,48,48,15,HIGH
87,92,94,27,LOW
79,85,85,25,LOW
95,82,93,27,LOW
100,86,93,28,LOW
65,67,61,21,MEDIUM
94,100,98,29,LOW
89,98,96,30,LOW
85,84,79,25,LOW
95,90,91,28,LOW
59,60,52,15,HIGH
41,40,30,13,HIGH
68,62,60,16,HIGH
49,55,56,16,HIGH
82,66,71,27,MEDIUM
80,61,71,20,MEDIUM
85,89,97,26,LOW
90,82,85,26,LOW
81,65,67,17,MEDIUM
81,86,90,25,LOW
88,93,75,28,LOW
74,72,81,23,MEDIUM
77,66,71,20,MEDIUM
92,94,95,28,LOW
71,72,69,21,MEDIUM
49,47,51,15,HIGH
60,65,57,18,HIGH
93,86,97,28,LOW
74,64,76,22,MEDIUM
72,70,73,21,MEDIUM
89,82,91,25,LOW
80,85,79,26,LOW
89,94,100,28,LOW
74,76,82,24,MEDIUM
44,35,40,15,HIGH
71,82,84,23,MEDIUM
82,80,78,24,MEDIUM
81,68,67,18,MEDIUM
73,80,86,22,MEDIUM
79,72,79,22,MEDIUM
95,91,94,27,LOW
77,78,83,25,MEDIUM
56,68,67,19,MEDIUM
96,92,95,28,LOW
70,67,64,20,MEDIUM
88,89,83,25,LOW
85,87,94,26,LOW
83,76,85,24,MEDIUM
71,82,72,21,MEDIUM
83,69,65,19,MEDIUM
68,69,71,22,MEDIUM
95,94,89,28,LOW
85,80,79,24,MEDIUM
98,100,94,29,LOW
75,79,85,22,MEDIUM
74,71,68,21,MEDIUM
90,93,99,29,LOW
83,82,80,25,LOW
50,44,45,15,HIGH
93,85,88,28,LOW
43,48,51,14,HIGH
70,71,67,21,MEDIUM
87,86,90,25,LOW
78,75,78,25,MEDIUM
97,95,89,28,LOW
93,89,99,27,LOW
81,79,74,23,MEDIUM
72,68,71,22,MEDIUM
90,80,86,28,LOW
71,66,66,19,MEDIUM
90,82,84,26,LOW
93,87,84,26,LOW
91,96,100,29,LOW
97,90,97,29,LOW
79,85,79,26,LOW
71,69,67,23,MEDIUM
68,72,73,23,MEDIUM
70,82,79,22,MEDIUM
56,59,54,15,HIGH
40,34,35,10,HIGH
87,91,79,28,LOW
41,38,46,12,HIGH
91,88,89,27,LOW
96,96,94,28,LOW
97,100,100,29,LOW
92,94,96,27,LOW
73,76,63,20,MEDIUM
90,93,93,28,LOW
80,86,95,27,LOW
70,65,62,19,MEDIUM
80,66,70,21,MEDIUM
83,73,70,19,MEDIUM
80,82,76,23,MEDIUM
80,78,77,23,MEDIUM
76,74,72,20,MEDIUM
45,41,47,14,HIGH
90,88,85,26,LOW
88,85,84,26,LOW
79,75,82,25,MEDIUM
81,59,68,19,MEDIUM
51,54,56,15,HIGH
65,69,75,20,MEDIUM
72,70,74,19,MEDIUM
63,60,64,20,MEDIUM
75,62,72,20,MEDIUM
78,73,76,24,MEDIUM
72,75,82,26,MEDIUM
41,56,47,12,HIGH
72,65,73,21,MEDIUM
64,68,67,19,MEDIUM
94,91,96,28,LOW
42,49,41,14,HIGH
89,82,96,25,LOW
100,100,95,30,LOW
83,72,83,23,MEDIUM
94,49,48,14,HIGH
85,90,93,28,LOW
85,87,88,28,LOW
78,85,76,25,MEDIUM
41,42,48,13,HIGH
94,92,83,25,LOW
99,93,100,27,LOW
84,85,75,26,LOW
54,52,48,17,HIGH
89,87,81,26,LOW
79,74,78,24,MEDIUM
75,80,82,24,MEDIUM
100,93,96,27,LOW
54,65,58,17,HIGH
79,72,73,17,MEDIUM
94,85,94,28,LOW
89,92,91,28,LOW
68,71,80,21,MEDIUM
85,90,98,25,LOW
93,98,90,28,LOW
74,74,82,23,MEDIUM
74,65,61,21,MEDIUM
69,74,67,23,MEDIUM
69,81,70,21,MEDIUM
70,72,68,22,MEDIUM
83,91,95,25,LOW
53,41,51,15,HIGH
96,87,96,27,LOW
70,62,64,20,MEDIUM
48,42,45,13,HIGH
92,96,100,28,LOW
41,38,35,14,HIGH
92,49,45,14,HIGH
80,72,77,23,MEDIUM
40,32,48,13,HIGH
79,76,69,19,MEDIUM
46,48,51,14,HIGH
73,73,66,19,MEDIUM
82,76,71,22,MEDIUM
95,99,86,27,LOW
93,100,98,28,LOW
77,84,82,26,LOW
100,100,99,29,LOW
87,92,89,28,LOW
82,72,68,24,MEDIUM
89,91,100,28,LOW
55,57,60,17,HIGH
77,83,85,27,LOW
75,69,70,20,MEDIUM
53,53,55,16,HIGH
91,95,83,26,LOW
96,49,49,16,MEDIUM
82,84,85,24,LOW
72,79,77,21,MEDIUM
89,98,85,28,LOW
85,78,100,28,LOW
79,75,77,22,MEDIUM
78,72,68,18,MEDIUM
44,49,41,12,HIGH
49,45,50,13,HIGH
98,96,98,30,LOW
40,43,32,10,HIGH
55,67,64,20,MEDIUM
81,71,84,24,MEDIUM
74,75,72,23,MEDIUM
85,92,93,25,LOW
43,46,39,13,HIGH
95,100,100,28,LOW
54,54,53,15,HIGH
42,50,50,17,HIGH
81,73,78,22,MEDIUM
41,44,42,12,HIGH
75,78,86,23,MEDIUM
89,88,95,28,LOW
87,86,95,26,LOW
88,90,80,26,LOW
76,74,68,23,MEDIUM
84,82,84,28,LOW
56,54,56,16,HIGH
92,100,87,26,LOW
60,56,52,14,HIGH
91,85,91,27,LOW
79,79,79,23,MEDIUM
92,89,90,26,LOW
83,85,80,27,LOW
93,92,84,28,LOW
87,85,91,27,LOW
73,68,70,19,MEDIUM
59,65,58,18,HIGH
97,88,95,28,LOW
50,67,53,16,HIGH
83,84,94,27,LOW
61,66,67,21,MEDIUM
86,90,84,27,LOW
75,71,68,21,MEDIUM
71,70,70,20,MEDIUM
94,91,100,27,LOW
80,85,78,24,MEDIUM
80,86,83,25,LOW
74,74,79,23,MEDIUM
80,75,78,19,MEDIUM
75,69,76,19,MEDIUM
48,56,49,18,HIGH
58,57,54,18,HIGH
89,92,94,27,LOW
61,62,52,18,HIGH
92,90,90,27,LOW
47,42,55,14,HIGH
74,70,65,24,MEDIUM
66,72,79,20,MEDIUM
87,95,85,26,LOW
46,53,47,14,HIGH
97,92,91,29,LOW
81,93,100,27,LOW
78,66,65,21,MEDIUM
82,73,65,18,MEDIUM
81,92,81,25,LOW
51,57,68,16,HIGH
90,95,90,28,LOW
91,92,98,27,LOW
87,100,95,28,LOW
78,76,64,22,MEDIUM
81,77,73,23,MEDIUM
63,60,64,21,MEDIUM
62,67,71,20,MEDIUM
83,67,74,25,MEDIUM
61,59,65,17,HIGH
70,77,76,22,MEDIUM
75,66,72,21,MEDIUM
49,48,51,15,HIGH
86,88,87,26,LOW
95,91,95,27,LOW
89,82,87,26,LOW
71,68,78,24,MEDIUM
82,79,79,27,LOW
59,71,72,19,MEDIUM
87,80,90,25,LOW
72,66,66,22,MEDIUM
79,72,70,21,MEDIUM
87,97,85,27,LOW
95,85,96,28,LOW
49,42,53,12,HIGH
58,54,54,18,HIGH
41,45,48,15,HIGH
100,97,96,27,LOW
89,92,93,26,LOW
77,80,78,23,MEDIUM
48,51,40,15,HIGH
49,55,45,16,HIGH
86,87,92,25,LOW
73,69,72,21,MEDIUM
80,78,92,24,LOW
93,92,96,28,LOW
83,67,76,18,MEDIUM
40,42,45,14,HIGH
68,74,84,22,MEDIUM
66,62,58,19,MEDIUM
80,90,76,25,LOW
89,94,85,24,LOW
89,93,92,27,LOW
70,69,60,21,MEDIUM
57,47,53,16,HIGH
87,83,93,27,LOW
99,89,97,26,LOW
100,93,99,28,LOW
72,74,77,24,MEDIUM
93,97,87,28,LOW
89,91,91,27,LOW
57,58,61,16,HIGH
76,73,69,15,MEDIUM
70,78,66,22,MEDIUM
64,62,67,20,MEDIUM
96,83,91,27,LOW
48,36,42,14,HIGH
66,70,71,21,MEDIUM
98,100,100,29,LOW
95,92,86,29,LOW
62,73,63,21,MEDIUM
95,47,49,14,HIGH
94,97,94,28,LOW
96,91,93,29,LOW
96,95,95,28,LOW
81,90,78,22,MEDIUM
87,93,92,27,LOW
81,77,64,16,MEDIUM
98,94,89,26,LOW
87,87,99,28,LOW
69,69,67,22,MEDIUM
55,46,44,14,HIGH
78,77,84,24,MEDIUM
51,42,49,14,HIGH
56,58,55,15,HIGH
85,89,84,24,LOW
59,88,90,27,MEDIUM
82,71,61,18,MEDIUM
90,91,97,30,LOW
96,100,89,29,LOW
79,69,72,21,MEDIUM
53,44,62,17,HIGH
54,43,48,15,HIGH
97,93,100,29,LOW
95,100,92,29,LOW
96,89,93,28,LOW
85,95,86,27,LOW
84,86,89,25,LOW
91,91,100,27,LOW
49,50,57,14,HIGH
65,70,69,21,MEDIUM
61,58,53,18,HIGH
82,87,84,27,LOW
79,71,62,20,MEDIUM
48,50,48,15,HIGH
54,49,56,16,HIGH
82,86,90,25,LOW
98,99,94,29,LOW
89,89,97,28,LOW
71,74,58,18,MEDIUM
100,97,94,28,LOW
94,94,99,27,LOW
87,82,79,26,LOW
79,79,78,24,MEDIUM
91,83,87,26,LOW
68,73,72,21,MEDIUM
71,71,72,21,MEDIUM
58,60,58,19,HIGH
89,91,81,27,LOW
82,76,83,24,MEDIUM
80,83,78,23,MEDIUM
71,71,83,23,MEDIUM
68,71,68,20,MEDIUM
80,65,65,16,MEDIUM
66,68,70,21,MEDIUM
71,81,79,24,MEDIUM
78,81,78,22,MEDIUM
91,88,91,27,LOW
79,89,82,25,LOW
88,89,98,27,LOW
81,62,69,19,MEDIUM
55,49,65,17,HIGH
95,89,96,27,LOW
85,92,92,27,LOW
95,93,95,28,LOW
68,80,78,25,MEDIUM
78,80,88,23,MEDIUM
92,96,89,27,LOW
53,55,51,16,HIGH
71,69,68,22,MEDIUM
87,92,84,27,LOW
87,100,87,27,LOW
60,63,66,17,HIGH
42,37,41,13,HIGH
97,95,88,29,LOW
86,90,85,25,LOW
89,89,91,27,LOW
78,72,60,18,MEDIUM
87,79,77,27,LOW
95,83,94,28,LOW
78,82,76,21,MEDIUM
74,70,65,21,MEDIUM
64,61,59,22,MEDIUM
63,67,68,17,MEDIUM
92,92,86,25,LOW
64,69,68,18,MEDIUM
83,66,65,18,MEDIUM
94,100,85,28,LOW
81,65,73,24,MEDIUM
42,51,42,12,HIGH
76,72,79,21,MEDIUM
97,94,89,26,LOW
55,50,48,17,HIGH
54,89,89,28,MEDIUM
58,46,60,17,HIGH
49,47,53,15,HIGH
74,79,76,21,MEDIUM
54,67,55,16,HIGH
91,85,97,29,LOW
65,69,66,22,MEDIUM
82,68,68,19,MEDIUM
65,69,71,20,MEDIUM
91,92,88,27,LOW
90,92,87,25,LOW
45,43,51,16,HIGH
85,88,83,25,LOW
78,80,77,22,MEDIUM
83,78,93,23,LOW
77,58,77,22,MEDIUM
84,82,86,26,LOW
95,90,97,28,LOW
82,83,71,24,MEDIUM
42,42,49,14,HIGH
67,67,69,19,MEDIUM
92,85,91,28,LOW
57,62,69,19,MEDIUM
91,84,86,26,LOW
81,89,87,25,LOW
75,65,71,23,MEDIUM
92,97,100,29,LOW
82,88,87,28,LOW
68,64,70,18,MEDIUM
75,75,77,23,MEDIUM
53,53,56,16,HIGH
82,79,78,23,MEDIUM
40,37,38,13,HIGH
40,43,40,12,HIGH
94,100,95,28,LOW
70,64,67,19,MEDIUM
87,85,88,28,LOW
70,80,80,21,MEDIUM
73,76,68,21,MEDIUM
94,92,93,27,LOW
92,85,96,28,LOW
54,50,42,15,HIGH
100,87,100,29,LOW
40,37,39,12,HIGH
79,67,78,24,MEDIUM
90,94,89,26,LOW
58,64,69,18,MEDIUM
90,90,92,27,LOW
81,77,83,21,MEDIUM
63,65,74,19,MEDIUM
67,70,67,20,MEDIUM
64,58,64,17,HIGH
62,59,59,20,MEDIUM
81,64,74,21,MEDIUM
86,68,65,21,MEDIUM
79,90,92,26,LOW
88,89,94,27,LOW
73,67,76,22,MEDIUM
79,83,78,24,MEDIUM
77,81,84,22,MEDIUM
71,70,78,23,MEDIUM
67,80,72,22,MEDIUM
72,78,77,23,MEDIUM
95,94,92,27,LOW
82,84,81,23,MEDIUM
92,87,94,26,LOW
95,91,99,28,LOW
69,73,72,22,MEDIUM
47,51,56,16,HIGH
55,46,56,16,HIGH
54,61,63,15,HIGH
90,84,92,28,LOW
85,88,87,26,LOW
83,91,79,24,LOW
90,100,95,28,LOW
91,93,100,27,LOW
70,69,76,20,MEDIUM
90,82,93,26,LOW
49,56,47,14,HIGH
47,46,48,14,HIGH
51,59,47,14,HIGH
86,83,100,26,LOW
96,46,45,14,HIGH
77,67,71,21,MEDIUM
95,91,94,28,LOW
99,97,97,28,LOW
92,79,86,27,LOW
73,69,73,20,MEDIUM
79,71,69,18,MEDIUM
41,32,32,12,HIGH
78,80,79,22,MEDIUM
90,93,83,25,LOW
49,49,40,13,HIGH
81,73,68,21,MEDIUM
92,95,100,26,LOW
55,53,52,16,HIGH
95,100,100,29,LOW
40,39,33,12,HIGH
50,47,51,15,HIGH
71,85,73,22,MEDIUM
89,86,88,24,LOW
67,62,63,19,MEDIUM
76,79,87,24,MEDIUM
96,84,99,27,LOW
70,69,73,21,MEDIUM
91,85,85,24,LOW
85,95,83,27,LOW
90,100,91,26,LOW
80,91,72,23,MEDIUM
94,96,98,28,LOW
76,76,73,23,MEDIUM
52,51,51,17,HIGH
70,73,80,21,MEDIUM
93,45,52,16,MEDIUM
93,76,87,27,LOW
62,63,68,20,MEDIUM
86,85,92,26,LOW
89,94,88,27,LOW
93,91,88,28,LOW
86,92,91,27,LOW
87,95,91,29,LOW
88,95,82,25,LOW
63,72,76,21,MEDIUM
62,72,70,20,MEDIUM
53,59,48,16,HIGH
72,71,72,19,MEDIUM
93,76,91,28,LOW
89,85,82,26,LOW
77,67,64,19,MEDIUM
59,55,60,17,HIGH
45,38,40,13,HIGH
46,50,47,14,HIGH
77,77,70,21,MEDIUM
69,74,67,20,MEDIUM
77,71,70,21,MEDIUM
70,84,79,24,MEDIUM
86,84,92,24,LOW
93,98,89,29,LOW
80,80,76,24,MEDIUM
79,66,64,19,MEDIUM
74,67,66,18,MEDIUM
75,76,80,24,MEDIUM
41,43,52,12,HIGH
92,92,92,28,LOW
73,70,68,19,MEDIUM
65,62,59,17,HIGH
81,72,78,23,MEDIUM
66,75,69,21,MEDIUM
91,88,97,26,LOW
56,51,63,16,HIGH
58,67,63,18,HIGH
70,64,67,19,MEDIUM
53,60,50,18,HIGH
89,86,92,27,LOW
91,88,92,27,LOW
73,76,76,22,MEDIUM
93,85,96,28,LOW
98,90,86,27,LOW
89,80,95,27,LOW
72,78,73,20,MEDIUM
70,65,69,20,MEDIUM
79,75,71,23,MEDIUM
97,89,100,25,LOW
89,85,82,28,LOW
77,73,81,24,MEDIUM
90,81,82,25,LOW
93,90,90,27,LOW
47,61,49,13,HIGH
86,89,85,26,LOW
93,83,81,26,LOW
83,76,86,25,LOW
51,51,42,14,HIGH
48,40,49,15,HIGH
76,67,73,22,MEDIUM
78,73,70,18,MEDIUM
74,71,66,24,MEDIUM
77,80,77,23,MEDIUM
64,59,71,20,MEDIUM
84,90,78,28,LOW
67,55,62,17,HIGH
48,53,62,16,HIGH
96,98,95,27,LOW
73,66,59,20,MEDIUM
100,100,93,30,LOW
71,82,82,23,MEDIUM
80,70,80,24,MEDIUM
87,92,91,27,LOW
65,69,67,20,MEDIUM
91,89,100,28,LOW
66,67,64,21,MEDIUM
96,93,96,29,LOW
78,63,76,22,MEDIUM
89,91,89,25,LOW
86,91,90,25,LOW
84,83,88,24,LOW
92,95,92,28,LOW
92,91,93,27,LOW
90,96,91,26,LOW
57,45,49,15,HIGH
56,53,53,15,HIGH
43,51,35,13,HIGH
90,89,89,27,LOW
75,80,77,25,MEDIUM
88,86,79,26,LOW
77,77,92,25,MEDIUM
53,60,69,18,HIGH
41,45,37,13,HIGH
73,66,69,20,MEDIUM
57,63,60,18,HIGH
96,90,96,29,LOW
91,93,100,28,LOW
83,72,67,21,MEDIUM
90,97,95,27,LOW
93,94,90,27,LOW
85,90,90,27,LOW
40,44,50,13,HIGH
46,53,52,16,HIGH
74,79,85,25,MEDIUM
77,82,86,27,LOW
80,86,79,25,LOW
94,94,87,28,LOW
40,41,40,12,HIGH
82,70,69,20,MEDIUM
87,86,88,26,LOW
74,75,74,22,MEDIUM
45,35,40,12,HIGH
92,86,89,27,LOW
87,94,86,26,LOW
94,98,100,28,LOW
67,80,74,21,MEDIUM
85,84,100,26,LOW
81,87,79,25,LOW
82,68,71,20,MEDIUM
79,63,68,20,MEDIUM
100,100,96,30,LOW
79,80,80,23,MEDIUM
88,78,98,28,LOW
73,74,78,22,MEDIUM
53,55,49,18,HIGH
91,82,96,29,LOW
68,64,71,20,MEDIUM
83,71,66,19,MEDIUM
66,72,61,20,MEDIUM
63,72,70,21,MEDIUM
77,68,67,24,MEDIUM
79,77,78,24,MEDIUM
78,78,79,26,MEDIUM
70,74,73,21,MEDIUM
40,36,46,10,HIGH
88,90,89,25,LOW
41,48,46,13,HIGH
97,92,98,28,LOW
99,100,89,30,LOW
98,91,98,29,LOW
69,72,71,21,MEDIUM
51,48,42,16,HIGH
95,85,87,28,LOW
88,88,90,25,LOW
66,67,69,21,MEDIUM
67,67,76,22,MEDIUM
84,83,89,27,LOW
71,72,76,22,MEDIUM
59,59,63,18,HIGH
73,63,75,22,MEDIUM
63,60,63,19,MEDIUM
93,91,84,26,LOW
95,100,95,28,LOW
88,95,86,27,LOW
88,90,92,29,LOW
62,63,68,18,MEDIUM
67,66,71,21,MEDIUM
93,80,90,25,LOW
92,100,98,27,LOW
79,69,70,18,MEDIUM
78,70,70,21,MEDIUM
95,81,92,27,LOW
100,98,100,28,LOW
84,85,86,25,LOW
80,67,62,24,MEDIUM
68,72,67,22,MEDIUM
91,98,100,27,LOW
92,80,84,25,LOW
85,70,70,20,MEDIUM
77,77,75,22,MEDIUM
74,82,81,24,MEDIUM
89,89,99,28,LOW
77,63,63,18,MEDIUM
45,40,46,11,HIGH
78,70,66,22,MEDIUM
79,82,88,27,LOW
70,70,66,20,MEDIUM
83,83,92,24,LOW
94,87,84,28,LOW
88,80,92,24,LOW
47,40,66,15,HIGH
82,67,64,20,MEDIUM
81,89,85,26,LOW
65,69,71,21,MEDIUM
94,92,96,28,LOW
66,74,68,21,MEDIUM
90,87,100,25,LOW
82,77,82,26,LOW
94,92,87,24,LOW
76,68,63,18,MEDIUM
86,87,89,27,LOW
91,84,91,26,LOW
96,96,82,26,LOW
89,95,85,28,LOW
76,72,84,24,MEDIUM
59,56,57,18,HIGH
87,90,86,26,LOW
79,68,70,21,MEDIUM
85,80,83,25,LOW
80,68,69,16,MEDIUM
84,84,86,25,LOW
92,90,87,26,LOW
55,56,57,15,HIGH
97,94,97,28,LOW
68,67,67,19,MEDIUM
74,81,84,23,MEDIUM
53,51,55,17,HIGH
84,93,93,25,LOW
81,83,76,23,MEDIUM
98,100,98,29,LOW
74,71,73,18,MEDIUM
96,93,100,29,LOW
59,59,50,16,HIGH
88,83,87,26,LOW
96,100,100,29,LOW
71,65,71,22,MEDIUM
69,74,69,21,MEDIUM
70,87,84,23,MEDIUM
71,70,73,23,MEDIUM
82,79,84,26,LOW
93,94,95,29,LOW
81,79,82,24,MEDIUM
78,84,81,23,MEDIUM
65,63,60,21,MEDIUM
99,93,100,28,LOW
47,48,46,13,HIGH
90,90,85,28,LOW
90,88,91,26,LOW
44,40,48,12,HIGH
92,79,85,26,LOW
94,91,89,27,LOW
91,91,93,29,LOW
77,68,76,26,MEDIUM
92,88,100,26,LOW
96,87,87,27,LOW
80,79,94,27,LOW
86,93,91,27,LOW
45,57,61,16,HIGH
88,97,90,25,LOW
79,85,88,23,MEDIUM
98,100,100,29,LOW
44,48,40,13,HIGH
63,65,74,21,MEDIUM
91,88,87,26,LOW
49,54,56,16,HIGH
68,73,69,21,MEDIUM
43,45,44,13,HIGH
77,82,77,25,MEDIUM
78,80,81,23,MEDIUM
83,81,85,24,LOW
45,51,39,14,HIGH
84,90,88,26,LOW
41,35,43,13,HIGH
64,78,72,21,MEDIUM
100,100,100,29,LOW
66,66,65,18,MEDIUM
81,88,81,26,LOW
76,85,70,21,MEDIUM
93,85,86,27,LOW
42,49,45,13,HIGH
93,79,91,28,LOW
78,72,68,18,MEDIUM
92,89,95,28,LOW
93,82,92,27,LOW
77,75,73,20,MEDIUM
74,79,75,23,MEDIUM
82,88,93,28,LOW
50,48,47,14,HIGH
73,73,79,21,MEDIUM
98,96,86,27,LOW
85,74,74,21,MEDIUM
83,87,86,26,LOW
92,87,82,25,LOW
90,90,77,28,LOW
54,46,50,13,HIGH
74,78,75,20,MEDIUM
82,70,81,24,MEDIUM
79,67,77,21,MEDIUM
87,86,81,25,LOW
90,84,88,29,LOW
78,69,68,20,MEDIUM
58,88,94,29,LOW
54,48,54,15,HIGH
97,98,94,29,LOW
68,63,73,20,MEDIUM
53,62,50,17,HIGH
96,100,92,29,LOW
92,100,92,28,LOW
78,72,65,19,MEDIUM
90,91,93,25,LOW
90,90,98,26,LOW
77,74,73,24,MEDIUM
85,79,90,24,LOW
74,67,80,19,MEDIUM
92,83,98,28,LOW
65,63,70,19,MEDIUM
59,55,60,19,HIGH
67,69,64,22,MEDIUM
90,96,92,28,LOW
89,95,86,27,LOW
88,89,91,28,LOW
76,71,67,22,MEDIUM
82,81,92,26,LOW
78,76,69,21,MEDIUM
100,100,100,30,LOW
85,91,88,28,LOW
96,95,98,30,LOW
83,79,78,24,MEDIUM
55,65,44,14,HIGH
49,36,48,13,HIGH
74,84,73,25,MEDIUM
69,69,66,21,MEDIUM
99,91,89,28,LOW
88,73,88,24,LOW
89,100,89,27,LOW
79,83,85,25,LOW
94,93,96,28,LOW
45,51,49,15,HIGH
71,70,67,21,MEDIUM
69,77,70,19,MEDIUM
75,70,64,18,MEDIUM
85,92,92,28,LOW
100,84,92,28,LOW
91,87,90,28,LOW
85,89,95,26,LOW
66,61,75,21,MEDIUM
92,91,92,29,LOW
57,90,91,28,MEDIUM
45,40,42,12,HIGH
75,84,92,27,LOW
90,87,87,29,LOW
71,68,62,20,MEDIUM
57,62,52,17,HIGH
83,81,85,25,LOW
84,70,71,22,MEDIUM
56,54,51,17,HIGH
47,53,58,14,HIGH
92,92,99,25,LOW
88,95,95,29,LOW
41,37,46,14,HIGH
45,44,47,15,HIGH
93,99,100,27,LOW
89,98,91,29,LOW
87,93,83,26,LOW
88,74,76,18,MEDIUM
71,73,70,22,MEDIUM
44,44,49,14,HIGH
71,76,76,21,MEDIUM
98,89,93,30,LOW
78,76,73,22,MEDIUM
79,68,71,20,MEDIUM
92,82,91,28,LOW
45,42,37,14,HIGH
88,94,98,28,LOW
45,54,64,13,HIGH
70,68,67,17,MEDIUM
97,55,39,15,MEDIUM
70,67,74,22,MEDIUM
82,80,88,25,LOW
88,94,92,26,LOW
91,88,91,28,LOW
93,99,98,28,LOW
96,46,47,15,MEDIUM
81,70,75,19,MEDIUM
83,91,86,25,LOW
67,76,67,20,MEDIUM
89,96,93,27,LOW
75,73,75,22,MEDIUM
82,64,68,17,MEDIUM
95,100,100,29,LOW
50,49,55,13,HIGH
74,77,73,20,MEDIUM
42,39,51,13,HIGH
46,41,51,13,HIGH
94,92,91,27,LOW
45,45,40,14,HIGH
93,94,96,27,LOW
58,53,62,15,HIGH
84,72,66,18,MEDIUM
90,91,97,28,LOW
44,51,49,15,HIGH
85,94,89,29,LOW
98,92,100,30,LOW
95,100,92,28,LOW
48,47,46,14,HIGH
92,95,89,27,LOW
85,77,75,24,MEDIUM
83,88,84,26,LOW
59,54,53,15,HIGH
47,32,42,13,HIGH
80,77,68,20,MEDIUM
72,69,76,22,MEDIUM
87,83,84,26,LOW
70,81,74,23,MEDIUM
80,69,70,19,MEDIUM
49,39,51,15,HIGH
90,89,87,27,LOW
79,77,73,23,MEDIUM
90,100,86,29,LOW
70,68,75,22,MEDIUM
91,90,92,26,LOW
85,86,83,25,LOW
87,99,100,27,LOW
100,99,100,28,LOW
84,71,73,23,MEDIUM
55,89,89,27,MEDIUM
94,91,100,28,LOW
94,95,98,28,LOW
57,62,61,18,HIGH
44,48,37,13,HIGH
81,84,81,24,MEDIUM
87,90,91,25,LOW
94,87,97,27,LOW
79,86,71,22,MEDIUM
76,64,69,20,MEDIUM
69,63,72,20,MEDIUM
67,67,62,18,MEDIUM
43,52,54,15,HIGH
60,55,53,13,HIGH
48,44,48,13,HIGH
72,66,76,23,MEDIUM
91,91,89,29,LOW
87,91,99,26,LOW
75,79,72,22,MEDIUM
83,91,80,25,LOW
92,96,97,29,LOW
78,75,87,26,MEDIUM
56,60,54,15,HIGH
82,76,99,26,LOW
59,63,66,17,HIGH
85,82,76,24,MEDIUM
89,89,94,26,LOW
82,62,70,20,MEDIUM
76,66,71,20,MEDIUM
93,84,87,28,LOW
82,86,84,27,LOW
91,93,100,28,LOW
81,73,64,20,MEDIUM
96,100,93,27,LOW
91,91,85,26,LOW
72,74,59,21,MEDIUM
79,72,70,21,MEDIUM
90,92,95,28,LOW
91,100,95,28,LOW
72,68,71,22,MEDIUM
72,68,73,23,MEDIUM
93,90,88,28,LOW
82,90,77,26,LOW
71,77,65,22,MEDIUM
80,89,92,26,LOW
93,78,92,27,LOW
95,99,100,28,LOW
72,71,68,22,MEDIUM
72,81,77,21,MEDIUM
89,80,90,28,LOW
83,91,98,24,LOW
90,85,90,27,LOW
76,67,71,23,MEDIUM
47,39,44,14,HIGH
75,74,84,21,MEDIUM
69,62,68,21,MEDIUM
69,74,61,21,MEDIUM
65,55,58,19,HIGH
67,63,74,22,MEDIUM
85,86,86,25,LOW
88,88,88,27,LOW
56,53,57,14,HIGH
80,84,68,25,MEDIUM
90,87,91,24,LOW
90,100,90,28,LOW
83,72,64,20,MEDIUM
74,78,82,25,MEDIUM
83,83,76,25,MEDIUM
90,98,100,27,LOW
63,63,72,21,MEDIUM
48,46,52,14,HIGH
87,90,82,25,LOW
67,69,65,19,MEDIUM
80,66,67,19,MEDIUM
43,57,47,17,HIGH
84,92,95,27,LOW
57,92,88,26,MEDIUM
95,43,51,14,HIGH
73,72,65,20,MEDIUM
91,80,90,27,LOW
100,100,100,30,LOW
87,88,88,26,LOW
81,75,71,19,MEDIUM
81,81,89,26,LOW
96,100,89,30,LOW
75,87,87,24,MEDIUM
95,97,90,26,LOW
70,68,80,22,MEDIUM
94,100,96,28,LOW
66,62,69,22,MEDIUM
81,73,90,25,MEDIUM
99,94,100,27,LOW
40,50,56,12,HIGH
60,63,63,18,HIGH
57,49,38,14,HIGH
71,75,67,22,MEDIUM
99,99,100,30,LOW
51,49,39,15,HIGH
59,65,66,21,MEDIUM
69,67,64,22,MEDIUM
77,64,62,21,MEDIUM
84,70,68,25,MEDIUM
78,77,72,21,MEDIUM
97,90,100,28,LOW
49,48,50,16,HIGH
93,94,87,28,LOW
76,70,73,23,MEDIUM
75,85,86,23,MEDIUM
78,71,74,21,MEDIUM
95,95,96,30,LOW
77,68,67,21,MEDIUM
51,49,57,16,HIGH
90,92,95,28,LOW
87,97,94,25,LOW
80,79,85,24,MEDIUM
80,78,76,22,MEDIUM
91,84,91,27,LOW
79,66,72,20,MEDIUM
59,61,59,20,HIGH
95,100,97,30,LOW
82,62,71,20,MEDIUM
54,44,58,13,HIGH
96,96,100,28,LOW
84,93,82,27,LOW
83,65,71,18,MEDIUM
66,66,71,22,MEDIUM
86,87,88,27,LOW
75,75,70,21,MEDIUM
57,60,56,18,HIGH
82,74,79,23,MEDIUM
80,74,78,22,MEDIUM
62,63,66,18,MEDIUM
49,43,46,14,HIGH
94,85,93,28,LOW
96,99,100,29,LOW
95,84,97,27,LOW
41,47,43,13,HIGH
87,90,90,27,LOW
60,90,91,28,LOW
83,84,87,25,LOW
48,48,36,13,HIGH
85,87,91,26,LOW
72,71,76,20,MEDIUM
81,86,81,24,MEDIUM
75,69,74,20,MEDIUM
88,92,81,26,LOW
60,58,55,19,HIGH
92,82,96,27,LOW
90,90,97,26,LOW
87,88,86,28,LOW
86,84,87,27,LOW
88,95,98,29,LOW
74,70,66,21,MEDIUM
75,71,79,21,MEDIUM
91,88,89,28,LOW
87,100,87,29,LOW
88,73,79,23,MEDIUM
67,67,81,20,MEDIUM
96,95,92,29,LOW
88,97,91,28,LOW
62,71,68,19,MEDIUM
57,46,49,18,HIGH
92,88,85,27,LOW
50,43,46,15,HIGH
42,52,40,13,HIGH
82,80,81,24,MEDIUM
82,75,87,26,LOW
69,72,74,19,MEDIUM
89,92,86,26,LOW
91,81,92,26,LOW
80,81,85,26,LOW
90,86,90,28,LOW
62,73,70,23,MEDIUM
85,90,96,28,LOW
99,82,96,26,LOW
100,100,100,27,LOW
97,100,94,30,LOW
93,91,97,29,LOW
80,78,84,25,MEDIUM
96,95,91,28,LOW
71,69,72,21,MEDIUM
89,91,94,27,LOW
67,70,84,22,MEDIUM
90,97,95,27,LOW
81,79,81,24,MEDIUM
77,79,69,23,MEDIUM
93,92,87,28,LOW
100,84,94,29,LOW
92,98,95,28,LOW
69,69,80,21,MEDIUM
81,66,67,20,MEDIUM
76,77,76,20,MEDIUM
100,100,100,30,LOW
80,81,83,25,MEDIUM
81,81,76,23,MEDIUM
96,97,89,25,LOW
89,84,88,26,LOW
82,82,79,28,LOW
40,29,35,9,HIGH
84,79,89,27,LOW
84,82,88,27,LOW
44,58,52,15,HIGH
78,84,74,22,MEDIUM
41,34,49,12,HIGH
83,83,93,26,LOW
86,76,100,28,LOW
91,95,92,29,LOW
61,63,65,19,MEDIUM
89,99,91,27,LOW
83,87,90,26,LOW
84,77,85,23,MEDIUM
54,57,44,13,HIGH
73,79,68,21,MEDIUM
92,86,89,29,LOW
67,65,77,22,MEDIUM
67,74,71,20,MEDIUM
69,63,68,21,MEDIUM
77,68,70,18,MEDIUM
85,91,89,23,LOW
74,84,81,22,MEDIUM
72,67,70,20,MEDIUM
64,73,73,21,MEDIUM
48,61,57,15,HIGH
73,76,78,21,MEDIUM
78,66,66,21,MEDIUM
96,91,94,29,LOW
70,79,79,24,MEDIUM
73,74,73,22,MEDIUM
68,78,70,21,MEDIUM
87,81,91,25,LOW
79,82,81,21,MEDIUM
89,88,81,29,LOW
90,82,93,24,LOW
91,88,84,25,LOW
87,87,89,27,LOW
95,94,92,27,LOW
97,91,100,28,LOW
77,71,69,21,MEDIUM
76,71,79,24,MEDIUM
93,89,90,27,LOW
83,78,73,23,MEDIUM
82,76,68,22,MEDIUM
92,89,95,28,LOW
45,46,42,12,HIGH
89,89,84,24,LOW
99,99,100,28,LOW
93,93,94,27,LOW
81,83,92,25,LOW
69,68,72,22,MEDIUM
83,70,69,23,MEDIUM
82,71,77,22,MEDIUM
41,39,47,10,HIGH
100,94,100,26,LOW
100,100,98,28,LOW
83,79,88,23,MEDIUM
40,38,48,12,HIGH
65,70,63,19,MEDIUM
66,73,69,21,MEDIUM
85,85,95,27,LOW
92,86,87,26,LOW
82,93,85,25,LOW
80,78,84,26,LOW
82,74,78,23,MEDIUM
74,70,69,23,MEDIUM
84,95,94,27,LOW
70,89,74,22,MEDIUM
67,71,76,22,MEDIUM
90,84,92,27,LOW
97,89,93,27,LOW
71,64,79,21,MEDIUM
94,94,93,27,LOW
89,79,90,25,LOW
93,83,86,27,LOW
89,92,83,28,LOW
62,56,73,19,MEDIUM
71,81,64,20,MEDIUM
89,86,97,26,LOW
90,95,93,28,LOW
89,89,86,26,LOW
71,74,75,21,MEDIUM
62,50,55,17,HIGH
75,75,76,22,MEDIUM
82,84,84,25,LOW
86,88,88,26,LOW
89,96,100,28,LOW
70,78,74,22,MEDIUM
86,83,92,27,LOW
94,91,100,30,LOW
78,69,63,19,MEDIUM
63,62,74,18,MEDIUM
81,88,91,25,LOW
94,54,48,14,MEDIUM
58,52,52,17,HIGH
50,40,46,12,HIGH
62,71,68,20,MEDIUM
89,84,94,27,LOW
67,76,77,23,MEDIUM
80,69,70,21,MEDIUM
91,91,94,28,LOW
94,90,94,27,LOW
80,84,72,24,MEDIUM
97,88,84,27,LOW
85,77,89,26,LOW
96,92,95,28,LOW
50,54,50,13,HIGH
71,62,65,23,MEDIUM
88,90,87,28,LOW
90,98,85,26,LOW
55,51,51,15,HIGH
51,48,47,16,HIGH
97,98,93,26,LOW
82,83,80,25,LOW
48,53,60,15,HIGH
77,71,70,22,MEDIUM
86,89,97,26,LOW
40,30,40,11,HIGH
88,82,91,24,LOW
55,59,63,17,HIGH
80,66,68,18,MEDIUM
78,73,83,22,MEDIUM
72,68,83,22,MEDIUM
76,81,70,22,MEDIUM
75,79,75,23,MEDIUM
74,69,74,23,MEDIUM
89,84,90,28,LOW
78,64,74,23,MEDIUM
63,72,62,19,MEDIUM
90,86,89,26,LOW
93,93,99,28,LOW
42,40,47,13,HIGH
65,68,66,20,MEDIUM
96,97,90,29,LOW
51,51,50,15,HIGH
52,52,49,16,HIGH
93,100,94,29,LOW
50,41,45,13,HIGH
84,75,61,18,MEDIUM
75,67,67,25,MEDIUM
69,67,69,20,MEDIUM
100,100,100,29,LOW
85,87,90,28,LOW
87,86,89,27,LOW
89,86,92,26,LOW
87,93,93,28,LOW
100,100,94,30,LOW
70,71,77,21,MEDIUM
77,70,70,20,MEDIUM
83,90,86,27,LOW
99,100,96,30,LOW
76,68,69,20,MEDIUM
76,80,71,21,MEDIUM
88,82,88,26,LOW
78,88,81,24,MEDIUM
55,53,50,16,HIGH
78,71,76,22,MEDIUM
93,92,93,27,LOW
90,82,93,27,LOW
86,85,89,24,LOW
70,78,64,21,MEDIUM
78,80,82,23,MEDIUM
85,69,81,26,MEDIUM
93,88,85,28,LOW
59,56,60,15,HIGH
96,100,92,30,LOW
76,83,78,21,MEDIUM
77,76,76,22,MEDIUM
95,51,49,16,MEDIUM
86,92,94,27,LOW
79,67,70,20,MEDIUM
84,89,88,26,LOW
78,63,70,19,MEDIUM
91,94,96,25,LOW
74,68,62,20,MEDIUM
91,97,85,29,LOW
54,51,60,16,HIGH
92,89,92,26,LOW
87,87,87,24,LOW
49,55,54,17,HIGH
43,41,43,15,HIGH
67,73,74,19,MEDIUM
84,68,66,22,MEDIUM
71,61,65,20,MEDIUM
56,49,62,16,HIGH
40,49,40,11,HIGH
96,90,84,27,LOW
59,54,57,16,HIGH
92,91,93,27,LOW
46,47,48,12,HIGH
87,99,93,27,LOW
100,89,96,28,LOW
91,93,90,26,LOW
53,53,56,18,HIGH
87,88,91,27,LOW
59,58,56,17,HIGH
88,95,89,27,LOW
70,64,60,20,MEDIUM
54,55,54,18,HIGH
57,48,45,14,HIGH
98,100,97,30,LOW
77,69,69,17,MEDIUM
82,90,93,25,LOW
75,75,75,17,MEDIUM
98,96,87,29,LOW
79,67,68,20,MEDIUM
70,66,74,21,MEDIUM
100,92,81,27,LOW
49,35,42,14,HIGH
82,67,66,17,MEDIUM
99,98,90,29,LOW
91,94,99,30,LOW
48,48,45,15,HIGH
79,80,75,23,MEDIUM
100,100,100,30,LOW
42,46,42,13,HIGH
81,81,86,24,MEDIUM
45,54,49,13,HIGH
94,95,93,28,LOW
92,83,88,27,LOW
51,46,49,15,HIGH
40,42,46,15,HIGH
93,92,89,28,LOW
87,99,90,28,LOW
96,89,100,28,LOW
83,65,67,22,MEDIUM
88,87,100,25,LOW
40,39,39,13,HIGH
58,58,62,17,HIGH
94,90,97,28,LOW
65,75,81,23,MEDIUM
90,81,91,28,LOW
85,80,94,26,LOW
87,84,89,26,LOW
67,58,70,19,MEDIUM
88,84,83,25,LOW
93,88,100,28,LOW
79,85,72,24,MEDIUM
90,80,80,26,LOW
70,73,67,21,MEDIUM
80,76,89,26,LOW
92,88,90,25,LOW
79,65,72,22,MEDIUM
72,75,64,23,MEDIUM
87,85,87,26,LOW
80,78,84,25,MEDIUM
74,66,71,21,MEDIUM
87,91,90,25,LOW
82,71,70,22,MEDIUM
84,89,87,25,LOW
76,72,72,20,MEDIUM
68,76,61,22,MEDIUM
69,76,68,20,MEDIUM
81,71,67,21,MEDIUM
97,98,96,26,LOW
100,91,92,28,LOW
90,84,93,26,LOW
91,94,96,27,LOW
89,77,88,28,LOW
84,88,84,25,LOW
79,67,70,21,MEDIUM
71,56,68,21,MEDIUM
64,73,64,19,MEDIUM
62,65,62,18,MEDIUM
98,100,99,30,LOW
69,78,75,22,MEDIUM
75,86,92,24,LOW
60,56,51,17,HIGH
78,85,85,24,MEDIUM
51,60,55,16,HIGH
100,100,97,27,LOW
72,78,68,20,MEDIUM
74,76,81,23,MEDIUM
73,66,67,23,MEDIUM
90,100,95,29,LOW
68,67,73,19,MEDIUM
92,95,98,27,LOW
92,93,89,28,LOW
86,78,95,27,LOW
94,81,83,26,LOW
76,58,63,19,MEDIUM
68,71,73,20,MEDIUM
88,97,90,28,LOW
88,90,93,28,LOW
79,66,69,22,MEDIUM
84,89,81,24,LOW
90,92,97,26,LOW
93,100,95,29,LOW
81,77,92,23,MEDIUM
62,62,61,19,MEDIUM
61,66,59,18,HIGH
75,78,80,22,MEDIUM
93,87,94,26,LOW
59,50,59,17,HIGH
89,82,81,25,LOW
88,91,87,25,LOW
73,71,65,21,MEDIUM
84,80,81,25,LOW
78,84,76,21,MEDIUM
88,93,90,27,LOW
80,85,80,25,LOW
79,82,77,23,MEDIUM
81,76,72,22,MEDIUM
96,99,94,26,LOW
67,78,71,21,MEDIUM
97,44,41,13,HIGH
91,84,100,26,LOW
89,91,86,26,LOW
83,95,94,27,LOW
77,83,97,25,LOW
95,94,98,28,LOW
81,89,83,25,LOW
82,68,68,22,MEDIUM
85,86,84,29,LOW
70,78,72,21,MEDIUM
53,61,56,15,HIGH
77,72,62,20,MEDIUM
93,85,90,25,LOW
87,86,85,27,LOW
99,47,46,14,MEDIUM
55,68,64,20,MEDIUM
40,37,26,10,HIGH
93,84,83,26,LOW
82,80,81,26,LOW
94,87,94,28,LOW
51,39,44,16,HIGH
85,84,82,26,LOW
61,67,72,20,MEDIUM
70,70,76,24,MEDIUM
88,86,87,24,LOW
89,90,88,27,LOW
64,63,60,20,MEDIUM
83,83,88,25,LOW
73,63,75,23,MEDIUM
86,91,97,27,LOW
97,93,99,29,LOW
87,84,77,23,MEDIUM
48,50,54,18,HIGH
42,44,40,12,HIGH
59,87,82,27,MEDIUM
73,68,69,21,MEDIUM
96,91,90,28,LOW
79,77,72,22,MEDIUM
66,70,75,19,MEDIUM
76,83,82,26,MEDIUM
93,97,89,26,LOW
84,89,91,26,LOW
98,88,89,27,LOW
96,45,51,14,MEDIUM
77,74,66,20,MEDIUM
72,66,69,21,MEDIUM
91,100,96,27,LOW
97,96,100,27,LOW
49,53,56,16,HIGH
82,77,84,24,MEDIUM
45,44,45,15,HIGH
69,71,66,20,MEDIUM
73,61,68,19,MEDIUM
58,54,65,16,HIGH
79,75,66,21,MEDIUM
81,75,69,21,MEDIUM
91,79,87,27,LOW
85,86,98,26,LOW
85,70,77,22,MEDIUM
81,77,78,22,MEDIUM
81,88,96,27,LOW
98,100,100,30,LOW
82,91,89,26,LOW
85,92,97,29,LOW
46,52,42,14,HIGH
78,82,74,21,MEDIUM
68,55,71,20,MEDIUM
72,73,68,21,MEDIUM
59,56,60,20,HIGH
57,66,56,19,HIGH
75,72,67,22,MEDIUM
61,54,61,17,HIGH
81,77,70,22,MEDIUM
85,94,94,28,LOW
97,97,96,28,LOW
84,91,99,25,LOW
64,65,63,19,MEDIUM
60,66,71,22,MEDIUM
57,86,91,28,MEDIUM
96,90,87,28,LOW
69,68,66,21,MEDIUM
90,84,84,25,LOW
96,100,98,30,LOW
72,66,63,21,MEDIUM
69,63,82,21,MEDIUM
85,90,81,28,LOW
43,44,45,14,HIGH
80,62,71,19,MEDIUM
76,72,68,22,MEDIUM
75,74,77,22,MEDIUM
51,49,55,16,HIGH
100,94,95,30,LOW
41,40,45,13,HIGH
89,92,85,26,LOW
97,100,100,29,LOW
79,72,78,21,MEDIUM
62,81,94,26,MEDIUM
70,76,72,22,MEDIUM
77,84,83,24,MEDIUM
89,88,85,29,LOW
93,91,89,29,LOW
93,86,93,27,LOW
90,94,96,29,LOW
70,68,73,20,MEDIUM
65,68,66,21,MEDIUM
75,68,71,21,MEDIUM
52,56,56,16,HIGH
74,79,76,24,MEDIUM
86,94,88,24,LOW
87,87,88,25,LOW
44,41,54,15,HIGH
91,89,88,26,LOW
99,89,98,28,LOW
86,87,85,24,LOW
54,50,54,17,HIGH
42,48,45,13,HIGH
90,86,82,26,LOW
70,74,72,22,MEDIUM
86,89,93,27,LOW
62,55,55,17,HIGH
88,81,90,27,LOW
87,83,91,28,LOW
59,56,48,17,HIGH
92,97,87,27,LOW
54,59,54,17,HIGH
84,86,73,26,LOW
81,82,75,25,MEDIUM
62,68,68,19,MEDIUM
84,86,89,25,LOW
81,94,83,25,LOW
65,63,71,22,MEDIUM
99,98,100,28,LOW
67,67,64,22,MEDIUM
95,86,95,27,LOW
40,37,38,11,HIGH
92,87,88,27,LOW
76,75,72,24,MEDIUM
95,100,76,27,LOW
50,40,56,13,HIGH
86,80,88,27,LOW
97,90,100,28,LOW
73,66,77,20,MEDIUM
76,66,72,20,MEDIUM
70,67,82,22,MEDIUM
95,84,89,28,LOW
68,64,64,19,MEDIUM
83,88,94,24,LOW
70,73,70,19,MEDIUM
89,89,98,28,LOW
69,68,80,20,MEDIUM
66,70,68,20,MEDIUM
82,77,83,23,MEDIUM
88,93,79,26,LOW
88,93,96,27,LOW
68,66,68,19,MEDIUM
98,100,95,29,LOW
76,79,79,23,MEDIUM
89,99,99,28,LOW
95,96,92,28,LOW
80,78,83,23,MEDIUM
84,84,87,24,LOW
87,81,85,24,LOW
67,63,65,18,MEDIUM
81,78,76,23,MEDIUM
69,64,57,19,MEDIUM
53,45,44,16,HIGH
77,69,68,18,MEDIUM
75,87,83,25,MEDIUM
87,79,81,26,LOW
85,87,77,26,LOW
86,93,87,28,LOW
78,81,79,25,MEDIUM
49,57,54,16,HIGH
66,71,75,23,MEDIUM
61,85,87,29,MEDIUM
85,96,92,27,LOW
89,91,94,25,LOW
69,75,76,24,MEDIUM
41,51,47,13,HIGH
87,70,88,25,LOW
92,92,95,27,LOW
79,77,73,22,MEDIUM
72,71,85,24,MEDIUM
86,69,69,20,MEDIUM
60,58,65,21,MEDIUM
69,64,78,21,MEDIUM
88,94,99,27,LOW
95,92,100,28,LOW
71,65,68,21,MEDIUM
82,82,75,23,MEDIUM
97,99,96,29,LOW
50,56,51,13,HIGH
92,85,90,28,LOW
80,79,80,23,MEDIUM
58,59,58,19,HIGH
41,47,51,13,HIGH
78,76,70,20,MEDIUM
85,94,90,28,LOW
87,91,86,27,LOW
94,93,96,27,LOW
90,83,85,27,LOW
90,95,84,28,LOW
75,80,75,21,MEDIUM
100,89,94,28,LOW
62,72,56,19,MEDIUM
85,81,85,27,LOW
74,72,79,24,MEDIUM
40,32,45,12,HIGH
84,92,95,28,LOW
50,45,47,15,HIGH
90,88,94,27,LOW
100,100,100,27,LOW
67,68,68,22,MEDIUM
73,75,64,20,MEDIUM
59,60,59,21,MEDIUM
72,76,66,19,MEDIUM
77,71,70,22,MEDIUM
82,74,72,19,MEDIUM
82,68,63,20,MEDIUM
80,65,66,19,MEDIUM
74,68,71,18,MEDIUM
59,91,97,27,LOW
73,71,73,22,MEDIUM
41,41,34,13,HIGH
88,100,85,27,LOW
59,48,50,16,HIGH
90,98,94,29,LOW
94,89,97,27,LOW
85,78,80,25,LOW
95,84,91,28,LOW
64,63,74,23,MEDIUM
94,89,100,28,LOW
61,55,55,17,HIGH
46,41,53,14,HIGH
55,50,52,16,HIGH
50,47,47,15,HIGH
88,85,96,26,LOW
95,94,82,28,LOW
55,55,49,14,HIGH
69,70,79,20,MEDIUM
73,65,60,22,MEDIUM
73,72,77,24,MEDIUM
89,86,81,28,LOW
82,64,65,22,MEDIUM
100,99,100,29,LOW
78,74,77,21,MEDIUM
73,71,63,21,MEDIUM
47,48,53,12,HIGH
98,92,100,29,LOW
75,73,75,20,MEDIUM
52,56,47,17,HIGH
77,81,73,22,MEDIUM
67,65,71,20,MEDIUM
91,88,96,29,LOW
75,74,80,23,MEDIUM
92,93,85,26,LOW
79,79,75,20,MEDIUM
79,67,75,21,MEDIUM
90,100,86,30,LOW
81,85,77,23,MEDIUM
94,89,100,29,LOW
91,85,90,28,LOW
81,79,84,26,LOW
60,55,60,17,HIGH
87,88,91,26,LOW
86,80,85,25,LOW
95,45,57,16,MEDIUM
83,64,76,20,MEDIUM
80,83,94,25,LOW
78,69,65,18,MEDIUM
82,84,78,26,LOW
66,69,79,22,MEDIUM
54,43,52,16,HIGH
78,77,68,24,MEDIUM
89,94,84,27,LOW
86,79,94,26,LOW
89,87,96,29,LOW
97,92,99,30,LOW
76,69,74,22,MEDIUM
40,34,27,10,HIGH
83,89,86,26,LOW
83,89,76,24,MEDIUM
98,100,97,27,LOW
93,89,89,27,LOW
71,64,75,20,MEDIUM
87,84,78,25,LOW
94,95,92,28,LOW
80,79,80,20,MEDIUM
84,86,92,25,LOW
84,91,97,28,LOW
85,87,92,25,LOW
85,74,79,22,MEDIUM
73,77,75,22,MEDIUM
95,97,94,27,LOW
72,73,63,20,MEDIUM
75,74,78,21,MEDIUM
78,81,92,24,LOW
70,67,69,21,MEDIUM
83,91,83,27,LOW
45,50,43,14,HIGH
69,80,72,21,MEDIUM
87,90,97,27,LOW
76,74,72,23,MEDIUM
87,85,82,28,LOW
67,73,73,19,MEDIUM
63,73,63,19,MEDIUM
84,88,93,26,LOW
78,68,71,18,MEDIUM
62,87,90,28,LOW
83,67,78,20,MEDIUM
85,86,83,26,LOW
52,65,52,15,HIGH
75,62,69,21,MEDIUM
91,88,90,27,LOW
86,82,83,27,LOW
71,78,76,22,MEDIUM
82,70,71,21,MEDIUM
89,100,100,28,LOW
92,98,91,27,LOW
88,82,85,28,LOW
89,80,87,27,LOW
61,70,72,20,MEDIUM
98,92,90,27,LOW
76,70,68,22,MEDIUM
86,87,98,26,LOW
78,75,78,21,MEDIUM
40,42,44,12,HIGH
95,94,97,27,LOW
68,62,73,21,MEDIUM
45,45,48,13,HIGH
72,76,76,24,MEDIUM
62,56,68,17,HIGH
92,80,93,26,LOW
94,88,100,27,LOW
87,83,97,27,LOW
56,56,56,17,HIGH
56,87,88,26,MEDIUM
76,84,80,24,MEDIUM
46,48,47,13,HIGH
81,87,85,28,LOW
77,77,84,23,MEDIUM
40,43,43,13,HIGH
85,100,85,26,LOW
89,88,89,27,LOW
94,81,98,26,LOW
83,79,85,23,MEDIUM
75,66,66,23,MEDIUM
72,70,70,23,MEDIUM
85,88,84,25,LOW
69,70,71,22,MEDIUM
90,93,80,27,LOW
93,91,100,29,LOW
85,92,92,28,LOW
43,49,56,14,HIGH
96,88,98,28,LOW
71,63,77,20,MEDIUM
86,94,94,28,LOW
90,92,96,26,LOW
88,88,89,28,LOW
45,38,39,13,HIGH
84,74,68,23,MEDIUM
81,82,94,26,LOW
87,91,90,30,LOW
56,66,70,17,HIGH
100,100,100,30,LOW
93,87,94,26,LOW
69,69,73,17,MEDIUM
69,67,73,22,MEDIUM
76,79,77,23,MEDIUM
84,63,68,22,MEDIUM
87,95,100,28,LOW
94,98,89,27,LOW
74,80,86,22,MEDIUM
83,78,87,25,LOW
89,89,95,27,LOW
47,46,51,18,HIGH
80,67,67,23,MEDIUM
90,88,94,27,LOW
76,76,66,25,MEDIUM
88,94,100,29,LOW
89,100,89,28,LOW
81,77,85,25,MEDIUM
92,96,91,26,LOW
89,81,83,24,LOW
80,68,72,21,MEDIUM
73,73,75,20,MEDIUM
57,55,53,15,HIGH
51,45,58,17,HIGH
86,77,79,24,MEDIUM
93,84,92,27,LOW
99,100,100,30,LOW
86,83,83,27,LOW
91,90,85,26,LOW
86,84,86,26,LOW
93,96,97,27,LOW
93,97,98,28,LOW
78,72,71,21,MEDIUM
56,60,65,18,HIGH
78,75,77,22,MEDIUM
76,66,60,23,MEDIUM
40,40,40,11,HIGH
86,90,87,26,LOW
96,50,55,14,MEDIUM
94,99,94,27,LOW
58,55,59,15,HIGH
86,81,90,27,LOW
80,65,68,21,MEDIUM
91,93,93,28,LOW
89,89,90,26,LOW
76,85,83,22,MEDIUM
97,92,85,29,LOW
83,89,84,26,LOW
44,52,55,15,HIGH
73,72,78,23,MEDIUM
47,54,48,15,HIGH
72,63,75,20,MEDIUM
74,78,72,20,MEDIUM
50,49,56,17,HIGH
79,74,75,21,MEDIUM
89,86,91,26,LOW
89,81,85,27,LOW
98,100,88,29,LOW
54,58,59,18,HIGH
91,91,98,27,LOW
43,58,48,14,HIGH
40,30,30,12,HIGH
87,91,90,27,LOW
75,71,71,24,MEDIUM
95,88,100,27,LOW
64,64,73,21,MEDIUM
73,65,65,20,MEDIUM
97,100,100,30,LOW
93,96,90,26,LOW
83,80,91,26,LOW
55,57,62,18,HIGH
80,82,83,24,MEDIUM
91,96,89,26,LOW
77,73,79,24,MEDIUM
96,89,90,26,LOW
78,74,70,21,MEDIUM
75,66,72,22,MEDIUM
83,76,85,24,MEDIUM
89,90,89,26,LOW
67,57,72,17,MEDIUM
91,100,95,30,LOW
93,95,99,28,LOW
75,75,69,22,MEDIUM
82,94,87,27,LOW
77,81,78,23,MEDIUM
90,86,87,30,LOW
91,88,95,28,LOW
76,83,83,23,MEDIUM
76,64,63,20,MEDIUM
44,41,45,14,HIGH
81,81,85,23,MEDIUM
66,72,65,20,MEDIUM
59,40,46,13,HIGH
90,86,76,24,LOW
46,47,50,15,HIGH
46,50,49,16,HIGH
82,89,75,25,LOW
83,92,88,24,LOW
88,94,90,26,LOW
76,74,71,22,MEDIUM
65,72,65,22,MEDIUM
88,92,91,26,LOW
74,73,70,21,MEDIUM
92,90,88,27,LOW
76,65,73,21,MEDIUM
79,69,77,22,MEDIUM
60,60,54,15,HIGH
89,92,100,29,LOW
52,65,64,17,HIGH
47,55,49,13,HIGH
69,65,69,22,MEDIUM
78,66,68,20,MEDIUM
93,91,90,26,LOW
69,78,71,24,MEDIUM
78,83,77,24,MEDIUM
94,90,100,27,LOW
86,87,87,25,LOW
48,56,60,15,HIGH
89,93,100,28,LOW
83,74,69,22,MEDIUM
71,76,78,24,MEDIUM
47,52,51,15,HIGH
62,65,50,17,HIGH
94,90,91,25,LOW
74,71,71,22,MEDIUM
85,84,87,26,LOW
65,71,65,19,MEDIUM
92,84,81,26,LOW
82,74,81,22,MEDIUM
81,74,62,18,MEDIUM
79,77,82,23,MEDIUM
81,77,84,23,MEDIUM
76,74,84,23,MEDIUM
80,81,92,24,LOW
80,69,70,19,MEDIUM
65,69,56,22,MEDIUM
64,51,56,18,HIGH
99,95,93,27,LOW
92,87,99,28,LOW
73,73,69,23,MEDIUM
75,88,76,25,MEDIUM
91,97,90,26,LOW
47,58,51,18,HIGH
77,72,72,20,MEDIUM
74,65,69,20,MEDIUM
80,78,80,24,MEDIUM
87,100,91,28,LOW
84,83,80,22,MEDIUM
98,93,89,29,LOW
86,82,86,25,LOW
87,91,97,28,LOW
55,54,56,18,HIGH
77,83,80,23,MEDIUM
84,86,83,25,LOW
92,44,47,15,HIGH
89,95,87,27,LOW
80,85,77,25,MEDIUM
62,58,78,18,MEDIUM
76,78,68,23,MEDIUM
82,77,77,23,MEDIUM
86,96,94,24,LOW
89,94,93,30,LOW
40,46,34,12,HIGH
100,99,97,29,LOW
70,62,72,22,MEDIUM
58,54,50,19,HIGH
68,71,73,21,MEDIUM
73,73,61,20,MEDIUM
88,78,80,25,LOW
85,66,70,20,MEDIUM
78,67,71,18,MEDIUM
98,100,100,30,LOW
48,49,46,14,HIGH
84,85,94,27,LOW
87,86,79,26,LOW
66,73,82,24,MEDIUM
89,92,90,26,LOW
98,92,100,30,LOW
42,42,39,12,HIGH
93,88,93,30,LOW
79,83,75,24,MEDIUM
95,93,100,28,LOW
80,76,78,22,MEDIUM
47,34,42,13,HIGH
72,79,71,21,MEDIUM
86,92,94,28,LOW
86,88,89,29,LOW
75,79,62,23,MEDIUM
42,51,44,15,HIGH
94,100,96,28,LOW
93,90,95,25,LOW
62,61,53,18,HIGH
73,74,70,20,MEDIUM
81,77,76,25,MEDIUM
57,61,50,17,HIGH
69,74,67,20,MEDIUM
49,53,47,14,HIGH
75,65,67,20,MEDIUM
93,100,97,28,LOW
92,88,100,28,LOW
85,84,83,28,LOW
91,92,89,27,LOW
80,81,93,27,LOW
91,88,85,26,LOW
65,75,74,20,MEDIUM
67,65,72,21,MEDIUM
83,64,66,17,MEDIUM
50,60,52,16,HIGH
77,62,63,17,MEDIUM
78,83,81,23,MEDIUM
75,63,76,21,MEDIUM
42,40,36,13,HIGH
79,78,75,19,MEDIUM
65,69,73,23,MEDIUM
94,96,96,30,LOW
82,73,61,22,MEDIUM
79,67,74,19,MEDIUM
79,64,66,18,MEDIUM
91,91,96,30,LOW
76,68,73,24,MEDIUM
83,89,96,28,LOW
54,52,51,14,HIGH
83,77,80,23,MEDIUM
72,72,76,22,MEDIUM
83,79,98,28,LOW
90,91,100,30,LOW
78,76,77,23,MEDIUM
84,93,94,28,LOW
78,73,67,21,MEDIUM
77,68,68,22,MEDIUM
80,68,74,18,MEDIUM
98,88,100,28,LOW
61,51,48,17,HIGH
86,77,90,24,LOW
85,91,93,26,LOW
85,81,90,27,LOW
77,75,75,20,MEDIUM
47,56,49,13,HIGH
81,83,82,27,LOW
83,87,91,26,LOW
50,41,59,14,HIGH
69,73,76,20,MEDIUM
78,81,71,23,MEDIUM
81,78,81,26,LOW
85,84,86,25,LOW
94,91,97,28,LOW
97,88,92,27,LOW
40,35,35,12,HIGH
55,56,62,17,HIGH
85,91,90,27,LOW
95,95,93,28,LOW
95,84,89,28,LOW
77,85,64,21,MEDIUM
71,76,74,21,MEDIUM
96,98,94,27,LOW
89,84,91,28,LOW
91,84,88,28,LOW
91,86,90,25,LOW
80,83,69,23,MEDIUM
84,97,98,27,LOW
69,69,63,21,MEDIUM
96,87,90,27,LOW
79,76,66,21,MEDIUM
97,86,84,24,LOW
79,71,69,21,MEDIUM
74,75,74,24,MEDIUM
43,37,47,12,HIGH
80,78,84,25,MEDIUM
92,99,100,30,LOW
69,72,55,19,MEDIUM
87,86,87,26,LOW
48,49,56,16,HIGH
51,49,54,17,HIGH
95,87,100,28,LOW
71,83,80,22,MEDIUM
71,73,78,23,MEDIUM
85,82,91,25,LOW
91,86,94,28,LOW
57,53,54,17,HIGH
82,89,87,29,LOW
98,93,92,30,LOW
95,96,93,28,LOW
94,94,97,28,LOW
97,99,92,30,LOW
48,59,57,16,HIGH
77,75,71,23,MEDIUM
85,82,93,27,LOW
91,85,94,25,LOW
49,55,56,17,HIGH
98,91,92,29,LOW
48,42,50,15,HIGH
94,97,95,27,LOW
86,95,87,24,LOW
78,78,69,19,MEDIUM
78,83,83,24,MEDIUM
95,88,96,28,LOW
81,73,67,21,MEDIUM
59,51,50,17,HIGH
71,73,68,22,MEDIUM
84,91,91,27,LOW
46,50,54,18,HIGH
95,85,87,26,LOW
67,95,87,26,LOW
92,92,95,27,LOW
89,78,83,27,LOW
69,68,74,21,MEDIUM
82,75,84,23,MEDIUM
48,46,52,15,HIGH
54,57,59,18,HIGH
87,70,78,25,MEDIUM
40,42,40,12,HIGH
62,65,67,19,MEDIUM
93,88,86,26,LOW
93,100,97,26,LOW
77,68,65,20,MEDIUM
79,74,77,20,MEDIUM
59,60,70,15,HIGH
77,78,84,24,MEDIUM
83,77,87,25,LOW
100,100,97,30,LOW
91,87,94,30,LOW
82,87,81,25,LOW
60,66,58,18,HIGH
84,96,90,27,LOW
49,45,49,13,HIGH
56,52,58,16,HIGH
81,92,93,27,LOW
69,66,72,22,MEDIUM
88,88,98,25,LOW
88,98,85,28,LOW
92,87,94,28,LOW
98,87,91,28,LOW
85,81,98,25,LOW
99,100,90,30,LOW
85,83,87,26,LOW
96,92,91,28,LOW
59,89,86,27,MEDIUM
69,75,65,23,MEDIUM
71,81,73,21,MEDIUM
82,83,100,28,LOW
78,72,76,23,MEDIUM
72,71,76,23,MEDIUM
85,85,93,24,LOW
79,84,77,22,MEDIUM
94,100,96,26,LOW
81,78,84,22,MEDIUM
50,46,44,14,HIGH
80,65,65,23,MEDIUM
50,56,55,13,HIGH
98,52,48,14,MEDIUM
92,91,100,27,LOW
72,75,87,21,MEDIUM
81,81,88,26,LOW
83,83,85,26,LOW
52,56,57,16,HIGH
78,77,81,24,MEDIUM
78,80,71,21,MEDIUM
90,95,85,27,LOW
83,83,82,27,LOW
65,56,67,21,MEDIUM
63,77,86,23,MEDIUM
85,78,82,27,LOW
69,57,61,19,MEDIUM
43,48,45,13,HIGH
82,81,84,25,LOW
80,89,87,26,LOW
95,83,77,24,LOW
88,90,87,27,LOW
93,87,91,25,LOW
46,45,54,15,HIGH
95,87,80,27,LOW
100,93,96,27,LOW
91,89,100,27,LOW
83,89,87,25,LOW
66,63,70,23,MEDIUM
74,70,69,22,MEDIUM
91,89,93,28,LOW
81,69,66,23,MEDIUM
90,86,88,28,LOW
81,67,74,19,MEDIUM
89,91,97,29,LOW
77,65,67,21,MEDIUM
92,92,99,28,LOW
72,71,73,22,MEDIUM
78,68,67,19,MEDIUM
77,74,75,21,MEDIUM
96,45,45,17,MEDIUM
93,97,99,27,LOW
79,87,78,23,MEDIUM
72,71,71,23,MEDIUM
73,74,73,21,MEDIUM
62,87,92,28,LOW
68,59,64,20,MEDIUM
95,98,92,29,LOW
91,93,88,27,LOW
62,63,58,18,HIGH
73,78,71,23,MEDIUM
87,88,87,25,LOW
89,88,83,28,LOW
68,75,74,21,MEDIUM
84,90,93,26,LOW
66,74,77,23,MEDIUM
77,72,70,22,MEDIUM
65,68,70,19,MEDIUM
74,78,69,22,MEDIUM
96,50,47,14,MEDIUM
74,67,67,22,MEDIUM
64,70,73,18,MEDIUM
52,43,51,13,HIGH
83,75,80,22,MEDIUM
72,80,86,23,MEDIUM
52,57,57,14,HIGH
96,91,86,28,LOW
82,88,80,26,LOW
82,75,70,23,MEDIUM
94,96,88,25,LOW
92,87,89,28,LOW
81,68,72,19,MEDIUM
91,95,97,27,LOW
95,83,95,28,LOW
92,95,92,29,LOW
73,70,71,22,MEDIUM
48,40,51,14,HIGH
81,85,82,26,LOW
87,95,87,25,LOW
100,91,91,29,LOW
100,95,95,29,LOW
90,93,91,26,LOW
72,65,63,22,MEDIUM
73,78,89,23,MEDIUM
77,74,72,22,MEDIUM
73,76,77,22,MEDIUM
88,83,84,23,LOW
85,78,84,26,LOW
97,93,94,29,LOW
90,84,79,26,LOW
50,60,55,15,HIGH
80,67,68,21,MEDIUM
87,89,88,27,LOW
73,72,69,21,MEDIUM
70,77,77,19,MEDIUM
80,65,62,16,MEDIUM
95,89,100,26,LOW
94,100,96,29,LOW
95,87,94,26,LOW
76,79,77,23,MEDIUM
92,98,97,29,LOW
55,59,59,15,HIGH
91,88,100,29,LOW
68,74,76,20,MEDIUM
80,89,87,23,LOW
95,95,97,28,LOW
89,90,88,26,LOW
78,74,80,23,MEDIUM
96,95,88,29,LOW
98,94,96,30,LOW
40,40,45,13,HIGH
97,88,99,26,LOW
88,99,81,27,LOW
90,97,86,28,LOW
80,67,71,22,MEDIUM
47,49,52,15,HIGH
50,53,48,17,HIGH
93,91,86,26,LOW
69,65,71,22,MEDIUM
93,87,100,28,LOW
90,94,90,28,LOW
81,69,66,18,MEDIUM
73,71,77,22,MEDIUM
100,95,92,29,LOW
74,66,69,22,MEDIUM
56,43,54,15,HIGH
89,89,86,28,LOW
65,70,61,19,MEDIUM
51,48,48,15,HIGH
97,93,91,28,LOW
91,90,87,27,LOW
80,73,74,20,MEDIUM
77,79,77,25,MEDIUM
94,100,91,26,LOW
43,35,46,16,HIGH
69,79,59,20,MEDIUM
91,83,84,25,LOW
63,55,61,18,HIGH
87,87,84,27,LOW
58,54,51,16,HIGH
73,68,67,21,MEDIUM
74,76,74,24,MEDIUM
45,52,52,17,HIGH
47,35,52,14,HIGH
52,51,56,17,HIGH
91,78,86,25,LOW
85,83,83,27,LOW
92,90,100,27,LOW
88,86,80,28,LOW
52,39,57,13,HIGH
53,58,51,15,HIGH
68,76,79,20,MEDIUM
88,90,83,26,LOW
93,89,99,29,LOW
42,38,30,12,HIGH
100,88,90,28,LOW
84,91,83,28,LOW
69,73,63,21,MEDIUM
82,93,85,26,LOW
88,81,80,26,LOW
94,90,93,28,LOW
77,66,73,19,MEDIUM
95,89,87,27,LOW
91,90,89,24,LOW
74,74,69,23,MEDIUM
89,92,90,27,LOW
47,39,45,12,HIGH
63,63,63,19,MEDIUM
49,40,50,14,HIGH
40,52,44,13,HIGH
84,92,100,26,LOW
66,72,70,22,MEDIUM
79,77,84,25,MEDIUM
93,84,83,27,LOW
48,58,53,13,HIGH
67,83,83,21,MEDIUM
54,52,53,17,HIGH
53,42,46,16,HIGH
80,78,79,22,MEDIUM
100,98,100,30,LOW
86,95,95,26,LOW
88,94,95,29,LOW
67,72,76,20,MEDIUM
83,80,86,24,LOW
94,47,46,16,MEDIUM
46,52,55,14,HIGH
61,86,91,28,MEDIUM
98,85,91,26,LOW
58,66,75,21,MEDIUM
85,79,80,25,LOW
53,48,61,16,HIGH
93,96,96,29,LOW
99,85,85,28,LOW
54,61,47,16,HIGH
95,96,90,27,LOW
84,86,87,26,LOW
40,38,49,14,HIGH
79,82,85,24,MEDIUM
91,88,96,28,LOW
92,90,87,28,LOW
51,41,45,15,HIGH
91,81,97,28,LOW
84,83,93,26,LOW
83,75,88,27,LOW
40,44,50,13,HIGH
86,77,88,26,LOW
55,62,66,19,HIGH
94,94,95,27,LOW
65,77,74,21,MEDIUM
92,91,95,28,LOW
81,69,68,21,MEDIUM
76,83,74,22,MEDIUM
93,84,92,26,LOW
96,83,97,26,LOW
91,91,96,28,LOW
88,81,91,27,LOW
68,75,82,22,MEDIUM
66,65,67,19,MEDIUM
81,75,73,26,MEDIUM
75,77,75,22,MEDIUM
48,53,46,14,HIGH
49,57,62,16,HIGH
89,86,88,25,LOW
77,70,72,22,MEDIUM
92,94,88,25,LOW
92,93,94,27,LOW
50,48,58,14,HIGH
67,68,68,20,MEDIUM
96,50,56,15,MEDIUM
53,52,50,13,HIGH
95,100,96,29,LOW
100,89,96,29,LOW
56,53,47,14,HIGH
86,84,85,27,LOW
91,96,98,29,LOW
84,80,83,23,MEDIUM
87,84,90,27,LOW
79,67,67,22,MEDIUM
91,100,90,30,LOW
78,80,80,24,MEDIUM
88,83,88,28,LOW
89,98,100,28,LOW
89,95,92,26,LOW
91,89,98,29,LOW
98,79,78,26,LOW
45,50,47,15,HIGH
87,86,86,25,LOW
95,100,99,29,LOW
93,97,93,29,LOW
92,56,47,17,MEDIUM
68,69,68,22,MEDIUM
84,93,81,24,LOW
92,70,83,25,LOW
67,78,80,25,MEDIUM
90,93,80,26,LOW
89,95,91,28,LOW
62,86,99,28,LOW
98,95,89,28,LOW
73,71,72,21,MEDIUM
74,83,75,24,MEDIUM
91,100,98,29,LOW
59,58,57,17,HIGH
50,53,55,16,HIGH
84,89,93,27,LOW
94,92,96,27,LOW
73,69,77,21,MEDIUM
82,82,77,24,MEDIUM
81,71,74,18,MEDIUM
100,100,100,30,LOW
95,78,93,26,LOW
87,87,87,28,LOW
78,75,73,22,MEDIUM
99,96,100,29,LOW
90,88,88,28,LOW
84,86,88,25,LOW
79,78,78,23,MEDIUM
93,84,100,28,LOW
54,49,55,15,HIGH
82,80,80,23,MEDIUM
79,69,67,22,MEDIUM
96,86,81,26,LOW
80,87,82,26,LOW
75,66,69,20,MEDIUM
69,64,72,20,MEDIUM
88,89,85,25,LOW
87,100,92,28,LOW
45,52,43,14,HIGH
77,74,66,20,MEDIUM
74,76,77,24,MEDIUM
68,66,59,19,MEDIUM
44,52,49,14,HIGH
90,92,94,25,LOW
83,83,77,23,MEDIUM
98,90,99,26,LOW
86,93,94,26,LOW
91,91,84,26,LOW
82,89,86,26,LOW
92,92,99,29,LOW
82,87,92,29,LOW
93,98,100,28,LOW
89,89,87,27,LOW
90,92,95,26,LOW
80,69,67,23,MEDIUM
51,48,56,17,HIGH
88,92,80,27,LOW
69,73,88,22,MEDIUM
79,87,92,25,LOW
88,86,87,25,LOW
60,50,53,17,HIGH
75,70,74,20,MEDIUM
89,97,92,27,LOW
83,85,91,26,LOW
49,53,49,15,HIGH
79,73,60,23,MEDIUM
70,70,76,22,MEDIUM
94,100,100,28,LOW
99,96,97,30,LOW
67,69,72,23,MEDIUM
86,92,82,24,LOW
95,89,100,26,LOW
80,67,68,22,MEDIUM
42,42,43,14,HIGH
80,76,65,21,MEDIUM
61,65,65,18,MEDIUM
94,90,97,26,LOW
53,51,52,17,HIGH
78,71,75,20,MEDIUM
43,45,41,15,HIGH
100,89,100,28,LOW
45,50,46,13,HIGH
86,89,91,28,LOW
80,68,64,16,MEDIUM
79,73,79,22,MEDIUM
70,57,62,22,MEDIUM
90,79,86,27,LOW
84,86,96,25,LOW
77,76,65,20,MEDIUM
93,87,95,25,LOW
94,100,91,28,LOW
56,57,59,19,HIGH
72,66,69,21,MEDIUM
87,89,90,26,LOW
76,61,78,23,MEDIUM
46,41,52,12,HIGH
69,74,78,23,MEDIUM
83,88,90,23,LOW
93,83,94,25,LOW
84,95,90,26,LOW
78,74,80,23,MEDIUM
95,89,94,26,LOW
87,88,88,27,LOW
42,42,39,14,HIGH
77,68,70,23,MEDIUM
56,51,53,17,HIGH
100,99,100,27,LOW
68,75,63,22,MEDIUM
51,43,51,14,HIGH
70,76,74,22,MEDIUM
94,86,87,26,LOW
90,90,95,27,LOW
49,38,47,14,HIGH
97,96,94,27,LOW
51,60,50,14,HIGH
88,89,81,25,LOW
52,46,50,15,HIGH
70,79,75,23,MEDIUM
65,64,58,19,MEDIUM
82,77,79,24,MEDIUM
85,86,96,28,LOW
96,90,90,27,LOW
83,94,86,28,LOW
72,75,74,20,MEDIUM
83,71,62,20,MEDIUM
80,70,60,21,MEDIUM
80,70,73,18,MEDIUM
78,91,86,27,LOW
48,52,43,13,HIGH
41,43,46,14,HIGH
66,75,70,21,MEDIUM
76,64,68,23,MEDIUM
78,86,85,26,LOW
78,82,86,26,LOW
47,42,52,14,HIGH
80,86,91,26,LOW
72,82,73,23,MEDIUM
92,96,96,26,LOW
50,60,58,15,HIGH
43,33,40,13,HIGH
75,76,71,20,MEDIUM
86,94,93,25,LOW
89,92,86,26,LOW
98,46,44,15,MEDIUM
41,52,55,15,HIGH
62,61,56,18,HIGH
57,50,47,16,HIGH
83,68,75,22,MEDIUM
89,90,95,27,LOW
88,86,85,25,LOW
71,68,71,22,MEDIUM
75,75,80,23,MEDIUM
59,65,69,21,MEDIUM
90,88,100,27,LOW
63,65,66,17,MEDIUM
92,81,94,25,LOW
67,75,71,21,MEDIUM
98,92,88,28,LOW
95,82,89,26,LOW
94,91,95,30,LOW
76,80,71,24,MEDIUM
74,85,83,22,MEDIUM
85,77,81,26,LOW
82,93,89,26,LOW
86,84,87,24,LOW
77,65,75,18,MEDIUM
73,71,75,24,MEDIUM
76,81,88,24,MEDIUM
87,84,87,27,LOW
93,91,84,25,LOW
90,83,85,25,LOW
87,90,93,26,LOW
46,38,50,17,HIGH
68,78,77,22,MEDIUM
41,44,56,13,HIGH
49,43,55,17,HIGH
68,66,67,20,MEDIUM
100,100,100,30,LOW
78,65,66,23,MEDIUM
84,85,91,25,LOW
77,69,80,22,MEDIUM
85,88,93,27,LOW
85,82,83,24,LOW
50,40,56,17,HIGH
91,84,99,28,LOW
82,84,86,26,LOW
91,97,92,28,LOW
96,92,90,29,LOW
52,49,62,15,HIGH
73,76,67,22,MEDIUM
84,88,86,25,LOW
40,48,53,14,HIGH
84,90,77,25,LOW
93,81,100,25,LOW
89,90,87,25,LOW
49,48,45,13,HIGH
92,91,81,27,LOW
77,70,70,21,MEDIUM
83,61,65,20,MEDIUM
80,75,76,19,MEDIUM
48,46,53,15,HIGH
81,85,79,28,LOW
47,54,52,14,HIGH
78,87,82,25,LOW
51,54,58,16,HIGH
96,93,94,29,LOW
84,89,84,23,LOW
75,71,71,20,MEDIUM
86,90,86,25,LOW
88,93,99,29,LOW
70,71,75,23,MEDIUM
77,70,73,21,MEDIUM
85,75,76,23,MEDIUM
90,94,93,27,LOW
98,92,90,27,LOW
77,71,64,21,MEDIUM
80,80,91,22,MEDIUM
50,55,58,16,HIGH
68,76,78,24,MEDIUM
72,79,68,21,MEDIUM
80,71,85,23,MEDIUM
100,100,100,30,LOW
78,65,72,20,MEDIUM
68,66,72,21,MEDIUM
69,75,74,19,MEDIUM
84,76,91,28,LOW
93,86,94,27,LOW
91,97,97,28,LOW
97,92,96,28,LOW
83,75,82,25,MEDIUM
71,73,71,20,MEDIUM
75,61,69,18,MEDIUM
86,95,81,25,LOW
83,94,76,24,LOW
74,81,69,24,MEDIUM
75,70,73,21,MEDIUM
67,74,73,21,MEDIUM
97,100,100,29,LOW
82,79,90,26,LOW
61,92,95,26,MEDIUM
75,80,72,22,MEDIUM
82,84,86,25,LOW
63,68,71,20,MEDIUM
94,100,93,29,LOW
96,92,95,26,LOW
84,85,94,27,LOW
71,75,76,22,MEDIUM
60,92,84,28,MEDIUM
86,92,85,26,LOW
94,93,90,28,LOW
80,85,78,27,LOW
78,71,64,19,MEDIUM
91,81,88,27,LOW
92,91,97,29,LOW
85,64,68,19,MEDIUM
96,95,94,26,LOW
100,96,90,28,LOW
51,42,47,17,HIGH
73,69,79,23,MEDIUM
90,96,84,28,LOW
79,75,70,18,MEDIUM
70,61,71,20,MEDIUM
83,86,94,26,LOW
74,73,68,20,MEDIUM
71,78,64,23,MEDIUM
75,64,75,22,MEDIUM
71,66,77,20,MEDIUM
65,88,89,26,MEDIUM
83,88,88,28,LOW
95,86,93,27,LOW
84,93,87,26,LOW
90,88,90,27,LOW
71,76,83,22,MEDIUM
52,49,63,18,HIGH
78,72,64,20,MEDIUM
86,72,84,22,MEDIUM
83,90,87,26,LOW
48,61,53,16,HIGH
79,80,83,24,MEDIUM
63,63,71,19,MEDIUM
89,83,81,26,LOW
54,51,56,14,HIGH
82,75,74,23,MEDIUM
88,84,92,27,LOW
92,88,92,27,LOW
86,81,93,27,LOW
78,71,66,21,MEDIUM
86,89,86,26,LOW
81,65,70,22,MEDIUM
100,94,100,28,LOW
47,54,41,14,HIGH
80,77,72,23,MEDIUM
92,90,80,29,LOW
87,96,84,28,LOW
64,63,63,20,MEDIUM
87,91,93,28,LOW
96,94,94,27,LOW
78,68,71,21,MEDIUM
59,50,54,18,HIGH
48,53,46,14,HIGH
51,52,56,16,HIGH
77,79,76,22,MEDIUM
75,70,86,21,MEDIUM
86,94,92,26,LOW
86,90,82,25,LOW
80,74,74,24,MEDIUM
64,57,65,18,HIGH
89,98,75,27,LOW
40,35,42,13,HIGH
100,91,100,30,LOW
80,67,75,19,MEDIUM
41,53,50,17,HIGH
94,91,91,30,LOW
84,94,82,27,LOW
82,79,84,26,LOW
100,87,100,28,LOW
91,89,91,27,LOW
74,77,79,22,MEDIUM
90,84,95,27,LOW
44,44,47,13,HIGH
96,79,86,25,LOW
80,71,69,20,MEDIUM
52,61,64,17,HIGH
88,88,92,28,LOW
77,74,69,22,MEDIUM
55,52,63,17,HIGH
49,53,53,15,HIGH
97,99,89,26,LOW
99,100,98,28,LOW
77,73,80,25,MEDIUM
47,52,50,14,HIGH
69,80,61,21,MEDIUM
89,91,89,27,LOW
91,91,90,29,LOW
52,45,44,16,HIGH
95,91,100,26,LOW
71,74,65,22,MEDIUM
49,44,38,16,HIGH
79,81,73,22,MEDIUM
87,91,89,26,LOW
62,54,63,18,HIGH
60,46,54,14,HIGH
78,73,72,22,MEDIUM
86,86,96,27,LOW
89,84,86,27,LOW
93,96,95,29,LOW
58,69,56,19,HIGH
80,92,94,27,LOW
48,47,43,14,HIGH
47,56,60,15,HIGH
94,82,94,27,LOW
85,81,89,28,LOW
78,82,75,23,MEDIUM
47,55,48,15,HIGH
99,90,86,30,LOW
78,74,77,23,MEDIUM
56,55,55,17,HIGH
80,82,80,25,MEDIUM
69,73,69,19,MEDIUM
79,74,81,21,MEDIUM
76,83,82,25,MEDIUM
90,85,90,25,LOW
52,57,54,16,HIGH
71,68,71,20,MEDIUM
82,77,82,26,LOW
76,82,81,23,MEDIUM
67,82,75,23,MEDIUM
81,69,60,22,MEDIUM
84,91,82,27,LOW
75,68,66,21,MEDIUM
68,61,74,20,MEDIUM
55,43,56,16,HIGH
51,63,55,13,HIGH
94,82,89,25,LOW
98,90,91,25,LOW
100,93,100,29,LOW
95,89,85,28,LOW
52,52,54,16,HIGH
80,85,82,22,MEDIUM
86,87,92,27,LOW
85,84,84,25,LOW
76,79,80,26,MEDIUM
88,87,91,26,LOW
51,50,53,18,HIGH
65,78,68,22,MEDIUM
79,73,85,26,MEDIUM
84,78,82,25,LOW
77,66,68,18,MEDIUM
80,74,72,21,MEDIUM
68,72,83,21,MEDIUM
93,93,100,30,LOW
80,67,67,20,MEDIUM
76,77,88,22,MEDIUM
94,96,87,28,LOW
47,58,57,18,HIGH
86,86,93,25,LOW
99,98,99,30,LOW
100,88,97,29,LOW
82,67,75,18,MEDIUM
83,85,86,26,LOW
89,97,93,28,LOW
93,87,90,26,LOW
88,94,94,27,LOW
67,65,75,22,MEDIUM
82,65,62,22,MEDIUM
75,77,73,23,MEDIUM
75,78,70,22,MEDIUM
86,93,89,25,LOW
77,72,70,17,MEDIUM
68,78,64,23,MEDIUM
72,81,72,18,MEDIUM
80,80,85,22,MEDIUM
91,99,87,28,LOW
55,52,54,15,HIGH
67,82,77,22,MEDIUM
59,85,93,26,MEDIUM
65,56,52,17,HIGH
95,92,92,29,LOW
50,45,46,15,HIGH
80,69,66,21,MEDIUM
92,89,99,29,LOW
80,70,70,20,MEDIUM
89,95,86,27,LOW
48,41,50,14,HIGH
87,89,98,26,LOW
76,76,80,21,MEDIUM
98,100,93,28,LOW
85,87,94,26,LOW
96,99,96,27,LOW
49,54,58,14,HIGH
92,91,88,28,LOW
79,67,77,22,MEDIUM
63,60,54,17,HIGH
90,89,76,26,LOW
54,85,86,25,MEDIUM
84,89,88,25,LOW
79,64,80,22,MEDIUM
53,53,46,14,HIGH
56,38,53,15,HIGH
93,100,96,29,LOW
93,87,95,29,LOW
77,87,80,25,MEDIUM
46,48,46,14,HIGH
43,56,47,14,HIGH
80,79,81,24,MEDIUM
52,44,45,14,HIGH
85,88,89,27,LOW
67,64,66,21,MEDIUM
87,88,95,29,LOW
82,76,76,24,MEDIUM
45,47,47,13,HIGH
81,78,83,24,MEDIUM
83,92,84,25,LOW
72,67,70,22,MEDIUM
87,92,83,27,LOW
91,91,100,28,LOW
72,81,82,24,MEDIUM
90,86,90,26,LOW
51,55,57,16,HIGH
85,94,97,25,LOW
81,68,71,21,MEDIUM
89,95,91,29,LOW
78,81,76,24,MEDIUM
53,54,51,18,HIGH
58,55,60,18,HIGH
42,45,41,12,HIGH
91,84,90,26,LOW
58,88,92,27,MEDIUM
70,71,83,23,MEDIUM
89,86,78,25,LOW
76,64,67,21,MEDIUM
77,66,75,22,MEDIUM
81,85,81,26,LOW
60,93,85,28,MEDIUM
83,95,100,27,LOW
74,65,68,19,MEDIUM
86,79,82,23,MEDIUM
93,92,89,28,LOW
81,83,88,26,LOW
89,72,87,23,MEDIUM
83,85,94,26,LOW
87,88,86,26,LOW
62,69,60,19,MEDIUM
80,81,68,23,MEDIUM
78,75,81,21,MEDIUM
94,50,54,16,MEDIUM
93,93,100,29,LOW
76,75,80,21,MEDIUM
43,54,52,18,HIGH
77,68,72,18,MEDIUM
89,96,87,28,LOW
81,90,83,25,LOW
52,47,50,15,HIGH
100,95,89,28,LOW
92,93,100,26,LOW
79,72,72,23,MEDIUM
82,71,66,20,MEDIUM
92,95,90,30,LOW
74,78,76,23,MEDIUM
73,77,87,22,MEDIUM
89,92,100,28,LOW
73,72,69,20,MEDIUM
90,89,91,27,LOW
71,75,73,22,MEDIUM
90,100,83,25,LOW
90,82,97,25,LOW
52,39,43,16,HIGH
86,86,95,25,LOW
70,65,69,24,MEDIUM
83,71,70,21,MEDIUM
49,45,50,15,HIGH
48,52,60,16,HIGH
67,71,77,21,MEDIUM
90,92,98,27,LOW
79,87,83,25,LOW
90,93,96,28,LOW
89,93,90,28,LOW
91,52,42,15,HIGH
97,93,98,29,LOW
43,53,40,13,HIGH
85,65,67,18,MEDIUM
78,69,71,21,MEDIUM
93,88,94,25,LOW
92,89,96,28,LOW
77,72,60,19,MEDIUM
87,92,86,29,LOW
73,85,85,24,MEDIUM
79,69,68,24,MEDIUM
87,84,86,24,LOW
94,90,99,26,LOW
63,58,67,19,MEDIUM
92,80,87,26,LOW
91,100,87,26,LOW
75,79,84,23,MEDIUM
70,74,70,20,MEDIUM
86,95,96,27,LOW
67,70,72,20,MEDIUM
76,75,78,23,MEDIUM
73,76,74,22,MEDIUM
81,69,73,23,MEDIUM
92,95,89,27,LOW
82,70,68,19,MEDIUM
88,82,87,25,LOW
74,69,76,19,MEDIUM
68,65,80,21,MEDIUM
84,91,77,25,LOW
66,71,78,20,MEDIUM
86,87,94,26,LOW
56,58,54,18,HIGH
89,93,84,28,LOW
80,91,80,27,LOW
90,90,92,28,LOW
82,95,87,27,LOW
82,82,78,26,LOW
59,61,68,20,MEDIUM
63,55,57,15,HIGH
74,69,79,23,MEDIUM
40,49,49,15,HIGH
67,64,65,19,MEDIUM
93,92,93,28,LOW
69,71,72,21,MEDIUM
73,78,77,23,MEDIUM
94,96,88,29,LOW
92,96,93,29,LOW
53,62,50,15,HIGH
52,52,48,15,HIGH
77,69,66,17,MEDIUM
47,50,46,16,HIGH
45,50,52,15,HIGH
90,90,93,25,LOW
74,74,77,22,MEDIUM
79,77,80,25,MEDIUM
98,92,89,26,LOW
78,77,84,23,MEDIUM
70,72,75,22,MEDIUM
85,90,89,25,LOW
69,70,70,21,MEDIUM
41,45,40,14,HIGH
95,96,100,27,LOW
77,71,74,21,MEDIUM
89,85,88,25,LOW
72,66,70,21,MEDIUM
95,100,88,28,LOW
93,93,96,26,LOW
92,84,83,29,LOW
89,93,93,27,LOW
70,69,77,21,MEDIUM
87,77,83,26,LOW
79,74,71,20,MEDIUM
43,53,47,14,HIGH
91,90,100,28,LOW
72,79,73,21,MEDIUM
80,89,85,27,LOW
76,75,69,18,MEDIUM
68,62,62,20,MEDIUM
76,64,83,24,MEDIUM
81,68,67,20,MEDIUM
82,64,60,18,MEDIUM
89,80,88,28,LOW
63,60,73,20,MEDIUM
88,91,93,26,LOW
71,71,80,22,MEDIUM
80,68,72,21,MEDIUM
45,46,54,15,HIGH
93,95,88,29,LOW
81,94,87,24,LOW
87,82,91,27,LOW
58,49,53,16,HIGH
100,100,100,30,LOW
76,88,96,27,LOW
100,95,89,29,LOW
73,81,76,23,MEDIUM
81,69,77,20,MEDIUM
60,60,76,19,MEDIUM
83,71,64,18,MEDIUM
85,69,69,19,MEDIUM
55,51,55,16,HIGH
62,59,63,15,HIGH
91,85,100,26,LOW
78,74,85,23,MEDIUM
82,69,68,20,MEDIUM
49,48,51,14,HIGH
93,92,88,28,LOW
76,67,74,22,MEDIUM
67,70,73,21,MEDIUM
99,97,99,29,LOW
43,44,42,12,HIGH
53,50,48,13,HIGH
54,50,53,13,HIGH
86,91,92,26,LOW
83,83,88,25,LOW
61,69,70,20,MEDIUM
79,69,85,22,MEDIUM
88,91,84,27,LOW
67,68,69,22,MEDIUM
42,45,48,13,HIGH
99,100,100,28,LOW
91,100,90,27,LOW
92,93,91,27,LOW
86,69,70,19,MEDIUM
81,68,68,22,MEDIUM
79,75,71,20,MEDIUM
57,48,55,14,HIGH
88,83,83,27,LOW
57,89,89,27,MEDIUM
84,70,66,19,MEDIUM
59,58,68,17,HIGH
81,70,83,25,MEDIUM
75,65,77,21,MEDIUM
91,96,96,29,LOW
88,88,78,28,LOW
52,45,50,14,HIGH
90,81,91,27,LOW
53,55,50,18,HIGH
79,84,88,24,LOW
88,75,91,27,LOW
64,67,73,18,MEDIUM
84,78,76,24,MEDIUM
52,52,46,15,HIGH
91,84,85,27,LOW
86,67,73,18,MEDIUM
45,47,45,13,HIGH
69,65,65,21,MEDIUM
43,57,43,13,HIGH
74,77,68,21,MEDIUM
95,87,87,23,LOW
90,94,90,28,LOW
58,89,93,26,MEDIUM
67,50,65,20,MEDIUM
53,55,54,16,HIGH
86,89,93,27,LOW
86,89,85,26,LOW
99,97,99,30,LOW
64,51,58,18,HIGH
90,93,100,29,LOW
92,87,86,27,LOW
84,83,85,27,LOW
82,85,84,24,LOW
58,50,61,18,HIGH
73,75,75,22,MEDIUM
77,70,67,20,MEDIUM
80,69,69,20,MEDIUM
44,59,54,17,HIGH
74,71,66,23,MEDIUM
99,96,99,30,LOW
95,94,100,29,LOW
57,50,44,16,HIGH
94,100,100,30,LOW
43,45,54,12,HIGH
83,90,87,25,LOW
70,74,77,22,MEDIUM
86,89,92,25,LOW
78,79,85,23,MEDIUM
89,99,95,26,LOW
90,93,94,29,LOW
69,78,75,22,MEDIUM
45,58,61,14,HIGH
67,66,63,21,MEDIUM
88,76,79,25,LOW
72,73,78,21,MEDIUM
76,70,78,20,MEDIUM
76,72,91,21,MEDIUM
74,75,72,20,MEDIUM
78,84,81,23,MEDIUM
88,88,92,25,LOW
79,88,80,27,LOW
58,62,59,17,HIGH
82,78,80,22,MEDIUM
70,78,77,22,MEDIUM
80,75,67,21,MEDIUM
53,43,49,15,HIGH
73,76,78,21,MEDIUM
60,60,57,16,HIGH
68,56,72,20,MEDIUM
90,95,95,29,LOW
95,100,95,28,LOW
80,71,75,23,MEDIUM
76,86,84,25,MEDIUM
93,97,93,27,LOW
59,49,54,15,HIGH
96,93,92,28,LOW
75,70,80,23,MEDIUM
78,70,64,20,MEDIUM
90,94,89,27,LOW
60,68,56,17,HIGH
52,40,45,13,HIGH
96,87,94,27,LOW
56,88,90,25,MEDIUM
86,96,95,26,LOW
96,97,92,28,LOW
80,77,78,22,MEDIUM
95,97,100,28,LOW
91,86,92,25,LOW
79,84,93,25,LOW
63,64,61,18,HIGH
40,34,46,14,HIGH
49,56,53,16,HIGH
92,72,76,28,LOW
95,80,80,27,LOW
53,51,51,17,HIGH
80,76,76,22,MEDIUM
75,74,72,20,MEDIUM
40,43,36,11,HIGH
71,71,72,23,MEDIUM
98,99,95,26,LOW
72,78,66,23,MEDIUM
85,80,86,25,LOW
80,79,80,26,MEDIUM
48,50,48,14,HIGH
40,37,45,13,HIGH
70,73,74,22,MEDIUM
96,97,88,28,LOW
79,86,79,22,MEDIUM
61,63,66,19,MEDIUM
95,98,98,28,LOW
96,96,92,28,LOW
76,73,68,20,MEDIUM
70,69,76,22,MEDIUM
42,43,49,13,HIGH
71,74,70,20,MEDIUM
90,89,84,27,LOW
96,85,89,27,LOW
67,60,68,20,MEDIUM
53,49,47,17,HIGH
100,98,100,30,LOW
83,87,98,28,LOW
43,46,44,13,HIGH
69,71,71,21,MEDIUM
92,94,89,27,LOW
89,91,97,26,LOW
100,94,92,26,LOW
85,95,81,26,LOW
72,70,74,21,MEDIUM
92,44,45,14,HIGH
81,86,90,25,LOW
56,59,60,17,HIGH
45,40,53,13,HIGH
83,85,81,27,LOW
77,75,74,23,MEDIUM
81,73,74,18,MEDIUM
67,79,61,20,MEDIUM
72,76,72,23,MEDIUM
89,91,92,29,LOW
77,68,74,21,MEDIUM
93,94,91,26,LOW
42,49,39,13,HIGH
79,77,75,23,MEDIUM
92,97,100,28,LOW
93,81,81,26,LOW
81,77,75,22,MEDIUM
93,92,87,27,LOW
65,54,71,20,MEDIUM
93,86,85,27,LOW
86,86,86,26,LOW
53,52,53,13,HIGH
100,99,100,30,LOW
84,81,84,24,LOW
89,80,81,24,LOW
70,70,78,21,MEDIUM
59,84,92,26,MEDIUM
84,71,75,23,MEDIUM
91,86,79,25,LOW
81,70,68,22,MEDIUM
88,78,93,25,LOW
83,79,85,25,LOW
80,82,86,25,LOW
91,94,93,27,LOW
48,47,48,15,HIGH
100,97,100,29,LOW
82,79,73,20,MEDIUM
92,83,95,28,LOW
85,100,100,27,LOW
86,77,85,27,LOW
76,72,67,25,MEDIUM
89,85,97,27,LOW
74,72,82,23,MEDIUM
72,85,81,23,MEDIUM
96,95,91,30,LOW
60,56,61,19,HIGH
95,93,94,28,LOW
76,65,61,19,MEDIUM
85,86,92,27,LOW
79,74,71,24,MEDIUM
55,42,50,16,HIGH
91,92,93,29,LOW
54,61,59,15,HIGH
80,86,80,26,LOW
84,85,84,24,LOW
86,91,92,27,LOW
64,58,61,20,MEDIUM
75,70,71,23,MEDIUM
88,86,92,27,LOW
48,58,58,16,HIGH
84,91,89,28,LOW
65,71,67,19,MEDIUM
76,85,70,23,MEDIUM
61,65,76,21,MEDIUM
66,73,68,20,MEDIUM
86,88,96,26,LOW
48,50,54,16,HIGH
89,98,95,29,LOW
91,82,88,25,LOW
95,90,87,27,LOW
90,94,96,26,LOW
89,82,94,29,LOW
89,86,87,28,LOW
86,86,81,26,LOW
100,92,95,30,LOW
95,100,91,27,LOW
93,97,93,28,LOW
56,50,51,16,HIGH
91,85,78,28,LOW
98,91,96,28,LOW
91,93,93,27,LOW
90,93,82,25,LOW
72,70,81,22,MEDIUM
44,53,51,12,HIGH
50,57,58,15,HIGH
90,83,95,28,LOW
69,74,75,21,MEDIUM
54,47,60,16,HIGH
87,91,88,26,LOW
64,69,70,21,MEDIUM
74,72,83,22,MEDIUM
79,74,79,21,MEDIUM
95,92,100,29,LOW
85,72,69,22,MEDIUM
70,66,66,21,MEDIUM
46,43,41,15,HIGH
72,70,73,21,MEDIUM
78,71,73,21,MEDIUM
75,70,65,21,MEDIUM
96,90,87,27,LOW
91,86,86,27,LOW
63,65,76,21,MEDIUM
80,69,73,23,MEDIUM
88,81,85,25,LOW
80,67,67,18,MEDIUM
74,72,72,20,MEDIUM
92,98,98,28,LOW
74,82,85,23,MEDIUM
89,87,82,25,LOW
95,92,93,29,LOW
73,72,77,24,MEDIUM
77,77,82,24,MEDIUM
80,71,62,18,MEDIUM
47,45,54,13,HIGH
75,74,80,22,MEDIUM
90,90,96,27,LOW
84,72,69,18,MEDIUM
89,88,94,28,LOW
89,89,100,27,LOW
99,99,100,29,LOW
68,60,68,19,MEDIUM
46,49,44,13,HIGH
92,94,85,27,LOW
74,69,75,22,MEDIUM
82,69,69,18,MEDIUM
71,76,63,20,MEDIUM
83,86,86,28,LOW
79,72,72,18,MEDIUM
95,92,95,28,LOW
79,69,74,17,MEDIUM
80,74,86,25,MEDIUM
68,76,74,22,MEDIUM
87,83,82,24,LOW
90,93,90,27,LOW
62,61,56,18,HIGH
69,77,81,22,MEDIUM
81,68,68,20,MEDIUM
52,50,44,14,HIGH
50,54,62,14,HIGH
88,90,98,28,LOW
76,84,78,22,MEDIUM
81,91,88,27,LOW
64,63,57,20,MEDIUM
74,72,73,22,MEDIUM
40,39,52,13,HIGH
46,34,48,16,HIGH
87,95,87,26,LOW
52,59,59,17,HIGH
61,69,68,21,MEDIUM
89,82,90,26,LOW
85,84,84,24,LOW
81,82,75,21,MEDIUM
92,92,89,30,LOW
67,65,70,20,MEDIUM
65,60,64,19,MEDIUM
76,76,66,22,MEDIUM
94,90,80,29,LOW
74,74,67,23,MEDIUM
95,93,91,27,LOW
49,53,50,16,HIGH
77,62,76,22,MEDIUM
80,86,89,25,LOW
91,88,94,26,LOW
68,76,71,19,MEDIUM
95,94,100,29,LOW
90,94,92,26,LOW
97,100,100,29,LOW
94,84,80,27,LOW
87,87,90,25,LOW
91,83,97,29,LOW
88,97,95,27,LOW
100,100,100,30,LOW
67,68,69,21,MEDIUM
56,50,53,16,HIGH
63,65,63,20,MEDIUM
94,90,93,27,LOW
81,81,61,19,MEDIUM
69,78,68,23,MEDIUM
84,62,70,23,MEDIUM
43,29,38,11,HIGH
56,57,64,18,HIGH
52,50,51,15,HIGH
56,49,56,16,HIGH
98,96,93,30,LOW
85,70,69,18,MEDIUM
79,65,68,22,MEDIUM
95,44,46,14,HIGH
80,79,67,18,MEDIUM
56,60,64,18,HIGH
47,52,58,15,HIGH
74,73,71,20,MEDIUM
84,84,85,25,LOW
93,85,89,28,LOW
68,74,77,22,MEDIUM
79,65,84,21,MEDIUM
82,74,62,19,MEDIUM
80,72,61,21,MEDIUM
75,71,73,22,MEDIUM
51,41,52,16,HIGH
59,68,67,20,MEDIUM
68,69,74,20,MEDIUM
88,86,91,26,LOW
88,87,88,26,LOW
74,63,74,22,MEDIUM
42,53,50,16,HIGH
91,96,87,29,LOW
93,97,97,29,LOW
74,77,77,22,MEDIUM
70,87,89,23,MEDIUM
82,70,77,18,MEDIUM
60,67,74,22,MEDIUM
93,95,90,28,LOW
88,84,86,27,LOW
68,74,73,21,MEDIUM
82,88,85,28,LOW
69,64,72,21,MEDIUM
70,67,71,20,MEDIUM
56,66,53,16,HIGH
78,73,66,20,MEDIUM
58,51,53,15,HIGH
90,94,90,28,LOW
86,92,91,26,LOW
76,70,76,22,MEDIUM
93,86,91,28,LOW
75,78,66,17,MEDIUM
76,71,75,23,MEDIUM
73,73,67,23,MEDIUM
41,40,45,13,HIGH
92,100,88,28,LOW
88,83,87,27,LOW
73,68,76,23,MEDIUM
86,95,94,25,LOW
55,52,56,17,HIGH
55,55,48,16,HIGH
71,70,73,19,MEDIUM
100,100,100,28,LOW
87,93,92,26,LOW
84,65,71,19,MEDIUM
100,100,99,28,LOW
80,75,75,22,MEDIUM
86,97,94,27,LOW
95,95,99,29,LOW
66,69,75,22,MEDIUM
87,95,99,26,LOW
51,38,43,13,HIGH
91,86,92,27,LOW
97,100,100,28,LOW
50,61,48,16,HIGH
72,67,80,20,MEDIUM
88,82,86,27,LOW
85,72,89,23,MEDIUM
82,86,82,27,LOW
82,89,80,27,LOW
74,65,70,20,MEDIUM
76,72,70,23,MEDIUM
92,90,92,28,LOW
47,53,45,14,HIGH
61,64,62,19,MEDIUM
96,45,49,16,MEDIUM
44,47,52,14,HIGH
82,88,86,27,LOW
69,72,78,22,MEDIUM
70,78,74,22,MEDIUM
80,76,78,24,MEDIUM
97,91,88,27,LOW
93,94,100,30,LOW
68,82,68,20,MEDIUM
47,40,54,15,HIGH
83,90,85,27,LOW
66,75,78,20,MEDIUM
54,49,58,17,HIGH
52,59,55,17,HIGH
89,99,93,29,LOW
84,90,88,28,LOW
51,69,60,18,HIGH
53,57,52,15,HIGH
75,62,82,22,MEDIUM
95,88,96,29,LOW
92,97,87,28,LOW
97,87,90,27,LOW
94,93,87,26,LOW
87,81,85,24,LOW
98,96,95,27,LOW
88,71,84,27,LOW
70,72,80,20,MEDIUM
72,64,67,20,MEDIUM
48,42,48,14,HIGH
82,85,73,24,MEDIUM
83,88,84,26,LOW
68,69,71,23,MEDIUM
89,88,82,24,LOW
57,53,52,16,HIGH
97,90,87,24,LOW
99,100,100,30,LOW
49,54,53,18,HIGH
65,74,70,21,MEDIUM
74,80,78,24,MEDIUM
89,81,85,27,LOW
96,90,92,28,LOW
69,71,71,20,MEDIUM
57,57,59,15,HIGH
76,73,72,24,MEDIUM
74,80,79,23,MEDIUM
93,100,85,28,LOW
93,97,89,26,LOW
45,51,51,15,HIGH
85,84,83,28,LOW
69,84,76,22,MEDIUM
40,38,39,10,HIGH
67,66,71,21,MEDIUM
82,74,83,25,MEDIUM
80,66,77,23,MEDIUM
43,44,45,14,HIGH
58,55,56,16,HIGH
62,70,68,21,MEDIUM
42,51,39,14,HIGH
76,71,79,23,MEDIUM
79,83,75,22,MEDIUM
86,98,87,27,LOW
75,76,58,20,MEDIUM
88,91,94,26,LOW
92,88,83,27,LOW
56,51,63,17,HIGH
86,72,59,21,MEDIUM
56,63,61,19,HIGH
92,82,94,29,LOW
74,71,71,20,MEDIUM
70,74,74,21,MEDIUM
59,54,64,17,HIGH
40,45,57,12,HIGH
73,62,58,21,MEDIUM
52,47,51,16,HIGH
95,99,95,27,LOW
51,33,47,12,HIGH
92,95,86,28,LOW
64,68,71,21,MEDIUM
83,66,68,19,MEDIUM
81,80,91,26,LOW
61,64,75,22,MEDIUM
40,35,45,14,HIGH
80,75,73,24,MEDIUM
40,32,43,13,HIGH
89,94,92,28,LOW
90,100,94,28,LOW
51,48,65,17,HIGH
67,70,71,23,MEDIUM
77,87,83,27,LOW
50,51,56,16,HIGH
60,69,62,18,MEDIUM
85,85,96,26,LOW
87,94,100,28,LOW
77,67,83,23,MEDIUM
93,93,100,30,LOW
71,71,75,23,MEDIUM
93,94,93,27,LOW
78,68,73,22,MEDIUM
96,93,93,28,LOW
95,89,100,27,LOW
51,58,59,17,HIGH
91,100,99,30,LOW
73,70,80,22,MEDIUM
58,52,54,15,HIGH
52,64,61,16,HIGH
85,85,89,28,LOW
91,81,87,27,LOW
60,51,69,19,HIGH
53,58,56,19,HIGH
97,100,100,28,LOW
88,95,90,26,LOW
81,82,82,25,LOW
81,74,79,23,MEDIUM
44,47,49,16,HIGH
71,71,64,23,MEDIUM
57,52,53,14,HIGH
94,84,98,27,LOW
86,85,92,27,LOW
76,72,70,22,MEDIUM
81,84,84,24,MEDIUM
85,86,87,26,LOW
69,75,71,20,MEDIUM
78,74,76,17,MEDIUM
94,94,99,29,LOW
84,83,85,24,LOW
76,85,82,23,MEDIUM
65,70,74,18,MEDIUM
80,80,72,22,MEDIUM
87,87,91,26,LOW
95,94,91,27,LOW
78,74,77,22,MEDIUM
49,47,39,13,HIGH
74,81,80,23,MEDIUM
82,84,93,26,LOW
68,66,66,22,MEDIUM
76,72,63,21,MEDIUM
79,75,64,19,MEDIUM
68,69,79,20,MEDIUM
79,65,70,20,MEDIUM
81,61,65,21,MEDIUM
81,72,72,17,MEDIUM
92,87,95,27,LOW
80,76,81,22,MEDIUM
72,64,76,22,MEDIUM
54,57,60,16,HIGH
96,100,98,29,LOW
73,77,74,21,MEDIUM
84,86,93,27,LOW
88,96,92,27,LOW
85,92,89,26,LOW
84,69,69,20,MEDIUM
89,91,100,29,LOW
61,89,96,28,LOW
90,93,87,25,LOW
89,82,97,27,LOW
100,88,91,27,LOW
93,95,86,28,LOW
96,56,53,15,MEDIUM
72,65,67,18,MEDIUM
91,83,84,27,LOW
93,93,96,29,LOW
67,71,67,20,MEDIUM
43,48,54,16,HIGH
96,49,54,16,MEDIUM
88,87,92,25,LOW
93,84,94,27,LOW
90,82,75,25,LOW
40,43,38,13,HIGH
49,47,52,11,HIGH
92,83,89,29,LOW
95,85,83,27,LOW
71,76,79,22,MEDIUM
72,65,63,20,MEDIUM
50,44,54,15,HIGH
100,98,100,30,LOW
75,84,84,26,LOW
84,88,83,25,LOW
96,90,91,29,LOW
92,86,90,27,LOW
100,93,96,27,LOW
91,94,91,27,LOW
70,68,59,21,MEDIUM
68,68,64,19,MEDIUM
56,49,52,15,HIGH
81,93,86,27,LOW
53,53,60,16,HIGH
76,75,71,21,MEDIUM
85,88,85,27,LOW
65,68,74,21,MEDIUM
99,99,96,28,LOW
46,53,60,14,HIGH
90,87,94,28,LOW
75,66,62,22,MEDIUM
51,46,46,15,HIGH
82,86,84,24,LOW
97,95,100,29,LOW
93,95,96,24,LOW
93,88,95,28,LOW
85,82,91,24,LOW
60,67,60,19,MEDIUM
46,47,51,17,HIGH
79,80,95,24,LOW
76,74,70,24,MEDIUM
50,41,50,15,HIGH
73,78,70,22,MEDIUM
90,83,88,25,LOW
85,92,92,25,LOW
49,43,47,14,HIGH
53,52,53,17,HIGH
92,93,93,27,LOW
40,31,49,13,HIGH
67,65,63,22,MEDIUM
61,57,49,18,HIGH
82,88,81,24,LOW
49,40,39,13,HIGH
72,83,68,21,MEDIUM
94,100,87,30,LOW
45,39,44,14,HIGH
82,86,85,27,LOW
71,73,81,21,MEDIUM
97,96,96,27,LOW
87,82,93,27,LOW
76,65,72,22,MEDIUM
91,95,94,30,LOW
69,64,66,21,MEDIUM
87,77,80,25,LOW
56,48,59,14,HIGH
48,38,48,16,HIGH
68,74,71,21,MEDIUM
63,70,62,21,MEDIUM
87,93,84,27,LOW
52,57,50,16,HIGH
57,56,53,15,HIGH
93,95,93,26,LOW
93,86,88,28,LOW
78,69,70,15,MEDIUM
67,61,67,20,MEDIUM
90,90,94,28,LOW
66,74,67,19,MEDIUM
87,87,86,27,LOW
67,69,66,21,MEDIUM
91,93,98,25,LOW
43,40,39,14,HIGH
50,51,49,17,HIGH
72,76,77,23,MEDIUM
81,79,76,24,MEDIUM
44,48,44,14,HIGH
94,92,88,25,LOW
80,62,71,19,MEDIUM
46,45,54,15,HIGH
74,72,81,22,MEDIUM
89,95,89,24,LOW
76,66,69,23,MEDIUM
56,70,63,18,HIGH
96,90,83,25,LOW
74,59,74,20,MEDIUM
53,37,58,15,HIGH
58,60,51,17,HIGH
83,84,83,23,MEDIUM
52,42,49,16,HIGH
73,75,69,22,MEDIUM
79,74,70,23,MEDIUM
96,100,89,30,LOW
88,93,88,27,LOW
86,91,80,25,LOW
87,81,89,26,LOW
61,86,94,26,MEDIUM
96,99,95,28,LOW
47,40,39,14,HIGH
85,81,87,26,LOW
100,93,98,29,LOW
76,87,82,24,MEDIUM
77,80,80,23,MEDIUM
74,73,70,21,MEDIUM
83,74,82,23,MEDIUM
86,87,90,25,LOW
51,49,52,15,HIGH
53,54,55,17,HIGH
87,86,83,27,LOW
73,79,66,22,MEDIUM
87,80,75,27,LOW
95,96,86,27,LOW
95,94,98,27,LOW
79,85,81,23,MEDIUM
86,92,96,26,LOW
42,42,46,14,HIGH
83,81,90,25,LOW
86,80,94,25,LOW
93,99,87,27,LOW
57,55,40,16,HIGH
84,88,78,25,LOW
80,70,78,20,MEDIUM
92,83,83,27,LOW
93,85,91,26,LOW
96,99,98,30,LOW
81,91,84,26,LOW
40,46,47,11,HIGH
73,71,73,21,MEDIUM
50,54,52,16,HIGH
73,79,85,25,MEDIUM
54,53,53,16,HIGH
81,85,90,25,LOW
85,91,92,26,LOW
77,84,72,22,MEDIUM
78,63,65,18,MEDIUM
82,87,88,26,LOW
79,79,86,22,MEDIUM
75,67,61,18,MEDIUM
69,87,73,23,MEDIUM
90,84,97,26,LOW
73,72,72,24,MEDIUM
93,97,99,27,LOW
92,96,96,28,LOW
73,64,67,20,MEDIUM
89,97,91,26,LOW
94,90,98,26,LOW
72,58,74,21,MEDIUM
83,80,76,24,MEDIUM
64,59,56,17,HIGH
54,42,52,15,HIGH
81,72,72,23,MEDIUM
95,85,88,25,LOW
92,91,90,27,LOW
90,87,94,26,LOW
76,68,69,18,MEDIUM
45,47,43,14,HIGH
69,68,64,19,MEDIUM
97,92,100,29,LOW
63,68,69,19,MEDIUM
74,76,79,24,MEDIUM
53,56,53,17,HIGH
48,47,41,13,HIGH
74,75,75,23,MEDIUM
92,90,100,27,LOW
81,73,80,23,MEDIUM
48,51,61,17,HIGH
100,97,94,27,LOW
92,99,94,26,LOW
95,93,94,28,LOW
90,92,91,27,LOW
91,83,77,24,LOW
64,65,57,20,MEDIUM
64,73,76,19,MEDIUM
99,100,92,30,LOW
47,43,45,14,HIGH
83,67,68,21,MEDIUM
97,86,95,26,LOW
95,91,94,28,LOW
75,69,58,21,MEDIUM
65,76,70,19,MEDIUM
71,70,67,21,MEDIUM
86,92,98,25,LOW
95,88,91,28,LOW
90,82,91,28,LOW
98,78,100,27,LOW
76,73,74,23,MEDIUM
40,46,50,12,HIGH
54,47,49,15,HIGH
92,93,100,28,LOW
66,73,67,22,MEDIUM
100,94,100,30,LOW
53,54,58,16,HIGH
80,70,80,23,MEDIUM
90,82,85,26,LOW
88,98,96,26,LOW
68,72,71,20,MEDIUM
78,66,75,23,MEDIUM
45,50,43,14,HIGH
48,43,45,14,HIGH
69,69,71,20,MEDIUM
75,69,73,21,MEDIUM
83,70,74,22,MEDIUM
88,82,93,26,LOW
86,91,93,28,LOW
44,47,45,14,HIGH
47,41,53,14,HIGH
94,75,83,27,LOW
80,98,97,26,LOW
78,81,81,21,MEDIUM
60,65,63,18,HIGH
67,66,68,22,MEDIUM
71,64,63,21,MEDIUM
61,72,69,21,MEDIUM
77,84,81,26,LOW
72,80,76,24,MEDIUM
85,92,88,26,LOW
83,83,81,25,LOW
78,73,74,20,MEDIUM
58,54,51,17,HIGH
70,68,73,20,MEDIUM
93,87,97,28,LOW
56,56,60,17,HIGH
91,79,81,27,LOW
78,65,77,19,MEDIUM
77,75,75,23,MEDIUM
93,98,99,28,LOW
78,74,74,18,MEDIUM
72,78,78,22,MEDIUM
97,97,100,27,LOW
78,71,71,17,MEDIUM
74,73,72,21,MEDIUM
80,79,70,22,MEDIUM
96,47,49,15,MEDIUM
71,74,72,21,MEDIUM
60,61,66,20,MEDIUM
79,82,81,24,MEDIUM
71,79,85,21,MEDIUM
83,92,85,25,LOW
70,68,82,23,MEDIUM
96,96,98,26,LOW
82,74,82,22,MEDIUM
85,84,87,27,LOW
72,63,73,19,MEDIUM
88,88,99,25,LOW
76,78,74,25,MEDIUM
69,73,85,22,MEDIUM
78,75,84,23,MEDIUM
89,89,86,27,LOW
70,73,66,20,MEDIUM
87,85,92,25,LOW
100,100,89,30,LOW
73,75,81,23,MEDIUM
75,74,71,23,MEDIUM
92,96,82,26,LOW
73,66,72,20,MEDIUM
69,65,68,21,MEDIUM
84,79,80,24,MEDIUM
63,72,55,19,MEDIUM
96,85,82,27,LOW
87,89,98,28,LOW
90,95,92,26,LOW
42,47,34,13,HIGH
57,54,57,17,HIGH
67,65,65,19,MEDIUM
88,92,91,27,LOW
73,77,72,22,MEDIUM
48,57,58,16,HIGH
83,99,78,26,LOW
78,70,75,22,MEDIUM
95,91,95,28,LOW
48,52,52,15,HIGH
88,91,100,26,LOW
87,90,86,29,LOW
77,84,87,24,MEDIUM
45,46,39,12,HIGH
88,80,80,24,LOW
92,92,86,27,LOW
84,90,78,27,LOW
78,73,69,18,MEDIUM
97,100,94,30,LOW
82,86,85,25,LOW
66,66,57,20,MEDIUM
93,88,91,27,LOW
40,32,41,11,HIGH
84,97,100,26,LOW
95,94,100,28,LOW
72,78,76,23,MEDIUM
42,48,47,14,HIGH
85,81,89,25,LOW
85,89,89,25,LOW
94,94,100,30,LOW
43,49,49,11,HIGH
100,91,98,29,LOW
74,80,82,24,MEDIUM
61,62,66,18,HIGH
82,74,87,25,MEDIUM
91,91,91,26,LOW
68,72,65,22,MEDIUM
85,98,98,26,LOW
77,73,67,21,MEDIUM
84,83,83,27,LOW
77,72,70,23,MEDIUM
82,65,72,19,MEDIUM
77,67,77,23,MEDIUM
70,61,67,20,MEDIUM
79,73,81,27,MEDIUM
49,51,54,17,HIGH
98,96,92,28,LOW
53,68,72,19,MEDIUM
97,99,89,27,LOW
51,48,46,12,HIGH
84,82,79,24,MEDIUM
85,88,79,26,LOW
88,91,89,26,LOW
74,70,76,21,MEDIUM
73,70,79,18,MEDIUM
52,50,50,16,HIGH
78,83,80,23,MEDIUM
97,89,90,28,LOW
94,96,93,29,LOW
79,69,77,24,MEDIUM
76,81,73,23,MEDIUM
55,56,50,15,HIGH
100,97,99,30,LOW
81,75,78,21,MEDIUM
74,72,64,22,MEDIUM
82,85,89,27,LOW
51,54,48,16,HIGH
88,91,87,25,LOW
96,85,92,26,LOW
81,86,94,26,LOW
80,73,71,22,MEDIUM
73,66,71,22,MEDIUM
96,96,92,29,LOW
87,86,99,26,LOW
100,90,96,27,LOW
41,44,54,12,HIGH
88,87,84,25,LOW
48,42,48,13,HIGH
97,97,99,27,LOW
40,42,42,13,HIGH
62,72,68,20,MEDIUM
52,47,63,16,HIGH
62,62,56,20,MEDIUM
82,94,93,23,LOW
86,87,84,27,LOW
86,89,86,27,LOW
93,95,85,27,LOW
94,90,100,29,LOW
45,40,43,13,HIGH
82,83,91,24,LOW
40,42,43,12,HIGH
79,85,83,22,MEDIUM
72,64,71,20,MEDIUM
63,72,63,20,MEDIUM
90,100,100,27,LOW
48,42,43,15,HIGH
97,87,99,29,LOW
85,85,93,29,LOW
92,97,96,29,LOW
95,100,92,27,LOW
56,60,54,16,HIGH
49,52,64,17,HIGH
96,87,96,27,LOW
84,73,75,25,MEDIUM
92,96,94,28,LOW
93,46,51,14,HIGH
76,73,61,21,MEDIUM
97,90,84,28,LOW
93,84,94,28,LOW
80,67,61,23,MEDIUM
84,96,95,29,LOW
51,45,47,15,HIGH
95,100,95,28,LOW
89,87,85,26,LOW
92,81,84,25,LOW
74,63,80,18,MEDIUM
87,83,92,28,LOW
89,82,86,26,LOW
90,93,85,28,LOW
56,55,43,16,HIGH
81,84,94,25,LOW
89,84,89,27,LOW
69,72,68,22,MEDIUM
83,78,78,24,MEDIUM
61,54,53,17,HIGH
89,86,91,27,LOW
70,75,67,22,MEDIUM
94,87,89,27,LOW
92,98,98,26,LOW
89,83,94,28,LOW
40,41,41,13,HIGH
77,79,81,23,MEDIUM
96,53,52,16,MEDIUM
51,42,44,15,HIGH
87,95,75,26,LOW
88,90,94,25,LOW
63,59,63,18,HIGH
96,95,96,28,LOW
82,87,85,25,LOW
66,78,70,20,MEDIUM
82,88,83,27,LOW
56,64,56,16,HIGH
91,80,86,26,LOW
92,89,94,26,LOW
71,71,71,22,MEDIUM
78,71,73,22,MEDIUM
79,67,67,20,MEDIUM
87,96,90,26,LOW
71,80,83,22,MEDIUM
53,55,54,16,HIGH
83,66,64,19,MEDIUM
75,82,85,22,MEDIUM
40,38,42,10,HIGH
83,84,79,26,LOW
75,82,100,25,LOW
44,50,46,14,HIGH
75,71,80,23,MEDIUM
92,82,85,26,LOW
79,66,70,19,MEDIUM
86,82,88,27,LOW
82,74,89,25,LOW
80,84,72,23,MEDIUM
47,55,42,14,HIGH
96,83,89,29,LOW
69,79,78,22,MEDIUM
89,92,95,28,LOW
70,71,70,19,MEDIUM
87,80,96,26,LOW
76,82,84,25,MEDIUM
90,96,85,28,LOW
45,44,60,17,HIGH
80,76,68,22,MEDIUM
89,89,98,27,LOW
50,41,42,15,HIGH
48,60,60,16,HIGH
92,88,82,27,LOW
84,81,81,23,MEDIUM
62,85,86,27,MEDIUM
69,77,77,23,MEDIUM
65,69,75,22,MEDIUM
94,97,91,28,LOW
88,87,89,28,LOW
94,98,91,26,LOW
87,99,96,30,LOW
92,86,87,26,LOW
82,63,73,22,MEDIUM
62,60,79,19,MEDIUM
94,94,96,29,LOW
83,82,76,24,MEDIUM
81,88,86,26,LOW
57,62,51,17,HIGH
48,46,42,13,HIGH
85,96,90,26,LOW
92,88,88,25,LOW
91,97,75,28,LOW
80,83,85,26,LOW
96,91,93,26,LOW
76,82,69,24,MEDIUM
59,52,56,17,HIGH
95,82,90,27,LOW
68,72,75,21,MEDIUM
82,85,83,22,MEDIUM
90,91,100,28,LOW
94,83,79,27,LOW
78,85,85,27,LOW
75,83,74,23,MEDIUM
97,91,96,27,LOW
93,96,87,26,LOW
74,75,83,23,MEDIUM
45,43,52,16,HIGH
94,98,100,28,LOW
76,65,73,21,MEDIUM
73,76,71,20,MEDIUM
83,80,90,25,LOW
54,53,57,16,HIGH
100,97,94,30,LOW
69,66,72,20,MEDIUM
99,94,92,28,LOW
82,83,79,26,LOW
79,73,65,17,MEDIUM
49,60,54,17,HIGH
40,28,37,10,HIGH
87,86,81,27,LOW
53,39,45,14,HIGH
79,67,70,20,MEDIUM
72,68,77,22,MEDIUM
100,88,96,28,LOW
87,96,90,28,LOW
99,93,96,28,LOW
77,64,71,20,MEDIUM
82,73,80,21,MEDIUM
95,81,87,27,LOW
89,84,87,26,LOW
86,81,83,27,LOW
70,73,66,21,MEDIUM
67,67,67,18,MEDIUM
92,100,92,27,LOW
76,69,73,22,MEDIUM
74,75,70,19,MEDIUM
100,100,100,30,LOW
73,68,74,22,MEDIUM
47,48,52,14,HIGH
76,70,69,19,MEDIUM
83,83,91,25,LOW
59,54,61,14,HIGH
92,96,90,29,LOW
83,80,75,25,MEDIUM
83,66,63,20,MEDIUM
74,83,73,23,MEDIUM
70,72,72,22,MEDIUM
92,91,95,28,LOW
73,64,70,22,MEDIUM
83,63,64,18,MEDIUM
81,78,76,21,MEDIUM
86,87,91,27,LOW
97,100,87,30,LOW
79,85,85,23,MEDIUM
85,81,77,25,LOW
89,82,93,29,LOW
42,42,39,15,HIGH
92,94,91,29,LOW
85,86,78,25,LOW
78,75,68,20,MEDIUM
94,96,99,27,LOW
68,70,71,21,MEDIUM
90,97,100,28,LOW
65,69,68,21,MEDIUM
75,65,79,20,MEDIUM
93,96,92,27,LOW
63,69,70,22,MEDIUM
47,45,58,15,HIGH
100,96,95,29,LOW
76,70,76,21,MEDIUM
84,88,90,23,LOW
77,75,72,24,MEDIUM
93,86,94,28,LOW
73,76,79,22,MEDIUM
87,91,89,28,LOW
99,89,84,28,LOW
90,79,88,27,LOW
96,100,96,29,LOW
86,88,78,24,LOW
75,76,79,21,MEDIUM
82,96,90,25,LOW
66,82,70,19,MEDIUM
97,95,92,28,LOW
89,87,96,27,LOW
72,68,72,22,MEDIUM
76,81,83,24,MEDIUM
83,64,63,20,MEDIUM
89,83,89,26,LOW
68,59,72,21,MEDIUM
50,54,54,15,HIGH
41,38,39,12,HIGH
100,100,100,27,LOW
83,89,91,24,LOW
79,71,74,20,MEDIUM
86,79,80,26,LOW
80,71,71,18,MEDIUM
64,72,66,20,MEDIUM
56,90,91,26,MEDIUM
86,86,89,26,LOW
57,58,52,16,HIGH
69,62,61,19,MEDIUM
56,47,54,15,HIGH
50,52,57,17,HIGH
87,92,98,24,LOW
87,96,93,28,LOW
76,75,67,22,MEDIUM
68,61,68,19,MEDIUM
40,43,42,14,HIGH
86,84,89,24,LOW
84,94,91,29,LOW
96,92,100,29,LOW
78,76,79,25,MEDIUM
100,100,99,30,LOW
55,55,57,18,HIGH
89,85,99,27,LOW
100,100,99,30,LOW
69,65,66,21,MEDIUM
72,64,59,18,MEDIUM
90,89,83,24,LOW
82,82,88,27,LOW
89,78,83,25,LOW
94,84,100,29,LOW
77,63,72,23,MEDIUM
90,92,94,26,LOW
98,83,98,28,LOW
78,64,73,19,MEDIUM
50,50,47,16,HIGH
79,78,79,24,MEDIUM
86,94,91,27,LOW
64,66,64,18,MEDIUM
95,91,92,30,LOW
100,94,100,29,LOW
41,51,44,16,HIGH
49,50,53,15,HIGH
77,69,64,22,MEDIUM
40,44,48,13,HIGH
50,46,43,14,HIGH
94,100,100,29,LOW
59,62,58,17,HIGH
100,100,96,30,LOW
95,94,88,26,LOW
54,56,67,16,HIGH
93,90,89,27,LOW
88,88,85,26,LOW
74,69,79,23,MEDIUM
67,71,68,21,MEDIUM
88,100,92,28,LOW
53,57,46,16,HIGH
70,72,68,23,MEDIUM
73,61,72,19,MEDIUM
81,83,80,22,MEDIUM
68,82,67,23,MEDIUM
80,70,69,22,MEDIUM
83,99,90,28,LOW
49,48,49,15,HIGH
84,89,77,28,LOW
45,60,47,15,HIGH
52,52,45,14,HIGH
91,96,87,28,LOW
55,58,51,15,HIGH
77,75,70,18,MEDIUM
75,72,72,21,MEDIUM
44,50,47,16,HIGH
91,91,94,26,LOW
84,93,86,25,LOW
78,87,85,26,LOW
90,92,90,27,LOW
93,92,87,27,LOW
75,87,82,24,MEDIUM
93,89,86,28,LOW
83,89,91,27,LOW
100,100,94,27,LOW
77,74,79,23,MEDIUM
61,57,61,18,HIGH
93,89,100,27,LOW
78,77,78,24,MEDIUM
56,87,93,28,MEDIUM
69,57,62,21,MEDIUM
89,91,92,26,LOW
88,83,94,26,LOW
80,65,66,19,MEDIUM
85,81,87,25,LOW
99,90,94,28,LOW
55,56,64,19,HIGH
92,95,93,26,LOW
59,52,68,19,HIGH
91,93,87,26,LOW
88,92,93,26,LOW
78,68,69,16,MEDIUM
76,68,70,19,MEDIUM
97,90,99,27,LOW
99,92,91,28,LOW
85,93,92,27,LOW
87,96,96,29,LOW
89,96,94,25,LOW
97,96,86,29,LOW
76,68,67,20,MEDIUM
54,54,49,16,HIGH
88,80,90,25,LOW
85,80,82,26,LOW
51,55,55,15,HIGH
60,89,90,27,MEDIUM
40,49,44,14,HIGH
75,67,69,17,MEDIUM
91,97,98,27,LOW
75,86,88,25,LOW
73,74,79,23,MEDIUM
68,70,70,19,MEDIUM
75,71,77,23,MEDIUM
81,69,67,19,MEDIUM
86,86,88,26,LOW
94,93,87,26,LOW
94,99,98,29,LOW
93,93,93,28,LOW
90,83,92,27,LOW
78,66,68,17,MEDIUM
72,69,80,24,MEDIUM
65,60,56,20,MEDIUM
75,72,62,21,MEDIUM
93,83,82,27,LOW
52,48,53,12,HIGH
92,100,98,28,LOW
77,67,72,17,MEDIUM
97,51,53,15,MEDIUM
54,51,63,18,HIGH
93,85,99,28,LOW
69,70,69,21,MEDIUM
68,70,81,21,MEDIUM
78,85,86,23,MEDIUM
69,79,82,23,MEDIUM
96,96,97,30,LOW
65,68,65,21,MEDIUM
72,81,65,22,MEDIUM
73,67,77,21,MEDIUM
72,93,90,24,LOW
73,64,77,22,MEDIUM
88,83,73,27,LOW
88,94,92,28,LOW
58,62,51,17,HIGH
80,72,66,20,MEDIUM
80,82,82,24,MEDIUM
74,78,79,23,MEDIUM
71,78,71,20,MEDIUM
43,37,39,12,HIGH
79,83,87,25,LOW
91,87,82,25,LOW
78,79,77,25,MEDIUM
78,65,71,21,MEDIUM
89,86,92,27,LOW
52,50,51,16,HIGH
47,45,44,13,HIGH
44,49,42,13,HIGH
89,94,81,27,LOW
58,56,59,17,HIGH
73,67,71,18,MEDIUM
87,81,81,28,LOW
87,86,85,26,LOW
58,52,52,17,HIGH
55,53,45,15,HIGH
44,41,47,11,HIGH
48,46,50,13,HIGH
80,82,84,27,LOW
79,70,67,21,MEDIUM
79,80,79,25,MEDIUM
81,72,73,24,MEDIUM
93,89,83,25,LOW
64,68,71,21,MEDIUM
85,80,76,26,LOW
60,53,55,17,HIGH
69,70,76,22,MEDIUM
64,67,56,21,MEDIUM
77,67,67,19,MEDIUM
79,73,68,22,MEDIUM
90,91,94,25,LOW
51,51,46,17,HIGH
81,69,69,21,MEDIUM
67,74,51,20,MEDIUM
75,79,77,24,MEDIUM
90,99,99,29,LOW
76,81,78,21,MEDIUM
88,92,95,25,LOW
43,45,41,15,HIGH
81,87,94,27,LOW
80,82,80,24,MEDIUM
42,44,40,14,HIGH
66,68,72,21,MEDIUM
71,76,85,23,MEDIUM
61,52,68,18,HIGH
99,99,98,29,LOW
95,99,92,30,LOW
81,86,79,24,MEDIUM
51,64,62,16,HIGH
40,35,35,10,HIGH
71,70,79,21,MEDIUM
91,91,82,28,LOW
89,96,93,26,LOW
73,77,71,20,MEDIUM
64,61,60,19,MEDIUM
40,50,51,15,HIGH
89,85,93,24,LOW
89,87,89,26,LOW
88,89,91,27,LOW
82,91,90,24,LOW
69,75,71,22,MEDIUM
51,48,58,16,HIGH
51,49,56,15,HIGH
54,51,47,16,HIGH
78,64,68,19,MEDIUM
65,72,74,22,MEDIUM
89,95,94,28,LOW
75,74,67,20,MEDIUM
77,71,81,23,MEDIUM
70,69,79,23,MEDIUM
93,90,93,30,LOW
54,61,62,21,HIGH
96,92,100,30,LOW
54,55,57,14,HIGH
86,87,85,27,LOW
82,67,82,23,MEDIUM
84,89,91,25,LOW
72,68,65,22,MEDIUM
74,79,68,22,MEDIUM
63,54,69,20,MEDIUM
54,66,50,16,HIGH
53,49,52,15,HIGH
88,91,94,27,LOW
88,89,93,27,LOW
58,51,56,17,HIGH
90,97,95,28,LOW
96,99,100,28,LOW
95,92,89,29,LOW
94,89,99,25,LOW
88,100,87,26,LOW
55,46,59,15,HIGH
87,80,89,27,LOW
96,91,96,29,LOW
83,90,81,26,LOW
89,83,82,26,LOW
81,67,69,20,MEDIUM
93,47,48,15,HIGH
78,78,83,22,MEDIUM
83,95,88,26,LOW
82,90,83,26,LOW
100,96,97,30,LOW
77,64,64,20,MEDIUM
70,67,72,22,MEDIUM
40,40,41,11,HIGH
83,84,88,26,LOW
85,90,88,27,LOW
58,85,86,28,MEDIUM
58,52,63,16,HIGH
74,77,70,22,MEDIUM
100,100,100,30,LOW
87,81,81,25,LOW
51,52,49,14,HIGH
82,81,70,24,MEDIUM
80,86,92,27,LOW
75,75,77,22,MEDIUM
86,87,87,29,LOW
89,91,89,27,LOW
83,82,94,25,LOW
72,79,71,21,MEDIUM
71,68,74,22,MEDIUM
82,61,69,17,MEDIUM
74,72,85,24,MEDIUM
48,53,45,15,HIGH
61,53,58,20,HIGH
97,93,97,29,LOW
89,97,85,26,LOW
74,67,66,23,MEDIUM
89,80,98,27,LOW
78,91,83,24,LOW
83,87,88,27,LOW
93,85,100,30,LOW
97,83,92,27,LOW
83,94,89,27,LOW
90,94,96,28,LOW
89,91,91,27,LOW
54,42,50,13,HIGH
81,78,82,25,MEDIUM
94,92,94,29,LOW
63,72,66,22,MEDIUM
96,99,100,29,LOW
57,58,57,18,HIGH
80,62,70,15,MEDIUM
93,95,90,27,LOW
90,84,76,25,LOW
90,84,80,27,LOW
71,71,78,23,MEDIUM
99,48,49,14,MEDIUM
88,87,89,25,LOW
70,73,77,22,MEDIUM
66,69,73,20,MEDIUM
85,100,97,28,LOW
98,100,94,27,LOW
84,66,64,16,MEDIUM
92,87,85,25,LOW
70,78,75,21,MEDIUM
80,85,85,25,LOW
72,68,80,20,MEDIUM
45,44,51,14,HIGH
93,90,76,25,LOW
45,51,49,14,HIGH
87,82,81,28,LOW
85,82,95,27,LOW
47,48,52,15,HIGH
78,64,69,19,MEDIUM
76,77,71,21,MEDIUM
84,74,87,24,MEDIUM
82,84,82,23,MEDIUM
76,84,85,24,MEDIUM
55,58,58,21,HIGH
80,78,78,25,MEDIUM
91,82,85,27,LOW
74,64,73,20,MEDIUM
57,66,56,16,HIGH
87,93,93,28,LOW
83,69,74,16,MEDIUM
87,89,88,26,LOW
84,86,84,26,LOW
87,86,85,26,LOW
65,74,77,22,MEDIUM
79,68,63,18,MEDIUM
85,89,88,27,LOW
92,90,78,29,LOW
84,70,74,23,MEDIUM
86,82,77,24,MEDIUM
41,43,49,14,HIGH
51,42,59,14,HIGH
79,80,77,25,MEDIUM
92,92,98,30,LOW
63,69,66,20,MEDIUM
89,93,92,27,LOW
96,88,98,28,LOW
72,71,58,22,MEDIUM
52,44,61,18,HIGH
76,72,74,23,MEDIUM
92,99,82,28,LOW
90,90,94,26,LOW
88,97,91,28,LOW
76,70,68,20,MEDIUM
97,85,100,27,LOW
91,99,97,27,LOW
93,100,90,29,LOW
70,70,77,21,MEDIUM
90,82,86,29,LOW
66,59,70,20,MEDIUM
89,85,94,27,LOW
55,51,49,16,HIGH
76,92,80,24,MEDIUM
80,64,67,22,MEDIUM
75,67,70,21,MEDIUM
86,97,94,28,LOW
83,91,91,25,LOW
85,80,87,26,LOW
98,88,90,26,LOW
91,100,88,30,LOW
98,95,100,29,LOW
46,54,53,15,HIGH
59,54,56,16,HIGH
90,91,96,27,LOW
87,91,93,28,LOW
92,90,97,30,LOW
45,52,53,13,HIGH
89,89,95,28,LOW
97,97,99,28,LOW
90,94,82,25,LOW
77,69,69,20,MEDIUM
49,50,55,13,HIGH
53,54,54,16,HIGH
56,60,52,17,HIGH
67,61,59,19,MEDIUM
56,67,59,17,HIGH
96,92,100,29,LOW
87,92,86,25,LOW
76,68,69,21,MEDIUM
91,90,87,27,LOW
77,68,79,22,MEDIUM
77,70,76,17,MEDIUM
75,76,77,24,MEDIUM
94,89,95,28,LOW
91,93,88,29,LOW
76,63,72,22,MEDIUM
79,71,84,24,MEDIUM
59,68,59,18,HIGH
41,50,46,14,HIGH
74,59,74,22,MEDIUM
65,73,66,21,MEDIUM
49,45,50,16,HIGH
72,74,81,22,MEDIUM
74,80,85,22,MEDIUM
83,75,69,18,MEDIUM
88,64,60,18,MEDIUM
96,89,98,29,LOW
62,57,52,19,HIGH
100,90,97,29,LOW
98,100,98,30,LOW
76,67,71,19,MEDIUM
56,60,60,18,HIGH
77,75,80,25,MEDIUM
83,78,63,17,MEDIUM
75,71,76,23,MEDIUM
93,94,100,28,LOW
80,72,71,24,MEDIUM
40,44,44,11,HIGH
87,86,85,25,LOW
99,100,98,30,LOW
50,56,59,17,HIGH
61,68,69,20,MEDIUM
64,68,70,19,MEDIUM
94,93,100,27,LOW
79,81,78,24,MEDIUM
81,63,73,18,MEDIUM
100,99,98,27,LOW
95,85,96,29,LOW
79,66,64,21,MEDIUM
85,87,78,26,LOW
82,91,88,28,LOW
91,91,100,26,LOW
95,100,93,28,LOW
73,79,87,22,MEDIUM
49,45,42,14,HIGH
73,67,81,22,MEDIUM
77,74,73,22,MEDIUM
94,88,80,27,LOW
49,55,54,16,HIGH
93,97,92,27,LOW
86,85,87,27,LOW
79,80,76,22,MEDIUM
81,80,80,25,MEDIUM
64,63,70,23,MEDIUM
88,85,89,28,LOW
49,40,51,15,HIGH
84,93,90,29,LOW
96,92,91,27,LOW
53,52,49,15,HIGH
61,86,91,26,MEDIUM
89,89,87,26,LOW
77,81,83,22,MEDIUM
67,75,74,21,MEDIUM
79,76,77,23,MEDIUM
93,84,87,27,LOW
63,55,56,16,HIGH
73,77,73,22,MEDIUM
76,79,75,23,MEDIUM
77,79,89,24,MEDIUM
78,69,61,20,MEDIUM
90,85,83,27,LOW
67,73,66,23,MEDIUM
67,80,83,22,MEDIUM
96,100,100,29,LOW
93,90,91,29,LOW
94,94,93,28,LOW
56,44,51,14,HIGH
71,81,76,21,MEDIUM
93,100,100,29,LOW
79,79,95,22,MEDIUM
94,100,94,29,LOW
44,47,52,15,HIGH
95,91,85,25,LOW
50,46,51,13,HIGH
87,82,82,28,LOW
87,96,84,27,LOW
81,81,87,25,LOW
72,74,76,20,MEDIUM
46,61,51,14,HIGH
92,97,89,27,LOW
53,50,44,15,HIGH
92,83,92,28,LOW
100,98,94,29,LOW
87,71,65,20,MEDIUM
42,48,45,13,HIGH
82,68,70,17,MEDIUM
100,100,100,30,LOW
80,73,76,22,MEDIUM
92,86,96,29,LOW
88,88,86,27,LOW
88,81,82,24,LOW
74,62,80,22,MEDIUM
88,83,92,28,LOW
80,71,84,25,MEDIUM
96,100,100,30,LOW
98,93,100,26,LOW
95,93,100,29,LOW
52,55,59,16,HIGH
90,93,95,27,LOW
79,70,74,23,MEDIUM
42,45,41,12,HIGH
88,93,91,27,LOW
90,93,99,27,LOW
68,62,66,20,MEDIUM
100,100,100,30,LOW
49,47,49,17,HIGH
89,93,86,28,LOW
72,76,78,23,MEDIUM
80,74,69,21,MEDIUM
77,67,69,20,MEDIUM
56,61,52,16,HIGH
79,72,67,22,MEDIUM
72,66,70,22,MEDIUM
75,89,82,25,MEDIUM
63,67,59,21,MEDIUM
83,78,78,24,MEDIUM
79,87,89,27,LOW
77,71,66,20,MEDIUM
66,58,75,20,MEDIUM
94,91,100,26,LOW
79,75,75,24,MEDIUM
82,80,86,26,LOW
40,52,50,14,HIGH
90,94,95,29,LOW
80,72,87,23,MEDIUM
55,50,46,15,HIGH
53,67,60,17,HIGH
84,88,80,26,LOW
76,61,75,22,MEDIUM
85,90,93,26,LOW
87,85,86,26,LOW
53,53,49,14,HIGH
91,87,96,29,LOW
85,71,71,24,MEDIUM
79,71,66,20,MEDIUM
98,92,92,28,LOW
87,83,91,27,LOW
65,76,72,21,MEDIUM
80,86,87,23,MEDIUM
74,78,65,22,MEDIUM
82,68,71,20,MEDIUM
82,77,68,24,MEDIUM
48,50,55,16,HIGH
70,71,73,21,MEDIUM
79,61,67,20,MEDIUM
82,97,83,26,LOW
83,83,81,25,LOW
69,72,62,22,MEDIUM
90,90,92,27,LOW
78,79,86,25,MEDIUM
64,66,65,19,MEDIUM
94,93,100,28,LOW
83,96,93,27,LOW
80,83,79,24,MEDIUM
87,92,89,29,LOW
82,89,86,26,LOW
89,86,88,26,LOW
100,91,87,25,LOW
71,74,82,21,MEDIUM
74,73,71,22,MEDIUM
44,42,44,10,HIGH
44,43,47,16,HIGH
91,80,75,25,LOW
41,48,43,15,HIGH
74,67,81,20,MEDIUM
97,89,94,30,LOW
80,67,66,18,MEDIUM
88,92,94,28,LOW
46,34,47,14,HIGH
100,98,100,30,LOW
97,93,95,28,LOW
79,77,68,18,MEDIUM
89,89,92,26,LOW
93,96,88,27,LOW
90,93,97,29,LOW
98,100,82,30,LOW
69,71,76,21,MEDIUM
97,98,100,29,LOW
94,85,90,24,LOW
87,95,98,25,LOW
80,71,71,20,MEDIUM
88,86,91,26,LOW
77,64,88,23,MEDIUM
100,100,92,29,LOW
87,80,93,25,LOW
80,69,70,18,MEDIUM
65,69,78,21,MEDIUM
74,77,84,22,MEDIUM
91,94,92,26,LOW
92,98,95,29,LOW
80,77,85,21,MEDIUM
44,42,46,15,HIGH
90,97,96,26,LOW
79,92,85,25,LOW
97,96,100,30,LOW
75,70,60,20,MEDIUM
40,36,28,11,HIGH
84,90,86,26,LOW
87,94,93,26,LOW
90,85,93,26,LOW
92,81,99,26,LOW
88,100,82,27,LOW
98,49,45,15,MEDIUM
42,48,48,15,HIGH
86,91,86,26,LOW
84,80,84,26,LOW
92,91,98,29,LOW
95,89,93,30,LOW
71,72,80,21,MEDIUM
66,66,61,19,MEDIUM
78,77,87,24,MEDIUM
75,62,76,22,MEDIUM
90,94,97,27,LOW
90,81,84,26,LOW
53,54,59,16,HIGH
86,91,82,25,LOW
91,89,88,28,LOW
52,53,55,14,HIGH
82,73,61,19,MEDIUM
63,60,57,16,HIGH
40,49,44,14,HIGH
81,71,76,23,MEDIUM
85,70,70,21,MEDIUM
74,78,87,26,MEDIUM
94,94,84,30,LOW
82,81,86,25,LOW
90,88,97,28,LOW
66,65,70,19,MEDIUM
40,49,39,14,HIGH
56,68,55,17,HIGH
72,80,80,23,MEDIUM
90,87,96,27,LOW
90,88,98,27,LOW
96,100,95,30,LOW
74,84,80,25,MEDIUM
88,93,83,28,LOW
93,95,87,27,LOW
80,82,80,26,LOW
73,72,70,22,MEDIUM
84,93,89,27,LOW
82,97,90,26,LOW
89,89,86,27,LOW
92,95,84,29,LOW
84,90,85,26,LOW
87,87,87,27,LOW
66,60,64,19,MEDIUM
86,94,78,26,LOW
74,66,69,22,MEDIUM
96,93,95,30,LOW
94,93,85,28,LOW
74,70,77,20,MEDIUM
89,80,90,27,LOW
94,91,92,29,LOW
94,89,84,26,LOW
61,88,84,28,MEDIUM
99,100,95,28,LOW
83,87,92,26,LOW
53,52,58,20,HIGH
71,68,70,23,MEDIUM
92,49,54,15,MEDIUM
93,85,90,27,LOW
63,73,68,19,MEDIUM
90,87,94,28,LOW
41,38,35,11,HIGH
86,88,82,26,LOW
78,73,60,24,MEDIUM
94,95,94,28,LOW
88,78,80,26,LOW
56,47,43,15,HIGH
70,79,79,19,MEDIUM
86,73,66,20,MEDIUM
77,76,85,22,MEDIUM
77,69,72,21,MEDIUM
75,75,77,22,MEDIUM
74,80,65,21,MEDIUM
70,79,81,21,MEDIUM
83,65,65,18,MEDIUM
66,65,60,23,MEDIUM
78,79,80,25,MEDIUM
68,76,68,20,MEDIUM
90,86,84,26,LOW
69,73,75,22,MEDIUM
68,67,62,19,MEDIUM
76,89,92,26,LOW
66,63,73,19,MEDIUM
48,44,53,16,HIGH
84,88,92,26,LOW
67,75,80,23,MEDIUM
44,50,47,13,HIGH
88,83,78,25,LOW
78,84,83,24,MEDIUM
79,80,73,22,MEDIUM
88,92,89,25,LOW
89,94,91,25,LOW
83,80,77,23,MEDIUM
87,95,90,30,LOW
93,45,45,15,HIGH
94,95,89,26,LOW
80,82,72,21,MEDIUM
75,88,81,25,MEDIUM
91,98,92,28,LOW
92,88,97,30,LOW
88,99,89,28,LOW
53,51,49,16,HIGH
80,84,82,23,MEDIUM
77,74,65,22,MEDIUM
100,93,98,28,LOW
71,67,73,22,MEDIUM
57,53,66,17,HIGH
85,95,80,27,LOW
52,64,52,16,HIGH
93,93,90,27,LOW
95,89,96,29,LOW
84,86,92,27,LOW
70,74,82,24,MEDIUM
84,94,93,28,LOW
92,86,87,24,LOW
89,89,95,28,LOW
69,70,68,20,MEDIUM
73,81,90,25,MEDIUM
87,88,87,28,LOW
71,68,67,21,MEDIUM
71,76,77,21,MEDIUM
43,43,36,12,HIGH
58,58,58,17,HIGH
61,51,52,16,HIGH
96,86,82,27,LOW
44,44,37,14,HIGH
83,76,72,22,MEDIUM
69,74,69,23,MEDIUM
54,53,54,18,HIGH
65,47,45,16,HIGH
77,63,63,19,MEDIUM
70,69,74,19,MEDIUM
86,85,85,24,LOW
51,52,45,16,HIGH
90,87,97,25,LOW
97,95,84,29,LOW
53,54,55,17,HIGH
87,92,90,25,LOW
79,72,78,23,MEDIUM
48,61,46,15,HIGH
93,54,55,16,MEDIUM
40,36,41,12,HIGH
100,97,100,30,LOW
96,45,38,16,HIGH
79,85,80,25,MEDIUM
78,79,84,27,LOW
86,70,77,23,MEDIUM
93,100,100,29,LOW
77,70,76,20,MEDIUM
58,60,48,16,HIGH
81,82,83,25,LOW
73,80,75,24,MEDIUM
84,84,83,28,LOW
84,100,94,28,LOW
68,66,80,24,MEDIUM
88,92,90,27,LOW
100,100,100,30,LOW
99,95,85,29,LOW
77,90,91,24,LOW
49,39,36,15,HIGH
84,90,84,26,LOW
69,60,59,18,MEDIUM
60,63,56,18,HIGH
93,95,81,28,LOW
72,82,70,23,MEDIUM
54,64,56,17,HIGH
95,93,100,30,LOW
84,74,82,24,MEDIUM
82,72,71,22,MEDIUM
88,82,81,25,LOW
66,69,63,20,MEDIUM
92,75,89,26,LOW
60,64,68,19,MEDIUM
56,69,67,18,MEDIUM
100,92,100,28,LOW
92,92,90,28,LOW
88,88,94,28,LOW
91,91,86,28,LOW
96,93,93,29,LOW
85,89,96,26,LOW
70,65,72,20,MEDIUM
47,47,55,14,HIGH
66,68,69,22,MEDIUM
72,70,68,22,MEDIUM
92,91,94,27,LOW
95,98,97,29,LOW
71,73,63,19,MEDIUM
63,76,68,20,MEDIUM
61,69,70,21,MEDIUM
63,58,73,20,MEDIUM
73,70,74,19,MEDIUM
78,80,79,24,MEDIUM
97,91,94,29,LOW
40,44,41,10,HIGH
74,74,86,22,MEDIUM
88,88,84,26,LOW
85,79,86,26,LOW
78,74,67,21,MEDIUM
65,69,61,21,MEDIUM
80,67,66,20,MEDIUM
86,83,87,26,LOW
70,74,74,22,MEDIUM
84,64,66,20,MEDIUM
60,59,64,16,HIGH
88,88,89,24,LOW
84,79,89,24,LOW
89,98,87,28,LOW
78,72,80,24,MEDIUM
89,98,98,27,LOW
78,84,78,25,MEDIUM
80,74,68,20,MEDIUM
51,49,49,15,HIGH
49,48,54,15,HIGH
70,80,75,24,MEDIUM
57,49,43,16,HIGH
100,93,96,29,LOW
64,63,66,21,MEDIUM
78,73,79,24,MEDIUM
45,43,33,11,HIGH
71,67,70,20,MEDIUM
82,68,66,23,MEDIUM
84,89,82,27,LOW
86,98,96,26,LOW
85,82,99,27,LOW
89,90,89,26,LOW
46,47,45,13,HIGH
80,74,72,18,MEDIUM
73,76,79,23,MEDIUM
87,87,85,26,LOW
86,81,97,27,LOW
74,81,83,25,MEDIUM
90,91,91,28,LOW
89,86,93,27,LOW
66,61,72,20,MEDIUM
85,83,79,26,LOW
97,97,100,29,LOW
93,85,92,26,LOW
43,44,48,15,HIGH
80,68,67,19,MEDIUM
83,77,81,24,MEDIUM
48,47,47,14,HIGH
100,89,99,28,LOW
79,78,64,24,MEDIUM
66,70,65,17,MEDIUM
70,71,74,21,MEDIUM
68,61,66,21,MEDIUM
76,71,76,23,MEDIUM
92,97,98,27,LOW
77,79,80,23,MEDIUM
76,65,76,20,MEDIUM
58,91,90,26,MEDIUM
73,73,77,23,MEDIUM
88,100,82,28,LOW
71,74,67,23,MEDIUM
67,69,80,23,MEDIUM
83,85,85,26,LOW
85,86,79,25,LOW
43,51,50,13,HIGH
65,65,76,19,MEDIUM
79,84,82,25,MEDIUM
100,97,96,28,LOW
91,89,97,26,LOW
81,70,74,19,MEDIUM
69,60,63,21,MEDIUM
85,100,93,29,LOW
48,48,44,15,HIGH
70,74,74,20,MEDIUM
81,87,77,22,MEDIUM
45,51,50,14,HIGH
40,42,38,12,HIGH
76,69,66,19,MEDIUM
76,71,69,23,MEDIUM
53,54,64,17,HIGH
97,97,84,28,LOW
88,87,84,26,LOW
80,87,80,23,MEDIUM
95,97,95,27,LOW
40,54,52,14,HIGH
90,92,98,27,LOW
89,92,84,25,LOW
85,80,85,26,LOW
88,78,89,25,LOW
70,75,72,21,MEDIUM
81,74,76,22,MEDIUM
89,92,94,27,LOW
97,89,85,27,LOW
63,64,74,20,MEDIUM
45,45,49,13,HIGH
73,68,75,22,MEDIUM
98,87,96,30,LOW
84,82,71,24,MEDIUM
88,87,93,29,LOW
72,65,71,22,MEDIUM
73,74,75,22,MEDIUM
48,50,53,15,HIGH
91,89,86,26,LOW
66,72,57,19,MEDIUM
45,48,47,15,HIGH
76,77,81,24,MEDIUM
84,65,70,20,MEDIUM
95,92,87,27,LOW
77,72,70,19,MEDIUM
58,56,55,16,HIGH
80,85,83,25,LOW
90,85,93,28,LOW
90,89,92,29,LOW
56,57,55,15,HIGH
40,38,43,12,HIGH
78,68,77,21,MEDIUM
82,75,79,24,MEDIUM
88,100,90,28,LOW
67,69,64,19,MEDIUM
82,87,88,27,LOW
94,98,100,29,LOW
75,67,65,20,MEDIUM
51,52,44,13,HIGH
90,88,90,28,LOW
54,56,55,17,HIGH
65,82,74,23,MEDIUM
99,99,87,29,LOW
40,35,43,11,HIGH
73,80,66,22,MEDIUM
84,95,78,28,LOW
89,90,93,28,LOW
95,100,93,28,LOW
69,74,68,21,MEDIUM
69,74,73,20,MEDIUM
40,44,43,15,HIGH
69,64,64,20,MEDIUM
70,70,83,23,MEDIUM
48,52,49,16,HIGH
73,82,80,23,MEDIUM
41,46,50,10,HIGH
73,79,67,21,MEDIUM
79,85,81,22,MEDIUM
85,81,81,24,MEDIUM
94,89,92,27,LOW
95,100,92,30,LOW
48,58,53,16,HIGH
80,93,92,26,LOW
93,96,92,28,LOW
97,86,94,26,LOW
47,39,58,14,HIGH
100,100,100,30,LOW
72,80,71,21,MEDIUM
86,82,91,25,LOW
66,65,73,21,MEDIUM
80,63,71,21,MEDIUM
52,53,52,15,HIGH
83,97,91,27,LOW
89,92,100,28,LOW
96,89,89,30,LOW
83,80,85,26,LOW
60,54,76,17,HIGH
77,90,88,24,LOW
80,76,79,23,MEDIUM
76,88,85,23,MEDIUM
89,83,85,24,LOW
58,44,70,20,HIGH
93,88,88,27,LOW
67,61,68,20,MEDIUM
45,54,51,16,HIGH
93,93,85,26,LOW
43,42,44,13,HIGH
91,92,81,25,LOW
81,78,77,24,MEDIUM
86,90,85,27,LOW
85,92,94,27,LOW
94,94,92,27,LOW
68,87,77,20,MEDIUM
88,79,88,26,LOW
97,94,100,30,LOW
76,66,70,19,MEDIUM
72,75,72,21,MEDIUM
100,97,97,28,LOW
51,44,50,14,HIGH
90,84,81,26,LOW
40,41,33,11,HIGH
74,74,74,23,MEDIUM
80,98,95,27,LOW
78,71,80,23,MEDIUM
68,73,65,21,MEDIUM
92,83,86,28,LOW
91,94,95,27,LOW
69,65,63,21,MEDIUM
41,49,46,14,HIGH
54,51,45,18,HIGH
93,91,95,27,LOW
90,84,95,24,LOW
95,100,100,30,LOW
70,76,67,22,MEDIUM
91,88,86,28,LOW
98,99,98,28,LOW
40,31,53,14,HIGH
75,70,69,20,MEDIUM
82,71,70,24,MEDIUM
83,64,70,19,MEDIUM
98,87,93,27,LOW
87,93,96,27,LOW
73,74,70,24,MEDIUM
74,72,66,19,MEDIUM
42,44,43,15,HIGH
47,46,40,14,HIGH
90,90,100,27,LOW
61,74,67,21,MEDIUM
90,93,95,27,LOW
98,90,91,27,LOW
75,83,79,23,MEDIUM
67,63,80,20,MEDIUM
67,61,72,18,MEDIUM
72,72,69,21,MEDIUM
74,82,89,23,MEDIUM
65,70,70,17,MEDIUM
79,66,70,23,MEDIUM
71,65,74,17,MEDIUM
44,50,51,15,HIGH
100,97,93,30,LOW
89,98,100,29,LOW
82,88,86,26,LOW
76,83,80,22,MEDIUM
52,61,49,17,HIGH
91,89,94,27,LOW
71,70,77,24,MEDIUM
70,71,76,21,MEDIUM
84,99,89,26,LOW
97,90,93,26,LOW
41,54,49,13,HIGH
46,45,56,14,HIGH
86,97,88,24,LOW
85,86,82,25,LOW
47,38,42,13,HIGH
76,69,72,24,MEDIUM
95,91,92,27,LOW
97,85,85,28,LOW
100,84,88,28,LOW
100,88,89,30,LOW
100,100,100,30,LOW
92,92,96,28,LOW
79,86,88,26,LOW
88,93,90,25,LOW
53,64,61,17,HIGH
91,91,94,27,LOW
76,73,74,22,MEDIUM
89,87,93,26,LOW
79,76,78,22,MEDIUM
81,75,92,24,MEDIUM
64,67,77,21,MEDIUM
84,85,91,27,LOW
99,91,99,26,LOW
84,67,71,20,MEDIUM
68,75,72,22,MEDIUM
84,82,88,26,LOW
77,77,70,21,MEDIUM
47,47,38,13,HIGH
73,61,78,22,MEDIUM
43,43,41,14,HIGH
87,91,93,29,LOW
84,86,89,26,LOW
80,65,75,17,MEDIUM
92,89,92,27,LOW
68,76,68,22,MEDIUM
64,65,78,21,MEDIUM
63,72,62,20,MEDIUM
93,89,89,28,LOW
82,77,85,23,MEDIUM
71,74,77,23,MEDIUM
80,70,73,17,MEDIUM
95,94,99,28,LOW
69,57,65,21,MEDIUM
46,51,41,14,HIGH
86,89,92,26,LOW
95,95,91,27,LOW
79,85,90,23,MEDIUM
100,90,89,27,LOW
68,71,69,21,MEDIUM
54,63,47,17,HIGH
88,84,78,26,LOW
80,71,56,21,MEDIUM
96,45,49,14,HIGH
45,45,53,15,HIGH
73,70,65,24,MEDIUM
87,90,88,28,LOW
89,95,79,27,LOW
81,83,87,27,LOW
52,56,53,17,HIGH
97,98,98,29,LOW
46,45,49,14,HIGH
67,58,68,20,MEDIUM
76,66,75,20,MEDIUM
86,99,90,27,LOW
72,68,63,21,MEDIUM
70,68,65,19,MEDIUM
48,45,58,17,HIGH
76,73,62,20,MEDIUM
90,85,87,25,LOW
85,99,92,26,LOW
88,97,96,27,LOW
91,98,95,26,LOW
59,60,64,21,MEDIUM
71,64,57,20,MEDIUM
69,75,73,22,MEDIUM
78,85,77,24,MEDIUM
41,38,40,15,HIGH
41,55,41,13,HIGH
46,47,34,13,HIGH
81,90,87,28,LOW
89,92,87,27,LOW
62,61,77,21,MEDIUM
73,69,71,22,MEDIUM
85,96,87,28,LOW
82,84,79,26,LOW
60,52,59,16,HIGH
51,58,46,16,HIGH
86,91,100,30,LOW
88,93,94,27,LOW
85,91,98,26,LOW
50,48,56,15,HIGH
80,76,67,21,MEDIUM
50,43,54,14,HIGH
57,61,61,16,HIGH
76,81,74,21,MEDIUM
79,70,72,23,MEDIUM
87,96,87,27,LOW
59,55,60,20,HIGH
71,73,75,24,MEDIUM
92,88,92,27,LOW
95,46,52,14,MEDIUM
47,44,40,15,HIGH
66,66,73,21,MEDIUM
84,93,100,25,LOW
96,87,94,27,LOW
89,86,94,25,LOW
77,79,70,19,MEDIUM
83,88,96,28,LOW
76,71,76,17,MEDIUM
62,79,68,22,MEDIUM
81,89,81,27,LOW
72,61,69,22,MEDIUM
70,77,80,22,MEDIUM
92,97,85,27,LOW
62,67,61,22,MEDIUM
71,79,71,23,MEDIUM
72,74,72,22,MEDIUM
85,89,83,27,LOW
48,49,57,14,HIGH
92,83,91,25,LOW
89,95,100,29,LOW
88,90,90,28,LOW
74,72,70,20,MEDIUM
76,76,74,24,MEDIUM
53,59,60,16,HIGH
91,85,90,27,LOW
72,71,72,23,MEDIUM
59,87,85,27,MEDIUM
91,97,91,29,LOW
90,93,88,27,LOW
83,91,91,27,LOW
54,50,47,14,HIGH
80,73,80,21,MEDIUM
77,71,74,18,MEDIUM
51,49,45,16,HIGH
95,87,91,27,LOW
59,66,62,21,MEDIUM
71,80,82,21,MEDIUM
70,81,85,25,MEDIUM
68,60,79,18,MEDIUM
76,81,86,26,LOW
80,67,75,22,MEDIUM
88,98,87,28,LOW
85,77,82,24,MEDIUM
100,100,95,30,LOW
97,46,48,14,HIGH
81,77,81,23,MEDIUM
64,70,63,21,MEDIUM
77,83,78,23,MEDIUM
70,90,73,25,MEDIUM
63,49,58,17,HIGH
70,77,83,24,MEDIUM
98,94,100,28,LOW
73,63,62,21,MEDIUM
92,92,97,27,LOW
93,91,97,29,LOW
86,85,88,27,LOW
68,71,75,21,MEDIUM
62,69,58,17,HIGH
90,92,87,28,LOW
87,70,71,21,MEDIUM
69,73,82,22,MEDIUM
77,86,87,24,MEDIUM
82,85,88,23,LOW
74,77,77,22,MEDIUM
84,87,74,23,MEDIUM
89,84,97,27,LOW
92,94,84,30,LOW
79,71,67,21,MEDIUM
70,82,75,22,MEDIUM
87,89,90,27,LOW
77,67,74,20,MEDIUM
53,47,56,15,HIGH
73,77,77,21,MEDIUM
48,57,46,14,HIGH
91,81,90,24,LOW
90,94,100,28,LOW
58,64,57,13,HIGH
63,74,58,20,MEDIUM
90,84,89,27,LOW
74,79,77,24,MEDIUM
55,62,58,17,HIGH
95,93,92,27,LOW
52,57,42,14,HIGH
85,83,86,24,LOW
47,49,47,14,HIGH
99,92,100,28,LOW
89,94,100,26,LOW
79,71,91,25,MEDIUM
71,72,84,22,MEDIUM
100,99,100,27,LOW
82,80,92,23,LOW
85,84,95,24,LOW
85,68,75,21,MEDIUM
74,81,88,23,MEDIUM
60,89,88,30,LOW
97,96,99,28,LOW
89,92,86,28,LOW
92,91,96,26,LOW
70,72,73,21,MEDIUM
56,48,51,16,HIGH
73,75,73,19,MEDIUM
70,77,73,19,MEDIUM
85,66,63,18,MEDIUM
95,95,100,28,LOW
49,54,63,16,HIGH
42,44,46,13,HIGH
78,86,89,27,LOW
85,69,67,20,MEDIUM
67,72,77,20,MEDIUM
43,43,36,10,HIGH
78,74,80,21,MEDIUM
92,97,100,30,LOW
48,58,48,16,HIGH
89,89,88,27,LOW
84,82,86,27,LOW
47,57,50,17,HIGH
67,61,70,19,MEDIUM
87,91,83,27,LOW
77,72,77,22,MEDIUM
88,92,88,27,LOW
80,92,82,25,LOW
52,60,53,18,HIGH
82,79,87,22,MEDIUM
67,74,70,21,MEDIUM
58,59,66,16,HIGH
68,56,65,19,MEDIUM
84,90,83,27,LOW
95,95,98,29,LOW
68,63,67,20,MEDIUM
85,91,99,27,LOW
100,87,88,27,LOW
78,68,78,23,MEDIUM
94,100,98,29,LOW
92,85,90,28,LOW
88,92,95,29,LOW
89,84,91,27,LOW
83,69,72,22,MEDIUM
94,89,92,27,LOW
75,72,73,23,MEDIUM
73,72,77,23,MEDIUM
90,92,94,29,LOW
50,49,54,15,HIGH
88,89,82,25,LOW
95,89,96,26,LOW
51,51,51,14,HIGH
70,76,72,22,MEDIUM
67,79,65,21,MEDIUM
98,91,94,28,LOW
92,94,93,29,LOW
91,100,100,29,LOW
46,50,50,13,HIGH
93,87,86,27,LOW
78,67,63,19,MEDIUM
68,68,68,22,MEDIUM
100,93,100,28,LOW
47,39,45,13,HIGH
73,72,77,23,MEDIUM
84,96,91,26,LOW
93,87,75,27,LOW
55,88,90,27,MEDIUM
88,97,87,28,LOW
88,87,93,29,LOW
58,53,57,16,HIGH
93,96,96,26,LOW
73,72,68,21,MEDIUM
69,69,61,20,MEDIUM
75,65,70,22,MEDIUM
55,57,59,16,HIGH
93,89,94,29,LOW
96,88,91,28,LOW
70,70,77,22,MEDIUM
94,95,84,29,LOW
78,68,66,20,MEDIUM
70,73,72,24,MEDIUM
69,87,80,22,MEDIUM
66,70,75,22,MEDIUM
75,73,69,15,MEDIUM
87,90,76,25,LOW
74,83,78,24,MEDIUM
69,68,79,24,MEDIUM
90,87,87,26,LOW
40,40,30,9,HIGH
47,64,68,17,HIGH
96,92,90,30,LOW
70,72,73,17,MEDIUM
63,64,75,20,MEDIUM
73,64,73,20,MEDIUM
66,68,67,21,MEDIUM
72,74,68,22,MEDIUM
79,76,77,23,MEDIUM
66,70,63,21,MEDIUM
83,87,97,26,LOW
76,68,67,22,MEDIUM
93,86,89,28,LOW
74,78,87,22,MEDIUM
86,93,91,27,LOW
69,77,57,20,MEDIUM
62,69,74,20,MEDIUM
88,86,89,27,LOW
97,98,95,30,LOW
40,51,46,14,HIGH
80,72,62,19,MEDIUM
56,53,65,15,HIGH
90,87,88,27,LOW
53,56,55,17,HIGH
96,95,82,26,LOW
93,87,87,27,LOW
84,91,89,25,LOW
63,66,67,20,MEDIUM
44,37,41,10,HIGH
88,87,87,25,LOW
50,51,54,16,HIGH
97,99,92,28,LOW
98,93,94,30,LOW
92,85,90,26,LOW
40,52,48,14,HIGH
78,75,82,24,MEDIUM
89,85,91,26,LOW
74,72,77,20,MEDIUM
73,77,75,21,MEDIUM
70,68,74,22,MEDIUM
42,42,50,12,HIGH
98,81,95,26,LOW
56,51,61,17,HIGH
89,85,91,25,LOW
71,70,79,20,MEDIUM
64,60,58,18,HIGH
60,59,61,19,HIGH
45,40,46,12,HIGH
89,92,81,27,LOW
82,84,93,26,LOW
87,89,90,27,LOW
97,97,92,29,LOW
50,39,50,16,HIGH
74,81,68,23,MEDIUM
68,72,74,22,MEDIUM
89,87,94,27,LOW
89,94,97,28,LOW
88,86,96,26,LOW
73,72,78,22,MEDIUM
72,67,84,22,MEDIUM
77,68,72,18,MEDIUM
90,87,90,26,LOW
94,100,92,27,LOW
54,54,53,17,HIGH
75,66,73,18,MEDIUM
80,68,72,21,MEDIUM
87,81,84,24,LOW
87,91,92,26,LOW
66,73,79,22,MEDIUM
74,61,68,23,MEDIUM
76,71,68,20,MEDIUM
78,67,68,18,MEDIUM
53,57,60,16,HIGH
74,71,65,22,MEDIUM
82,78,88,26,LOW
61,56,52,20,HIGH
44,48,50,13,HIGH
74,66,79,20,MEDIUM
51,57,59,15,HIGH
89,90,80,25,LOW
88,88,91,27,LOW
55,70,63,19,MEDIUM
78,55,64,21,MEDIUM
92,95,100,27,LOW
95,99,90,27,LOW
83,82,86,24,LOW
54,49,56,17,HIGH
40,46,38,13,HIGH
80,68,68,23,MEDIUM
81,82,80,26,LOW
82,78,82,23,MEDIUM
83,74,67,20,MEDIUM
84,89,97,27,LOW
88,76,88,28,LOW
98,97,96,30,LOW
73,63,59,20,MEDIUM
91,89,87,28,LOW
86,89,93,27,LOW
67,74,67,21,MEDIUM
83,90,88,27,LOW
90,89,90,26,LOW
85,70,74,17,MEDIUM
40,45,43,13,HIGH
78,69,71,16,MEDIUM
56,57,54,16,HIGH
73,70,79,22,MEDIUM
78,85,79,23,MEDIUM
79,65,73,19,MEDIUM
71,64,81,20,MEDIUM
75,83,64,24,MEDIUM
76,72,66,21,MEDIUM
66,72,67,19,MEDIUM
53,37,46,13,HIGH
71,66,75,20,MEDIUM
73,65,71,22,MEDIUM
80,73,67,21,MEDIUM
54,54,56,16,HIGH
94,92,88,26,LOW
75,74,78,25,MEDIUM
75,66,75,18,MEDIUM
77,73,79,22,MEDIUM
91,82,82,26,LOW
88,86,87,27,LOW
50,46,65,16,HIGH
81,82,84,26,LOW
77,72,70,24,MEDIUM
81,96,89,26,LOW
89,85,81,26,LOW
54,52,63,17,HIGH
40,48,40,13,HIGH
85,87,91,27,LOW
42,34,35,15,HIGH
48,52,47,14,HIGH
79,85,81,23,MEDIUM
74,76,77,23,MEDIUM
100,96,95,27,LOW
93,99,91,26,LOW
93,91,90,27,LOW
55,56,57,17,HIGH
86,78,82,24,MEDIUM
83,82,78,27,LOW
98,92,97,30,LOW
91,89,96,28,LOW
42,47,49,14,HIGH
48,57,47,16,HIGH
93,95,92,28,LOW
63,61,66,18,MEDIUM
94,90,94,27,LOW
79,74,74,24,MEDIUM
47,47,44,15,HIGH
74,71,72,22,MEDIUM
72,67,79,20,MEDIUM
71,74,71,21,MEDIUM
44,48,54,15,HIGH
59,54,61,17,HIGH
81,74,89,25,MEDIUM
88,83,85,29,LOW
85,91,95,25,LOW
95,85,85,27,LOW
90,86,89,28,LOW
78,85,89,25,LOW
49,54,55,16,HIGH
81,77,75,25,MEDIUM
68,70,72,19,MEDIUM
80,71,74,19,MEDIUM
90,84,100,28,LOW
93,88,90,28,LOW
93,95,94,28,LOW
78,68,81,22,MEDIUM
99,93,89,27,LOW
48,53,45,15,HIGH
74,65,79,23,MEDIUM
59,55,65,16,HIGH
100,99,100,29,LOW
76,85,87,26,LOW
93,100,87,27,LOW
67,65,73,20,MEDIUM
81,77,89,26,LOW
84,72,73,21,MEDIUM
86,93,93,27,LOW
48,54,48,14,HIGH
92,84,88,24,LOW
51,48,52,19,HIGH
87,89,81,26,LOW
62,64,61,21,MEDIUM
92,89,83,27,LOW
51,43,41,13,HIGH
56,45,47,15,HIGH
85,78,90,26,LOW
50,45,48,15,HIGH
91,100,95,26,LOW
74,74,68,21,MEDIUM
53,55,64,17,HIGH
90,83,93,26,LOW
40,41,33,14,HIGH
41,46,39,15,HIGH
76,70,63,17,MEDIUM
91,93,93,28,LOW
86,78,78,23,MEDIUM
79,74,67,20,MEDIUM
88,84,84,25,LOW
46,52,47,14,HIGH
85,94,85,26,LOW
60,61,64,16,HIGH
40,49,43,14,HIGH
64,88,91,26,MEDIUM
83,87,82,27,LOW
94,92,94,28,LOW
79,87,84,24,MEDIUM
74,87,84,24,MEDIUM
65,64,67,21,MEDIUM
94,87,90,26,LOW
81,89,89,27,LOW
62,59,60,21,MEDIUM
71,72,76,21,MEDIUM
82,60,67,22,MEDIUM
95,87,91,28,LOW
70,74,69,20,MEDIUM
97,100,96,30,LOW
75,64,68,20,MEDIUM
81,66,70,21,MEDIUM
97,93,96,26,LOW
90,90,86,28,LOW
86,98,100,29,LOW
75,71,84,20,MEDIUM
91,99,89,28,LOW
75,76,87,24,MEDIUM
95,95,93,28,LOW
98,98,81,27,LOW
94,95,95,27,LOW
84,85,83,26,LOW
93,94,89,28,LOW
69,65,68,18,MEDIUM
57,70,66,21,MEDIUM
82,76,84,23,MEDIUM
87,81,87,24,LOW
91,90,92,28,LOW
88,92,97,27,LOW
76,71,73,21,MEDIUM
94,98,94,29,LOW
75,72,68,23,MEDIUM
46,50,42,14,HIGH
97,100,91,28,LOW
76,68,78,23,MEDIUM
67,71,67,21,MEDIUM
81,89,91,26,LOW
49,42,43,15,HIGH
62,75,69,19,MEDIUM
81,69,69,21,MEDIUM
86,85,87,26,LOW
64,61,69,20,MEDIUM
89,91,88,28,LOW
41,29,46,12,HIGH
69,64,84,22,MEDIUM
87,93,77,26,LOW
74,70,79,23,MEDIUM
49,53,49,14,HIGH
70,65,63,22,MEDIUM
56,52,45,18,HIGH
61,63,55,16,HIGH
98,98,93,30,LOW
88,89,95,25,LOW
100,97,97,28,LOW
83,81,87,25,LOW
74,69,74,23,MEDIUM
69,68,68,20,MEDIUM
85,79,73,24,MEDIUM
92,93,92,26,LOW
61,59,67,18,HIGH
69,70,75,21,MEDIUM
100,98,100,29,LOW
92,84,89,27,LOW
90,100,90,28,LOW
96,97,93,27,LOW
96,96,97,27,LOW
93,97,100,30,LOW
92,85,86,28,LOW
92,91,95,26,LOW
72,77,85,22,MEDIUM
83,87,81,26,LOW
85,86,83,26,LOW
89,82,97,25,LOW
80,76,82,22,MEDIUM
81,62,74,26,MEDIUM
80,92,81,25,LOW
94,95,85,26,LOW
72,74,68,22,MEDIUM
100,100,100,30,LOW
67,72,66,19,MEDIUM
94,89,92,26,LOW
96,91,94,28,LOW
95,100,100,30,LOW
86,80,87,28,LOW
57,42,46,14,HIGH
46,42,38,12,HIGH
81,69,70,20,MEDIUM
53,43,39,12,HIGH
68,70,84,20,MEDIUM
76,84,86,25,MEDIUM
88,87,90,28,LOW
82,68,64,20,MEDIUM
85,88,91,26,LOW
92,94,94,27,LOW
76,72,87,22,MEDIUM
77,77,66,21,MEDIUM
64,70,73,20,MEDIUM
41,36,43,15,HIGH
57,56,61,16,HIGH
89,88,93,26,LOW
55,57,54,17,HIGH
88,82,80,26,LOW
81,65,71,19,MEDIUM
78,71,76,18,MEDIUM
40,32,38,10,HIGH
49,41,47,15,HIGH
95,95,92,27,LOW
76,77,71,21,MEDIUM
52,59,56,17,HIGH
66,72,74,20,MEDIUM
73,72,79,21,MEDIUM
84,78,76,21,MEDIUM
98,84,97,29,LOW
80,67,74,21,MEDIUM
81,75,71,22,MEDIUM
76,71,71,21,MEDIUM
72,70,69,22,MEDIUM
69,59,66,19,MEDIUM
94,90,91,27,LOW
53,57,57,19,HIGH
93,90,90,27,LOW
69,69,67,22,MEDIUM
97,93,87,28,LOW
90,95,97,28,LOW
86,79,89,26,LOW
91,90,94,28,LOW
73,78,78,24,MEDIUM
81,72,65,26,MEDIUM
93,83,94,29,LOW
78,68,67,20,MEDIUM
78,83,84,24,MEDIUM
91,90,97,27,LOW
81,93,82,27,LOW
53,58,62,16,HIGH
74,73,70,22,MEDIUM
76,65,69,22,MEDIUM
61,52,53,20,HIGH
95,97,100,30,LOW
74,77,81,22,MEDIUM
86,86,89,25,LOW
84,86,91,28,LOW
87,91,89,26,LOW
67,81,65,20,MEDIUM
95,91,93,28,LOW
92,75,81,27,LOW
93,91,94,28,LOW
78,78,74,23,MEDIUM
71,77,75,22,MEDIUM
54,58,56,13,HIGH
60,63,64,20,MEDIUM
74,68,70,22,MEDIUM
88,93,89,27,LOW
80,65,72,17,MEDIUM
83,80,92,25,LOW
79,78,71,22,MEDIUM
90,98,98,27,LOW
64,73,70,19,MEDIUM
47,42,54,15,HIGH
95,100,90,27,LOW
43,50,38,13,HIGH
59,70,73,21,MEDIUM
85,68,73,21,MEDIUM
80,73,76,22,MEDIUM
67,59,69,19,MEDIUM
94,100,100,30,LOW
55,50,51,17,HIGH
94,92,97,28,LOW
48,65,54,18,HIGH
95,86,81,26,LOW
98,98,100,27,LOW
76,82,75,23,MEDIUM
50,51,56,16,HIGH
76,70,81,22,MEDIUM
68,68,69,22,MEDIUM
57,63,61,16,HIGH
82,61,68,22,MEDIUM
47,50,48,15,HIGH
85,70,73,19,MEDIUM
85,90,89,25,LOW
63,61,66,20,MEDIUM
93,83,88,28,LOW
91,94,89,27,LOW
91,91,89,27,LOW
80,82,84,23,MEDIUM
73,72,72,22,MEDIUM
90,91,100,27,LOW
54,45,51,15,HIGH
89,92,93,26,LOW
67,77,76,20,MEDIUM
63,72,60,20,MEDIUM
90,85,82,30,LOW
82,85,87,23,LOW
75,68,76,20,MEDIUM
85,80,85,25,LOW
90,89,88,27,LOW
61,61,67,21,MEDIUM
92,99,100,28,LOW
99,96,100,29,LOW
96,91,99,28,LOW
100,93,93,29,LOW
94,92,100,28,LOW
60,52,47,18,HIGH
74,64,72,20,MEDIUM
97,99,93,28,LOW
92,100,100,26,LOW
85,86,80,26,LOW
80,69,72,21,MEDIUM
63,67,66,22,MEDIUM
77,79,82,24,MEDIUM
43,43,42,15,HIGH
92,94,97,29,LOW
75,74,81,22,MEDIUM
72,87,72,21,MEDIUM
69,58,69,20,MEDIUM
83,80,88,25,LOW
86,85,91,24,LOW
90,85,91,26,LOW
93,92,91,26,LOW
86,84,84,24,LOW
78,80,85,26,LOW
88,83,80,27,LOW
89,71,73,18,MEDIUM
84,85,79,24,LOW
100,90,94,28,LOW
74,77,75,24,MEDIUM
77,73,81,22,MEDIUM
74,76,74,21,MEDIUM
92,98,89,28,LOW
62,81,76,21,MEDIUM
88,88,100,27,LOW
85,91,96,25,LOW
76,74,76,24,MEDIUM
92,91,98,27,LOW
61,68,60,19,MEDIUM
91,95,94,27,LOW
78,73,74,24,MEDIUM
92,86,81,26,LOW
60,84,89,27,MEDIUM
52,53,45,16,HIGH
100,100,100,29,LOW
77,84,75,23,MEDIUM
63,54,58,17,HIGH
92,91,89,25,LOW
58,61,63,23,MEDIUM
65,62,57,19,MEDIUM
100,100,100,29,LOW
79,63,75,21,MEDIUM
87,87,86,26,LOW
48,45,43,15,HIGH
82,89,83,26,LOW
77,86,95,25,LOW
74,72,74,21,MEDIUM
83,82,82,25,LOW
54,62,52,16,HIGH
73,72,66,21,MEDIUM
75,65,68,20,MEDIUM
74,70,83,22,MEDIUM
89,86,85,25,LOW
93,86,96,27,LOW
63,63,64,18,MEDIUM
69,68,69,22,MEDIUM
54,51,46,17,HIGH
71,79,80,22,MEDIUM
94,92,91,28,LOW
47,45,47,15,HIGH
87,90,86,27,LOW
79,69,73,19,MEDIUM
58,68,59,17,HIGH
45,46,49,15,HIGH
94,93,88,29,LOW
78,71,77,21,MEDIUM
74,77,75,22,MEDIUM
83,95,84,25,LOW
57,90,90,28,MEDIUM
74,70,66,21,MEDIUM
48,48,53,14,HIGH
98,96,93,30,LOW
97,100,98,29,LOW
67,72,71,23,MEDIUM
79,80,74,23,MEDIUM
74,78,77,22,MEDIUM
90,90,84,26,LOW
77,68,62,16,MEDIUM
100,97,95,29,LOW
97,50,50,15,MEDIUM
88,89,90,27,LOW
48,54,43,14,HIGH
73,76,81,22,MEDIUM
82,70,68,24,MEDIUM
79,69,70,17,MEDIUM
91,96,92,27,LOW
79,80,79,23,MEDIUM
58,56,61,20,HIGH
77,69,71,23,MEDIUM
68,66,80,23,MEDIUM
77,79,84,23,MEDIUM
96,87,94,27,LOW
53,53,43,15,HIGH
81,78,77,24,MEDIUM
48,48,45,15,HIGH
84,84,80,27,LOW
91,99,85,27,LOW
62,61,69,20,MEDIUM
85,85,90,25,LOW
53,49,62,15,HIGH
73,77,77,22,MEDIUM
89,97,100,28,LOW
100,100,98,29,LOW
96,98,90,28,LOW
67,60,56,18,HIGH
87,91,85,27,LOW
82,73,89,22,MEDIUM
64,73,66,21,MEDIUM
99,98,95,29,LOW
85,91,82,25,LOW
91,83,97,29,LOW
92,86,87,27,LOW
79,79,95,26,LOW
92,87,80,26,LOW
96,100,100,30,LOW
99,85,89,26,LOW
73,76,87,21,MEDIUM
86,83,84,25,LOW
40,46,38,11,HIGH
67,68,75,21,MEDIUM
97,91,97,29,LOW
70,68,75,21,MEDIUM
44,47,43,13,HIGH
84,89,88,27,LOW
53,57,54,17,HIGH
81,77,86,25,MEDIUM
80,69,75,18,MEDIUM
94,92,92,27,LOW
85,87,93,26,LOW
79,80,72,22,MEDIUM
76,73,72,25,MEDIUM
77,73,78,23,MEDIUM
82,67,80,23,MEDIUM
78,86,70,22,MEDIUM
79,81,86,25,LOW
87,88,89,25,LOW
64,67,62,18,MEDIUM
88,94,92,29,LOW
88,93,89,29,LOW
79,74,75,18,MEDIUM
81,72,78,21,MEDIUM
71,65,72,21,MEDIUM
77,74,77,23,MEDIUM
76,67,70,19,MEDIUM
80,74,75,20,MEDIUM
81,76,79,26,MEDIUM
73,82,73,24,MEDIUM
59,53,60,19,HIGH
76,67,76,22,MEDIUM
87,89,97,27,LOW
48,46,55,15,HIGH
84,68,67,20,MEDIUM
53,56,60,15,HIGH
98,88,100,30,LOW
77,81,78,23,MEDIUM
87,97,97,28,LOW
73,70,69,23,MEDIUM
89,91,96,26,LOW
73,65,67,21,MEDIUM
73,70,80,23,MEDIUM
66,62,71,21,MEDIUM
86,94,88,27,LOW
95,100,89,28,LOW
87,87,94,24,LOW
90,94,92,27,LOW
97,95,90,27,LOW
77,82,86,22,MEDIUM
59,88,91,27,MEDIUM
73,72,79,22,MEDIUM
62,68,70,19,MEDIUM
84,82,88,25,LOW
91,84,98,28,LOW
88,96,86,27,LOW
54,46,48,19,HIGH
85,88,77,27,LOW
56,60,50,16,HIGH
55,62,59,18,HIGH
87,86,93,27,LOW
82,69,69,22,MEDIUM
69,78,76,19,MEDIUM
76,82,74,22,MEDIUM
40,48,48,15,HIGH
91,92,92,30,LOW
91,89,96,29,LOW
95,97,92,28,LOW
84,85,97,26,LOW
90,83,92,25,LOW
95,89,85,26,LOW
46,52,46,15,HIGH
56,57,58,19,HIGH
69,67,71,18,MEDIUM
67,71,75,23,MEDIUM
99,97,100,29,LOW
63,69,59,20,MEDIUM
76,66,71,22,MEDIUM
72,66,64,21,MEDIUM
90,95,86,25,LOW
72,71,66,22,MEDIUM
89,91,88,27,LOW
77,84,83,24,MEDIUM
59,58,60,17,HIGH
63,64,60,18,HIGH
64,66,66,20,MEDIUM
73,72,75,22,MEDIUM
83,80,84,25,LOW
91,83,91,27,LOW
90,92,94,28,LOW
66,67,70,21,MEDIUM
68,76,83,21,MEDIUM
73,70,80,23,MEDIUM
58,49,63,16,HIGH
93,94,89,26,LOW
88,85,85,26,LOW
80,85,91,26,LOW
40,47,41,11,HIGH
62,59,57,17,HIGH
42,44,50,14,HIGH
84,59,68,20,MEDIUM
86,76,89,26,LOW
72,67,70,22,MEDIUM
61,67,62,19,MEDIUM
83,75,82,25,MEDIUM
93,97,83,27,LOW
46,52,50,16,HIGH
73,65,64,20,MEDIUM
79,83,70,22,MEDIUM
67,66,61,21,MEDIUM
87,98,90,28,LOW
81,81,84,26,LOW
52,49,49,16,HIGH
56,49,38,15,HIGH
81,90,91,27,LOW
75,72,74,22,MEDIUM
69,69,69,23,MEDIUM
42,34,53,13,HIGH
97,93,90,27,LOW
70,66,80,22,MEDIUM
100,92,95,28,LOW
94,85,92,28,LOW
92,87,94,26,LOW
52,49,56,15,HIGH
73,85,74,22,MEDIUM
47,64,56,16,HIGH
85,89,86,27,LOW
48,46,66,15,HIGH
91,88,87,27,LOW
84,86,88,27,LOW
79,73,79,22,MEDIUM
64,65,61,19,MEDIUM
88,83,83,23,LOW
81,93,84,26,LOW
69,77,71,21,MEDIUM
79,76,73,19,MEDIUM
78,74,71,20,MEDIUM
42,41,43,14,HIGH
90,89,83,26,LOW
89,89,93,29,LOW
85,67,72,19,MEDIUM
67,66,80,22,MEDIUM
66,65,61,20,MEDIUM
96,98,89,27,LOW
83,85,88,23,LOW
67,61,69,16,MEDIUM
83,66,65,16,MEDIUM
92,96,100,30,LOW
81,77,82,23,MEDIUM
98,100,99,28,LOW
89,97,91,27,LOW
84,89,91,27,LOW
100,100,100,27,LOW
53,59,64,16,HIGH
91,97,99,26,LOW
40,52,36,13,HIGH
74,74,72,21,MEDIUM
93,91,90,25,LOW
98,87,94,30,LOW
60,66,70,21,MEDIUM
83,99,88,27,LOW
66,71,80,20,MEDIUM
81,91,93,25,LOW
51,48,47,14,HIGH
75,71,78,25,MEDIUM
98,89,99,29,LOW
70,59,56,18,MEDIUM
89,94,97,28,LOW
84,73,94,26,LOW
78,71,61,25,MEDIUM
84,69,67,20,MEDIUM
79,75,75,21,MEDIUM
89,80,77,27,LOW
52,52,53,15,HIGH
68,65,71,19,MEDIUM
51,43,53,15,HIGH
84,87,86,24,LOW
74,77,83,23,MEDIUM
75,80,79,25,MEDIUM
71,72,72,22,MEDIUM
88,84,90,25,LOW
89,90,86,26,LOW
87,87,85,26,LOW
76,81,80,25,MEDIUM
81,63,66,20,MEDIUM
69,69,83,19,MEDIUM
71,77,77,21,MEDIUM
75,69,74,23,MEDIUM
99,95,93,29,LOW
66,68,68,20,MEDIUM
65,69,66,21,MEDIUM
94,100,97,28,LOW
90,91,99,28,LOW
100,91,100,30,LOW
85,82,84,25,LOW
79,77,78,28,LOW
54,47,57,14,HIGH
64,60,61,19,MEDIUM
100,100,100,30,LOW
92,87,95,30,LOW
82,74,69,22,MEDIUM
91,85,98,28,LOW
65,71,70,21,MEDIUM
90,97,94,26,LOW
95,93,93,26,LOW
66,76,71,22,MEDIUM
100,96,93,25,LOW
47,47,57,16,HIGH
100,94,92,28,LOW
64,70,58,19,MEDIUM
50,41,55,14,HIGH
96,86,86,28,LOW
89,88,90,25,LOW
74,79,74,23,MEDIUM
79,77,73,19,MEDIUM
82,81,82,25,LOW
78,69,62,18,MEDIUM
83,66,72,22,MEDIUM
70,72,69,21,MEDIUM
75,77,86,22,MEDIUM
46,42,54,15,HIGH
93,96,100,29,LOW
66,73,77,22,MEDIUM
59,51,58,18,HIGH
89,81,96,27,LOW
60,91,88,26,MEDIUM
81,78,85,23,MEDIUM
72,73,70,20,MEDIUM
85,87,95,26,LOW
90,87,98,27,LOW
81,83,72,25,MEDIUM
88,96,98,28,LOW
53,42,57,15,HIGH
75,77,79,24,MEDIUM
87,89,97,27,LOW
90,94,90,26,LOW
46,45,54,15,HIGH
93,87,85,26,LOW
83,78,77,23,MEDIUM
40,44,32,10,HIGH
71,66,77,23,MEDIUM
90,91,84,25,LOW
52,47,51,15,HIGH
93,93,89,26,LOW
66,66,81,21,MEDIUM
87,80,88,24,LOW
92,86,90,27,LOW
75,74,83,22,MEDIUM
100,86,100,28,LOW
87,93,86,27,LOW
42,46,40,13,HIGH
72,70,78,21,MEDIUM
94,99,89,29,LOW
79,80,87,26,LOW
56,54,53,18,HIGH
51,55,62,14,HIGH
91,85,88,25,LOW
94,85,93,27,LOW
55,59,69,19,HIGH
62,65,67,19,MEDIUM
79,71,75,21,MEDIUM
54,61,65,16,HIGH
100,100,99,28,LOW
73,77,83,23,MEDIUM
46,55,49,14,HIGH
88,97,98,26,LOW
90,93,83,25,LOW
45,47,50,13,HIGH
86,91,100,27,LOW
82,81,75,25,MEDIUM
92,79,93,25,LOW
61,75,60,20,MEDIUM
75,81,85,25,MEDIUM
51,56,48,16,HIGH
93,89,91,28,LOW
90,82,90,24,LOW
98,95,94,29,LOW
83,86,89,26,LOW
91,82,78,26,LOW
79,72,71,23,MEDIUM
93,46,49,14,HIGH
100,95,100,30,LOW
77,81,76,23,MEDIUM
92,93,85,28,LOW
40,36,49,16,HIGH
93,88,91,27,LOW
93,100,90,27,LOW
78,68,72,19,MEDIUM
75,68,77,22,MEDIUM
69,66,77,21,MEDIUM
67,61,69,19,MEDIUM
70,67,84,23,MEDIUM
90,91,91,27,LOW
65,61,65,18,MEDIUM
72,78,76,24,MEDIUM
98,95,83,30,LOW
84,93,89,27,LOW
83,96,98,27,LOW
45,41,44,10,HIGH
51,39,46,15,HIGH
52,57,65,17,HIGH
56,53,54,16,HIGH
80,83,80,23,MEDIUM
91,95,94,27,LOW
97,100,94,26,LOW
77,66,68,17,MEDIUM
79,64,74,21,MEDIUM
86,67,69,20,MEDIUM
69,68,76,19,MEDIUM
58,61,70,19,MEDIUM
70,72,60,22,MEDIUM
47,55,57,15,HIGH
65,68,69,21,MEDIUM
72,71,77,25,MEDIUM
86,74,90,24,LOW
83,88,92,26,LOW
93,85,90,26,LOW
82,77,66,22,MEDIUM
84,91,92,29,LOW
70,66,71,22,MEDIUM
72,81,66,20,MEDIUM
88,88,100,28,LOW
96,97,80,28,LOW
73,72,75,21,MEDIUM
73,78,79,21,MEDIUM
79,68,72,19,MEDIUM
81,93,85,25,LOW
87,92,94,26,LOW
72,72,61,22,MEDIUM
74,81,80,25,MEDIUM
78,68,71,22,MEDIUM
89,91,89,25,LOW
70,57,64,20,MEDIUM
78,77,70,23,MEDIUM
75,67,71,23,MEDIUM
90,79,96,28,LOW
82,78,88,25,LOW
94,94,83,27,LOW
67,74,80,20,MEDIUM
72,70,67,20,MEDIUM
84,78,78,23,MEDIUM
69,68,82,22,MEDIUM
87,82,86,25,LOW
77,72,76,22,MEDIUM
78,77,72,25,MEDIUM
79,65,65,19,MEDIUM
76,77,78,22,MEDIUM
64,71,58,20,MEDIUM
100,97,97,29,LOW
87,95,93,25,LOW
92,100,80,28,LOW
79,77,77,26,MEDIUM
40,39,54,15,HIGH
79,70,75,23,MEDIUM
88,89,92,28,LOW
47,58,55,15,HIGH
75,71,69,24,MEDIUM
96,100,95,28,LOW
77,73,75,24,MEDIUM
86,95,83,26,LOW
96,92,89,27,LOW
69,72,66,20,MEDIUM
79,73,72,24,MEDIUM
70,64,61,22,MEDIUM
79,62,58,20,MEDIUM
87,94,84,25,LOW
75,62,72,23,MEDIUM
72,73,75,19,MEDIUM
85,82,77,22,MEDIUM
78,68,59,20,MEDIUM
42,39,40,11,HIGH
55,43,52,14,HIGH
66,69,69,20,MEDIUM
40,47,44,13,HIGH
48,48,46,17,HIGH
92,90,87,28,LOW
98,95,90,29,LOW
95,46,50,16,MEDIUM
55,65,63,15,HIGH
76,74,82,23,MEDIUM
47,50,38,13,HIGH
94,90,92,26,LOW
91,96,87,27,LOW
97,90,100,28,LOW
75,86,81,26,MEDIUM
87,85,91,28,LOW
40,42,42,14,HIGH
80,71,73,21,MEDIUM
65,83,64,21,MEDIUM
79,70,80,22,MEDIUM
85,68,73,17,MEDIUM
95,95,91,29,LOW
91,91,88,29,LOW
91,90,87,27,LOW
83,77,79,22,MEDIUM
82,90,90,27,LOW
87,83,92,28,LOW
49,63,50,16,HIGH
92,93,92,28,LOW
85,95,89,26,LOW
96,92,90,29,LOW
72,70,61,23,MEDIUM
88,90,99,26,LOW
69,73,67,22,MEDIUM
59,51,47,17,HIGH
73,73,73,21,MEDIUM
58,90,85,26,MEDIUM
92,88,90,27,LOW
79,75,79,23,MEDIUM
90,86,95,27,LOW
40,28,32,10,HIGH
94,84,83,27,LOW
53,54,61,16,HIGH
69,73,75,22,MEDIUM
64,68,76,21,MEDIUM
91,88,91,27,LOW
68,74,76,21,MEDIUM
84,78,91,27,LOW
64,64,71,19,MEDIUM
75,69,64,20,MEDIUM
47,49,44,13,HIGH
85,88,86,26,LOW
70,78,86,22,MEDIUM
45,47,45,15,HIGH
81,96,85,25,LOW
80,74,69,22,MEDIUM
62,69,63,17,MEDIUM
93,90,99,26,LOW
94,100,87,26,LOW
94,92,83,30,LOW
87,83,92,28,LOW
68,75,84,25,MEDIUM
78,72,70,20,MEDIUM
77,68,77,24,MEDIUM
72,71,63,21,MEDIUM
71,76,76,23,MEDIUM
60,56,54,19,HIGH
78,64,70,18,MEDIUM
82,67,66,19,MEDIUM
86,82,75,23,MEDIUM
92,97,96,28,LOW
91,83,93,26,LOW
98,95,94,28,LOW
86,84,87,25,LOW
68,72,61,20,MEDIUM
70,74,76,20,MEDIUM
86,83,93,28,LOW
68,74,75,22,MEDIUM
56,48,55,17,HIGH
73,74,75,22,MEDIUM
81,65,73,19,MEDIUM
90,91,96,27,LOW
88,83,94,28,LOW
79,69,67,20,MEDIUM
72,69,59,21,MEDIUM
78,77,75,22,MEDIUM
86,80,100,27,LOW
84,87,85,25,LOW
96,95,94,28,LOW
94,100,87,27,LOW
85,79,93,26,LOW
78,81,76,22,MEDIUM
76,67,73,21,MEDIUM
98,88,91,26,LOW
75,80,74,24,MEDIUM
85,74,76,21,MEDIUM
93,92,93,27,LOW
95,95,97,27,LOW
53,89,90,26,MEDIUM
77,65,63,22,MEDIUM
79,81,73,20,MEDIUM
83,70,73,20,MEDIUM
65,66,70,19,MEDIUM
91,87,89,26,LOW
62,53,56,18,HIGH
74,75,73,21,MEDIUM
100,94,100,29,LOW
83,87,84,25,LOW
91,100,98,29,LOW
91,85,87,26,LOW
71,68,70,20,MEDIUM
70,69,80,24,MEDIUM
58,64,62,18,HIGH
78,83,83,25,MEDIUM
89,85,91,28,LOW
72,68,72,22,MEDIUM
85,92,88,27,LOW
94,90,100,29,LOW
48,51,52,15,HIGH
74,71,71,22,MEDIUM
79,66,71,18,MEDIUM
56,63,65,19,HIGH
100,100,100,30,LOW
80,88,77,25,LOW
90,86,88,25,LOW
69,69,79,23,MEDIUM
100,97,100,28,LOW
82,83,89,25,LOW
70,70,71,19,MEDIUM
69,89,78,24,MEDIUM
51,46,34,11,HIGH
80,96,86,25,LOW
87,92,88,25,LOW
69,83,78,22,MEDIUM
70,69,73,23,MEDIUM
64,59,62,18,HIGH
89,78,76,25,LOW
52,54,49,15,HIGH
77,67,79,24,MEDIUM
73,73,66,22,MEDIUM
91,81,93,27,LOW
59,55,61,19,HIGH
95,83,98,28,LOW
51,55,57,15,HIGH
50,45,53,17,HIGH
49,40,37,14,HIGH
76,73,75,23,MEDIUM
62,62,67,16,HIGH
79,75,78,17,MEDIUM
100,95,92,30,LOW
87,83,83,27,LOW
57,69,61,17,HIGH
72,60,62,20,MEDIUM
88,91,80,27,LOW
63,66,61,19,MEDIUM
40,40,39,14,HIGH
67,71,78,22,MEDIUM
70,75,69,21,MEDIUM
46,41,40,14,HIGH
55,47,53,14,HIGH
70,69,75,22,MEDIUM
40,29,38,10,HIGH
81,80,81,24,MEDIUM
76,76,67,21,MEDIUM
88,84,91,27,LOW
40,45,47,11,HIGH
46,40,45,15,HIGH
93,97,93,28,LOW
83,91,75,23,MEDIUM
78,84,91,27,LOW
40,38,41,11,HIGH
94,92,82,24,LOW
79,75,81,22,MEDIUM
41,45,50,15,HIGH
48,46,50,14,HIGH
100,100,92,28,LOW
99,98,100,29,LOW
40,43,34,10,HIGH
87,92,92,27,LOW
64,70,59,19,MEDIUM
95,46,48,14,HIGH
91,99,91,27,LOW
44,58,52,15,HIGH
58,58,61,17,HIGH
92,79,92,27,LOW
82,72,70,23,MEDIUM
40,35,37,12,HIGH
60,57,61,16,HIGH
44,45,40,12,HIGH
89,91,99,28,LOW
91,92,100,30,LOW
69,58,70,20,MEDIUM
86,87,86,25,LOW
89,92,100,27,LOW
95,90,93,28,LOW
85,88,96,28,LOW
42,46,44,13,HIGH
85,91,82,26,LOW
93,84,96,28,LOW
78,70,73,22,MEDIUM
55,87,89,28,MEDIUM
82,93,80,26,LOW
75,84,75,23,MEDIUM
54,46,58,17,HIGH
87,82,81,25,LOW
81,72,68,20,MEDIUM
73,68,73,24,MEDIUM
98,83,90,25,LOW
91,86,85,27,LOW
61,59,55,21,MEDIUM
95,90,91,28,LOW
86,92,95,27,LOW
73,65,66,22,MEDIUM
42,50,39,14,HIGH
44,48,46,14,HIGH
90,97,92,27,LOW
62,87,84,28,MEDIUM
80,70,67,23,MEDIUM
88,88,90,28,LOW
81,81,91,25,LOW
64,71,75,20,MEDIUM
76,73,79,23,MEDIUM
70,70,66,20,MEDIUM
91,89,91,27,LOW
41,40,45,14,HIGH
79,69,65,21,MEDIUM
74,75,71,22,MEDIUM
76,76,71,22,MEDIUM
49,51,59,15,HIGH
87,75,78,26,LOW
78,71,77,25,MEDIUM
96,97,89,28,LOW
87,85,78,24,LOW
87,88,90,26,LOW
93,86,97,26,LOW
95,94,96,29,LOW
47,57,54,15,HIGH
55,59,56,17,HIGH
88,82,71,24,MEDIUM
84,68,70,18,MEDIUM
52,54,51,14,HIGH
54,60,57,18,HIGH
50,47,50,15,HIGH
92,91,94,27,LOW
58,53,61,19,HIGH
77,71,72,17,MEDIUM
93,93,85,27,LOW
75,66,72,20,MEDIUM
70,71,74,23,MEDIUM
63,68,65,20,MEDIUM
86,88,90,25,LOW
61,55,64,18,HIGH
74,67,71,22,MEDIUM
79,72,68,22,MEDIUM
58,55,63,20,HIGH
47,36,36,15,HIGH
90,91,98,28,LOW
86,96,89,26,LOW
52,60,53,15,HIGH
53,53,58,15,HIGH
72,78,75,23,MEDIUM
53,63,60,15,HIGH
64,72,73,22,MEDIUM
90,92,93,26,LOW
94,90,92,27,LOW
92,91,100,26,LOW
84,75,88,28,LOW
58,55,54,16,HIGH
55,44,55,16,HIGH
72,75,80,23,MEDIUM
76,71,76,19,MEDIUM
54,57,48,15,HIGH
91,98,100,26,LOW
66,65,68,19,MEDIUM
47,42,51,17,HIGH
43,40,54,14,HIGH
56,53,49,16,HIGH
61,79,72,23,MEDIUM
70,80,73,21,MEDIUM
95,46,52,15,MEDIUM
69,68,66,19,MEDIUM
89,99,87,28,LOW
91,96,85,26,LOW
89,96,90,27,LOW
40,54,49,11,HIGH
84,85,81,26,LOW
100,92,91,27,LOW
43,50,55,15,HIGH
42,48,50,13,HIGH
67,70,69,21,MEDIUM
62,69,62,22,MEDIUM
70,76,75,22,MEDIUM
72,72,83,23,MEDIUM
78,66,73,23,MEDIUM
76,69,72,22,MEDIUM
78,68,70,22,MEDIUM
78,69,66,20,MEDIUM
91,98,94,26,LOW
93,97,85,27,LOW
97,84,91,29,LOW
93,88,94,25,LOW
94,100,98,29,LOW
78,79,79,21,MEDIUM
95,98,93,26,LOW
67,65,79,20,MEDIUM
62,57,64,19,HIGH
100,94,100,28,LOW
69,68,68,19,MEDIUM
45,50,46,12,HIGH
74,66,72,21,MEDIUM
85,80,69,22,MEDIUM
50,42,51,15,HIGH
97,84,96,27,LOW
90,90,80,25,LOW
51,53,64,18,HIGH
78,84,81,25,MEDIUM
84,94,95,28,LOW
75,79,76,25,MEDIUM
72,67,68,22,MEDIUM
97,88,86,27,LOW
78,61,72,22,MEDIUM
74,68,79,23,MEDIUM
89,91,98,29,LOW
56,66,62,19,HIGH
66,74,84,22,MEDIUM
88,96,86,26,LOW
97,98,95,29,LOW
76,83,74,25,MEDIUM
89,99,97,28,LOW
93,85,93,27,LOW
81,67,68,22,MEDIUM
58,63,44,18,HIGH
42,52,35,16,HIGH
81,71,67,22,MEDIUM
40,33,40,11,HIGH
79,74,82,24,MEDIUM
79,72,70,22,MEDIUM
83,82,88,25,LOW
96,91,79,28,LOW
68,76,77,23,MEDIUM
74,76,66,21,MEDIUM
76,66,70,21,MEDIUM
83,72,65,17,MEDIUM
95,89,100,30,LOW
51,61,55,16,HIGH
92,49,50,14,HIGH
94,89,90,27,LOW
45,50,41,13,HIGH
89,82,78,27,LOW
82,84,77,26,LOW
83,91,90,27,LOW
91,93,88,28,LOW
99,100,96,29,LOW
88,87,100,28,LOW
88,97,86,27,LOW
86,82,86,25,LOW
92,96,93,27,LOW
76,70,75,22,MEDIUM
69,64,65,20,MEDIUM
58,50,40,12,HIGH
74,65,62,20,MEDIUM
99,91,92,29,LOW
68,72,81,25,MEDIUM
97,86,91,29,LOW
66,72,74,21,MEDIUM
47,46,51,14,HIGH
74,71,71,21,MEDIUM
88,92,95,27,LOW
78,74,72,21,MEDIUM
87,82,89,27,LOW
82,73,69,21,MEDIUM
91,86,89,27,LOW
82,72,83,23,MEDIUM
74,80,72,23,MEDIUM
70,68,72,23,MEDIUM
66,68,64,20,MEDIUM
77,73,81,23,MEDIUM
91,100,97,29,LOW
93,92,99,28,LOW
93,97,96,27,LOW
47,54,42,14,HIGH
96,92,100,27,LOW
53,56,64,16,HIGH
82,96,84,27,LOW
91,95,100,28,LOW
83,81,91,27,LOW
83,69,73,20,MEDIUM
81,71,67,21,MEDIUM
76,90,93,27,LOW
64,64,64,16,HIGH
75,68,76,21,MEDIUM
74,79,72,21,MEDIUM
75,80,87,26,MEDIUM
100,91,96,28,LOW
91,91,94,24,LOW
86,90,94,27,LOW
55,49,54,14,HIGH
89,85,78,24,LOW
90,98,91,27,LOW
90,100,96,30,LOW
95,49,44,13,HIGH
75,79,78,22,MEDIUM
72,75,75,21,MEDIUM
83,74,87,25,LOW
100,90,89,28,LOW
94,85,93,28,LOW
76,81,84,23,MEDIUM
73,71,73,22,MEDIUM
65,65,69,19,MEDIUM
66,74,75,21,MEDIUM
80,80,80,24,MEDIUM
85,88,81,25,LOW
80,72,79,21,MEDIUM
45,52,51,15,HIGH
91,97,90,27,LOW
86,88,86,24,LOW
88,89,98,28,LOW
79,68,63,22,MEDIUM
86,82,99,25,LOW
77,64,75,22,MEDIUM
90,92,99,26,LOW
40,41,38,14,HIGH
96,46,48,16,MEDIUM
88,89,78,26,LOW
79,80,77,22,MEDIUM
77,90,84,24,MEDIUM
72,74,79,21,MEDIUM
75,83,86,24,MEDIUM
92,89,83,25,LOW
92,94,97,28,LOW
93,89,83,27,LOW
88,91,92,27,LOW
62,65,63,19,MEDIUM
53,50,55,15,HIGH
64,70,65,19,MEDIUM
62,58,65,18,HIGH
79,84,80,25,MEDIUM
86,96,88,27,LOW
58,60,63,18,HIGH
86,90,85,26,LOW
64,69,68,23,MEDIUM
71,69,64,23,MEDIUM
77,67,74,20,MEDIUM
82,75,67,22,MEDIUM
81,74,69,19,MEDIUM
90,52,52,17,MEDIUM
88,86,82,27,LOW
91,98,88,28,LOW
76,62,69,25,MEDIUM
62,59,61,17,HIGH
95,99,94,27,LOW
75,70,76,21,MEDIUM
69,61,70,20,MEDIUM
87,80,87,24,LOW
81,77,64,22,MEDIUM
96,98,94,28,LOW
67,69,63,20,MEDIUM
92,83,78,25,LOW
98,97,98,29,LOW
61,59,54,16,HIGH
73,67,71,21,MEDIUM
88,86,100,27,LOW
87,92,95,24,LOW
95,99,100,30,LOW
79,73,72,22,MEDIUM
58,55,62,17,HIGH
80,82,77,25,MEDIUM
100,95,89,29,LOW
87,96,90,27,LOW
68,62,64,18,MEDIUM
97,84,90,30,LOW
75,64,76,22,MEDIUM
92,49,52,14,HIGH
44,35,45,12,HIGH
68,72,74,21,MEDIUM
77,73,65,23,MEDIUM
82,74,65,16,MEDIUM
87,86,85,25,LOW
68,71,67,19,MEDIUM
60,51,54,16,HIGH
92,95,86,28,LOW
90,90,82,27,LOW
91,86,91,29,LOW
94,94,94,29,LOW
54,42,41,15,HIGH
67,59,75,21,MEDIUM
71,84,81,23,MEDIUM
89,92,89,27,LOW
67,76,69,22,MEDIUM
75,79,77,24,MEDIUM
40,39,38,11,HIGH
70,69,74,22,MEDIUM
78,75,75,22,MEDIUM
100,89,93,27,LOW
63,58,58,18,HIGH
88,77,78,28,LOW
85,88,93,28,LOW
91,98,95,28,LOW
88,97,100,28,LOW
51,54,51,15,HIGH
97,87,90,27,LOW
92,93,95,28,LOW
51,48,44,15,HIGH
53,56,56,16,HIGH
53,48,51,15,HIGH
96,95,99,30,LOW
75,88,89,24,MEDIUM
48,43,48,12,HIGH
74,77,83,23,MEDIUM
51,45,50,15,HIGH
65,62,65,19,MEDIUM
91,89,84,28,LOW
90,85,96,25,LOW
91,99,100,26,LOW
88,91,89,26,LOW
92,87,83,28,LOW
78,74,66,21,MEDIUM
73,73,80,23,MEDIUM
40,43,46,15,HIGH
72,78,66,21,MEDIUM
78,82,96,26,LOW
75,75,82,22,MEDIUM
68,57,69,22,MEDIUM
40,43,43,11,HIGH
97,100,95,29,LOW
96,94,95,28,LOW
64,70,69,21,MEDIUM
40,38,47,13,HIGH
84,86,95,29,LOW
54,44,59,17,HIGH
65,68,66,19,MEDIUM
96,53,46,15,MEDIUM
69,61,69,20,MEDIUM
85,78,80,23,MEDIUM
82,85,85,24,LOW
60,60,62,19,HIGH
78,70,63,16,MEDIUM
88,90,92,27,LOW
49,56,53,16,HIGH
88,100,97,28,LOW
90,100,96,27,LOW
75,65,77,23,MEDIUM
77,72,72,22,MEDIUM
90,97,95,27,LOW
86,74,77,25,MEDIUM
67,76,73,24,MEDIUM
66,67,54,20,MEDIUM
94,93,91,28,LOW
70,78,78,23,MEDIUM
98,76,87,30,LOW
98,90,85,29,LOW
77,81,86,26,LOW
91,84,97,26,LOW
76,72,74,23,MEDIUM
80,84,79,24,MEDIUM
81,88,77,23,MEDIUM
88,87,88,22,LOW
80,90,76,26,LOW
94,89,100,29,LOW
81,87,81,24,MEDIUM
92,80,85,28,LOW
85,89,84,27,LOW
43,58,52,15,HIGH
41,53,52,15,HIGH
51,42,50,14,HIGH
54,55,67,19,HIGH
79,73,72,23,MEDIUM
81,69,65,21,MEDIUM
67,83,68,22,MEDIUM
93,92,79,25,LOW
77,70,70,20,MEDIUM
61,77,74,21,MEDIUM
85,88,86,27,LOW
100,100,100,28,LOW
75,68,86,23,MEDIUM
100,100,100,30,LOW
87,89,79,29,LOW
54,51,54,13,HIGH
91,96,87,29,LOW
92,54,52,17,MEDIUM
65,67,72,19,MEDIUM
89,97,92,28,LOW
90,87,83,25,LOW
91,90,95,26,LOW
75,76,77,22,MEDIUM
40,53,45,13,HIGH
73,74,74,22,MEDIUM
90,93,89,27,LOW
70,70,66,24,MEDIUM
87,92,90,28,LOW
59,87,87,29,MEDIUM
84,87,94,25,LOW
51,48,48,16,HIGH
81,64,73,21,MEDIUM
76,70,78,23,MEDIUM
75,70,86,22,MEDIUM
88,95,90,26,LOW
93,90,88,27,LOW
79,65,69,23,MEDIUM
88,92,93,26,LOW
51,58,55,17,HIGH
55,42,48,16,HIGH
61,64,62,18,HIGH
81,83,91,27,LOW
91,90,91,29,LOW
88,89,93,26,LOW
93,91,85,27,LOW
90,83,81,25,LOW
100,99,100,30,LOW
57,61,65,18,HIGH
63,92,92,27,LOW
56,49,45,16,HIGH
53,53,48,17,HIGH
74,77,79,23,MEDIUM
91,98,94,27,LOW
63,87,91,27,MEDIUM
100,98,90,30,LOW
68,75,64,19,MEDIUM
94,95,98,29,LOW
92,90,89,24,LOW
74,68,79,22,MEDIUM
79,72,71,21,MEDIUM
93,95,97,28,LOW
40,42,31,14,HIGH
51,57,50,16,HIGH
89,99,88,27,LOW
96,93,100,27,LOW
83,75,69,23,MEDIUM
88,97,98,28,LOW
96,90,84,26,LOW
98,82,99,29,LOW
85,100,96,28,LOW
83,84,94,28,LOW
85,89,80,30,LOW
62,86,93,26,MEDIUM
74,87,77,21,MEDIUM
66,89,91,27,LOW
93,82,89,26,LOW
73,73,72,23,MEDIUM
80,72,73,19,MEDIUM
89,71,93,25,LOW
83,78,73,26,MEDIUM
47,46,50,15,HIGH
96,95,83,29,LOW
67,80,63,22,MEDIUM
42,42,32,14,HIGH
95,82,91,27,LOW
92,93,88,25,LOW
83,89,88,25,LOW
88,97,97,28,LOW
74,75,79,23,MEDIUM
59,50,63,17,HIGH
76,78,80,25,MEDIUM
92,98,96,29,LOW
59,54,64,15,HIGH
90,93,81,26,LOW
77,76,76,26,MEDIUM
100,98,95,28,LOW
89,90,89,27,LOW
85,91,89,29,LOW
74,69,73,22,MEDIUM
92,88,92,26,LOW
83,72,77,26,MEDIUM
88,92,96,27,LOW
57,59,61,18,HIGH
72,69,82,22,MEDIUM
70,70,80,19,MEDIUM
85,87,91,26,LOW
51,62,47,14,HIGH
81,80,81,28,LOW
77,79,78,22,MEDIUM
50,55,53,17,HIGH
72,84,90,23,MEDIUM
40,51,55,15,HIGH
83,81,84,25,LOW
88,85,93,29,LOW
92,93,88,28,LOW
92,85,88,27,LOW
43,41,50,16,HIGH
65,70,79,21,MEDIUM
71,74,74,23,MEDIUM
94,93,99,26,LOW
92,87,84,25,LOW
98,93,100,26,LOW
77,81,69,23,MEDIUM
40,36,35,11,HIGH
81,80,82,23,MEDIUM
89,93,85,27,LOW
89,94,96,28,LOW
89,77,78,23,MEDIUM
57,53,59,17,HIGH
53,64,46,16,HIGH
95,98,98,30,LOW
65,71,64,19,MEDIUM
90,87,93,25,LOW
64,72,63,19,MEDIUM
97,95,93,27,LOW
40,40,43,12,HIGH
81,87,73,23,MEDIUM
78,80,87,22,MEDIUM
65,68,65,19,MEDIUM
70,60,64,22,MEDIUM
80,79,79,25,MEDIUM
70,77,68,21,MEDIUM
77,79,74,22,MEDIUM
40,49,44,11,HIGH
45,46,52,14,HIGH
58,50,54,17,HIGH
89,98,94,27,LOW
99,99,93,29,LOW
88,95,97,25,LOW
92,96,90,27,LOW
76,67,70,21,MEDIUM
92,51,50,15,MEDIUM
81,84,89,25,LOW
57,66,58,17,HIGH
92,88,89,25,LOW
67,65,76,22,MEDIUM
93,93,94,30,LOW
48,58,58,17,HIGH
68,58,64,19,MEDIUM
42,47,49,13,HIGH
91,89,86,27,LOW
96,46,45,15,MEDIUM
73,60,68,20,MEDIUM
68,66,69,21,MEDIUM
83,89,91,26,LOW
68,74,61,21,MEDIUM
90,87,94,26,LOW
100,91,94,28,LOW
86,90,86,27,LOW
72,75,74,22,MEDIUM
54,59,58,16,HIGH
65,70,66,19,MEDIUM
78,73,62,22,MEDIUM
71,70,70,23,MEDIUM
87,94,94,27,LOW
59,56,46,16,HIGH
79,68,80,23,MEDIUM
84,80,80,25,LOW
85,92,91,27,LOW
74,74,69,22,MEDIUM
82,78,85,26,LOW
79,75,76,21,MEDIUM
87,71,80,25,MEDIUM
83,78,84,27,LOW
79,85,94,26,LOW
78,81,86,24,MEDIUM
95,90,100,26,LOW
67,73,70,20,MEDIUM
95,82,90,27,LOW
92,79,82,26,LOW
70,80,85,20,MEDIUM
83,75,88,27,LOW
59,49,65,17,HIGH
78,94,79,25,LOW
49,46,56,15,HIGH
70,77,76,21,MEDIUM
46,45,48,14,HIGH
76,77,79,21,MEDIUM
91,95,83,26,LOW
58,59,63,18,HIGH
66,70,69,19,MEDIUM
89,90,91,29,LOW
53,48,41,16,HIGH
89,96,93,26,LOW
87,88,85,26,LOW
74,67,74,22,MEDIUM
63,89,88,27,MEDIUM
81,69,74,23,MEDIUM
77,93,89,28,LOW
83,87,85,24,LOW
59,59,59,17,HIGH
70,82,68,22,MEDIUM
66,78,75,20,MEDIUM
67,76,73,20,MEDIUM
84,66,66,26,MEDIUM
58,48,52,13,HIGH
95,95,92,28,LOW
47,46,45,16,HIGH
77,69,67,19,MEDIUM
72,74,76,21,MEDIUM
90,84,84,24,LOW
97,97,98,29,LOW
76,74,74,22,MEDIUM
89,92,100,29,LOW
93,90,84,27,LOW
61,62,60,15,HIGH
79,76,79,22,MEDIUM
59,59,61,17,HIGH
81,85,78,24,MEDIUM
71,65,70,19,MEDIUM
96,42,50,16,MEDIUM
85,88,73,24,MEDIUM
42,40,41,13,HIGH
91,95,95,30,LOW
76,82,72,23,MEDIUM
52,49,58,17,HIGH
100,91,91,27,LOW
59,91,89,26,MEDIUM
52,47,56,15,HIGH
40,41,36,11,HIGH
91,90,94,26,LOW
70,77,68,19,MEDIUM
100,96,97,28,LOW
68,67,83,21,MEDIUM
69,59,71,20,MEDIUM
84,98,84,26,LOW
84,85,95,28,LOW
74,73,77,22,MEDIUM
74,77,81,22,MEDIUM
90,95,100,27,LOW
58,57,55,18,HIGH
62,67,63,20,MEDIUM
40,47,40,11,HIGH
52,48,41,15,HIGH
84,76,88,27,LOW
70,71,74,21,MEDIUM
80,76,77,24,MEDIUM
70,69,69,21,MEDIUM
72,74,74,22,MEDIUM
97,92,99,28,LOW
79,81,84,23,MEDIUM
50,47,42,13,HIGH
63,62,64,19,MEDIUM
100,90,100,28,LOW
40,49,41,13,HIGH
91,81,96,29,LOW
88,86,93,26,LOW
100,93,93,28,LOW
75,74,76,22,MEDIUM
49,36,43,13,HIGH
85,81,91,26,LOW
48,52,50,14,HIGH
93,90,94,27,LOW
86,80,96,28,LOW
99,99,100,30,LOW
57,43,54,16,HIGH
82,81,78,23,MEDIUM
65,70,76,21,MEDIUM
72,65,74,19,MEDIUM
54,56,53,13,HIGH
65,76,67,21,MEDIUM
67,63,68,19,MEDIUM
75,70,69,22,MEDIUM
71,76,63,22,MEDIUM
86,92,85,27,LOW
91,91,97,29,LOW
77,73,68,23,MEDIUM
88,87,90,26,LOW
41,47,41,15,HIGH
77,66,77,23,MEDIUM
78,72,67,21,MEDIUM
77,79,75,26,MEDIUM
98,80,90,29,LOW
84,94,97,26,LOW
89,87,83,26,LOW
88,88,84,28,LOW
73,72,77,24,MEDIUM
75,79,72,23,MEDIUM
48,52,52,16,HIGH
65,71,79,21,MEDIUM
94,100,94,28,LOW
87,84,92,26,LOW
77,66,70,22,MEDIUM
88,89,91,26,LOW
91,86,96,27,LOW
95,95,97,26,LOW
83,92,78,26,LOW
76,76,71,18,MEDIUM
76,71,69,19,MEDIUM
100,86,96,27,LOW
71,68,73,21,MEDIUM
88,87,86,27,LOW
95,97,96,27,LOW
82,70,67,21,MEDIUM
74,76,78,23,MEDIUM
87,85,81,23,LOW
90,76,86,26,LOW
98,99,97,29,LOW
62,72,65,20,MEDIUM
88,88,93,27,LOW
51,47,62,15,HIGH
81,95,85,24,LOW
71,64,75,21,MEDIUM
83,98,85,27,LOW
81,68,71,18,MEDIUM
92,91,97,29,LOW
53,48,58,16,HIGH
60,61,64,17,HIGH
70,71,71,21,MEDIUM
79,71,72,24,MEDIUM
82,84,89,26,LOW
46,40,40,11,HIGH
77,69,67,23,MEDIUM
85,88,91,27,LOW
77,68,76,23,MEDIUM
70,69,77,24,MEDIUM
92,94,93,28,LOW
92,85,93,28,LOW
65,61,62,19,MEDIUM
40,53,55,12,HIGH
92,91,84,27,LOW
40,45,48,15,HIGH
94,45,56,14,MEDIUM
85,91,95,28,LOW
44,42,56,15,HIGH
91,92,94,27,LOW
89,89,91,27,LOW
78,70,69,24,MEDIUM
92,85,86,28,LOW
73,83,73,20,MEDIUM
96,88,95,26,LOW
99,91,95,29,LOW
87,91,80,27,LOW
59,71,62,20,MEDIUM
70,71,66,21,MEDIUM
92,95,89,26,LOW
90,88,89,26,LOW
54,69,62,17,HIGH
80,100,91,29,LOW
74,79,83,26,MEDIUM
80,100,92,27,LOW
79,70,66,20,MEDIUM
100,96,91,28,LOW
95,92,94,29,LOW
91,95,93,27,LOW
100,100,98,28,LOW
66,64,63,21,MEDIUM
100,100,97,28,LOW
83,79,74,22,MEDIUM
89,93,89,25,LOW
91,91,85,26,LOW
66,71,75,19,MEDIUM
93,79,91,27,LOW
90,97,88,29,LOW
99,99,98,28,LOW
69,70,82,24,MEDIUM
75,71,77,23,MEDIUM
71,62,74,21,MEDIUM
76,68,71,23,MEDIUM
88,89,74,28,LOW
73,67,65,21,MEDIUM
68,66,69,23,MEDIUM
68,76,76,22,MEDIUM
78,79,81,24,MEDIUM
81,67,62,17,MEDIUM
70,81,76,24,MEDIUM
90,89,96,28,LOW
74,78,77,22,MEDIUM
59,87,89,26,MEDIUM
84,83,82,26,LOW
69,68,80,23,MEDIUM
43,50,44,15,HIGH
76,85,77,22,MEDIUM
67,66,66,19,MEDIUM
70,67,72,20,MEDIUM
57,53,56,14,HIGH
94,76,88,28,LOW
94,93,89,27,LOW
100,96,91,30,LOW
92,82,100,27,LOW
81,74,72,23,MEDIUM
98,90,81,26,LOW
83,78,84,21,MEDIUM
58,87,96,27,MEDIUM
92,92,92,26,LOW
71,68,65,21,MEDIUM
72,67,73,20,MEDIUM
78,67,70,18,MEDIUM
75,71,81,21,MEDIUM
64,70,78,21,MEDIUM
78,84,81,24,MEDIUM
84,82,92,24,LOW
72,77,70,21,MEDIUM
69,64,74,21,MEDIUM
84,68,71,17,MEDIUM
75,69,74,20,MEDIUM
52,59,53,15,HIGH
80,81,85,26,LOW
95,100,97,28,LOW
63,68,69,20,MEDIUM
57,42,58,19,HIGH
95,45,49,14,HIGH
72,74,70,24,MEDIUM
69,67,71,21,MEDIUM
86,79,85,26,LOW
84,86,92,27,LOW
87,91,92,29,LOW
64,62,70,19,MEDIUM
92,95,87,25,LOW
66,78,55,19,MEDIUM
62,69,66,20,MEDIUM
73,75,71,21,MEDIUM
81,71,74,19,MEDIUM
88,82,86,25,LOW
84,86,82,26,LOW
94,95,91,27,LOW
87,93,90,25,LOW
81,76,81,24,MEDIUM
85,86,88,28,LOW
57,61,56,17,HIGH
69,78,67,21,MEDIUM
48,45,52,13,HIGH
74,68,66,21,MEDIUM
60,54,48,15,HIGH
89,92,88,29,LOW
88,92,82,27,LOW
85,87,93,27,LOW
84,83,87,26,LOW
78,71,64,23,MEDIUM
90,88,91,26,LOW
76,80,77,22,MEDIUM
79,69,66,19,MEDIUM
62,89,88,26,MEDIUM
47,53,58,12,HIGH
54,54,61,17,HIGH
40,46,46,13,HIGH
85,98,95,26,LOW
54,63,72,17,HIGH
71,81,73,21,MEDIUM
44,47,48,13,HIGH
79,64,62,22,MEDIUM
64,71,68,19,MEDIUM
84,98,94,26,LOW
82,87,88,25,LOW
64,70,71,18,MEDIUM
52,40,54,16,HIGH
80,79,75,24,MEDIUM
71,61,71,21,MEDIUM
67,68,67,20,MEDIUM
88,91,83,25,LOW
73,65,67,22,MEDIUM
83,73,76,24,MEDIUM
88,89,88,25,LOW
91,86,88,25,LOW
79,68,72,22,MEDIUM
73,76,83,22,MEDIUM
85,94,85,26,LOW
79,85,91,26,LOW
71,66,67,21,MEDIUM
86,81,77,23,MEDIUM
53,59,63,15,HIGH
48,51,55,14,HIGH
76,74,69,20,MEDIUM
98,89,99,28,LOW
40,30,34,11,HIGH
79,71,71,22,MEDIUM
88,97,88,27,LOW
88,92,92,26,LOW
86,81,91,28,LOW
76,66,68,17,MEDIUM
91,95,88,27,LOW
48,45,44,13,HIGH
89,91,91,28,LOW
100,94,100,30,LOW
93,88,92,29,LOW
69,70,70,22,MEDIUM
83,86,90,26,LOW
94,93,100,29,LOW
60,66,59,16,HIGH
79,82,95,26,LOW
79,74,70,22,MEDIUM
78,77,73,24,MEDIUM
84,88,84,25,LOW
84,66,77,18,MEDIUM
42,53,50,15,HIGH
89,90,97,27,LOW
100,97,100,28,LOW
77,89,87,24,LOW
69,67,67,23,MEDIUM
64,61,59,20,MEDIUM
78,76,81,23,MEDIUM
42,44,42,12,HIGH
89,80,94,28,LOW
58,64,53,16,HIGH
81,70,62,20,MEDIUM
47,48,68,16,HIGH
93,93,89,27,LOW
92,93,96,28,LOW
97,86,93,25,LOW
53,50,55,17,HIGH
90,87,99,25,LOW
94,94,90,27,LOW
43,45,40,14,HIGH
70,71,64,23,MEDIUM
95,93,90,29,LOW
71,77,72,23,MEDIUM
50,50,52,16,HIGH
95,93,97,27,LOW
58,68,69,16,HIGH
66,64,72,21,MEDIUM
100,90,93,27,LOW
92,85,90,26,LOW
47,39,50,12,HIGH
95,85,88,28,LOW
70,70,76,24,MEDIUM
90,91,88,27,LOW
82,85,71,23,MEDIUM
40,39,29,11,HIGH
75,67,74,20,MEDIUM
74,69,74,23,MEDIUM
83,64,67,23,MEDIUM
91,94,90,28,LOW
60,70,67,20,MEDIUM
93,97,92,28,LOW
99,92,91,28,LOW
92,91,86,27,LOW
84,89,88,24,LOW
82,68,67,17,MEDIUM
69,76,74,21,MEDIUM
82,66,66,20,MEDIUM
74,75,75,22,MEDIUM
79,69,73,21,MEDIUM
95,99,100,30,LOW
79,84,79,23,MEDIUM
75,78,75,23,MEDIUM
45,39,49,14,HIGH
75,64,78,22,MEDIUM
83,86,86,26,LOW
75,70,80,22,MEDIUM
94,97,95,29,LOW
40,38,42,13,HIGH
40,48,46,14,HIGH
95,87,91,27,LOW
71,78,68,21,MEDIUM
79,76,84,25,MEDIUM
75,79,80,23,MEDIUM
87,92,95,29,LOW
72,78,76,24,MEDIUM
68,65,66,22,MEDIUM
81,70,70,20,MEDIUM
67,73,73,20,MEDIUM
40,51,49,11,HIGH
89,77,83,26,LOW
84,87,97,25,LOW
97,98,92,27,LOW
83,85,84,28,LOW
74,60,68,22,MEDIUM
84,90,79,24,LOW
56,47,55,14,HIGH
81,93,93,27,LOW
84,85,77,23,MEDIUM
52,59,56,17,HIGH
57,55,61,16,HIGH
69,73,75,22,MEDIUM
94,88,85,25,LOW
88,95,81,28,LOW
43,38,49,12,HIGH
48,57,52,16,HIGH
90,91,100,30,LOW
87,92,79,28,LOW
74,79,80,24,MEDIUM
75,80,86,25,MEDIUM
66,67,67,20,MEDIUM
91,81,100,27,LOW
96,89,88,26,LOW
55,90,90,25,MEDIUM
61,90,92,27,MEDIUM
76,77,70,21,MEDIUM
70,77,78,21,MEDIUM
92,42,47,14,HIGH
76,77,66,23,MEDIUM
81,78,76,22,MEDIUM
91,89,100,26,LOW
66,60,66,20,MEDIUM
80,71,68,17,MEDIUM
97,86,87,28,LOW
91,86,93,27,LOW
71,75,64,21,MEDIUM
40,29,38,11,HIGH
46,50,46,13,HIGH
92,95,88,29,LOW
74,67,79,23,MEDIUM
83,82,94,22,LOW
42,40,55,13,HIGH
47,43,53,14,HIGH
94,97,99,28,LOW
75,67,66,21,MEDIUM
75,69,76,22,MEDIUM
91,87,91,29,LOW
70,71,71,19,MEDIUM
92,86,92,26,LOW
94,95,94,29,LOW
94,84,76,26,LOW
82,82,81,26,LOW
89,93,93,29,LOW
73,58,70,22,MEDIUM
93,93,100,27,LOW
92,86,92,28,LOW
94,92,100,28,LOW
89,86,90,28,LOW
85,94,96,27,LOW
91,91,93,27,LOW
80,67,61,18,MEDIUM
52,41,43,14,HIGH
82,73,67,20,MEDIUM
90,89,88,25,LOW
94,48,48,16,MEDIUM
82,87,100,27,LOW
69,60,64,18,MEDIUM
71,75,75,18,MEDIUM
76,85,80,25,MEDIUM
62,62,71,19,MEDIUM
43,41,50,14,HIGH
89,94,90,28,LOW
85,97,91,26,LOW
98,98,93,30,LOW
76,63,73,20,MEDIUM
40,34,42,12,HIGH
54,59,49,15,HIGH
63,68,67,21,MEDIUM
67,62,67,21,MEDIUM
80,67,67,25,MEDIUM
88,90,100,29,LOW
48,49,46,13,HIGH
76,68,73,21,MEDIUM
91,96,94,28,LOW
51,53,46,15,HIGH
87,94,89,27,LOW
68,69,76,19,MEDIUM
60,89,93,28,LOW
53,69,61,19,HIGH
91,54,50,14,MEDIUM
61,76,68,20,MEDIUM
47,45,59,17,HIGH
51,51,41,16,HIGH
75,80,76,23,MEDIUM
90,91,97,26,LOW
85,85,90,26,LOW
89,97,96,29,LOW
91,91,83,27,LOW
68,76,65,21,MEDIUM
92,86,89,27,LOW
92,94,84,27,LOW
42,44,43,14,HIGH
49,40,57,15,HIGH
67,71,79,22,MEDIUM
85,83,88,25,LOW
76,79,66,21,MEDIUM
88,87,98,27,LOW
80,79,83,24,MEDIUM
83,87,83,28,LOW
89,88,95,27,LOW
74,77,76,19,MEDIUM
88,83,89,26,LOW
52,47,61,16,HIGH
86,87,85,26,LOW
80,86,86,26,LOW
93,100,100,28,LOW
76,82,78,21,MEDIUM
92,96,97,28,LOW
59,66,64,20,MEDIUM
100,95,90,30,LOW
90,88,92,26,LOW
88,81,81,27,LOW
83,73,69,20,MEDIUM
87,84,83,26,LOW
79,68,69,20,MEDIUM
83,100,91,26,LOW
84,90,81,26,LOW
90,80,89,27,LOW
86,89,84,26,LOW
85,78,88,28,LOW
73,65,62,19,MEDIUM
86,89,91,27,LOW
90,83,83,25,LOW
85,89,84,24,LOW
79,73,78,21,MEDIUM
89,86,86,26,LOW
93,88,90,27,LOW
77,77,84,23,MEDIUM
71,68,80,22,MEDIUM
70,69,69,23,MEDIUM
52,38,47,14,HIGH
95,100,100,29,LOW
78,70,71,15,MEDIUM
78,88,92,23,LOW
51,46,54,17,HIGH
42,46,48,11,HIGH
96,90,82,27,LOW
74,66,69,20,MEDIUM
70,70,66,21,MEDIUM
72,79,69,23,MEDIUM
85,76,80,25,MEDIUM
61,70,67,19,MEDIUM
68,62,70,21,MEDIUM
100,100,97,30,LOW
71,69,68,21,MEDIUM
98,98,91,29,LOW
98,96,94,28,LOW
72,70,74,20,MEDIUM
70,76,66,21,MEDIUM
82,80,73,23,MEDIUM
43,40,45,13,HIGH
95,89,99,28,LOW
78,68,81,24,MEDIUM
81,82,82,24,MEDIUM
89,94,96,27,LOW
69,74,71,23,MEDIUM
75,79,85,25,MEDIUM
56,51,47,15,HIGH
79,72,73,21,MEDIUM
53,62,53,16,HIGH
73,76,72,22,MEDIUM
58,53,54,17,HIGH
93,100,82,28,LOW
61,58,56,19,HIGH
80,73,70,22,MEDIUM
70,69,72,21,MEDIUM
88,89,90,26,LOW
80,100,89,27,LOW
86,100,95,30,LOW
85,78,93,27,LOW
90,96,100,29,LOW
84,87,97,27,LOW
77,76,72,22,MEDIUM
49,51,50,15,HIGH
68,78,74,22,MEDIUM
66,65,62,21,MEDIUM
76,67,61,18,MEDIUM
48,40,46,14,HIGH
74,77,77,22,MEDIUM
73,75,72,22,MEDIUM
86,82,84,26,LOW
79,62,80,23,MEDIUM
88,89,95,27,LOW
60,91,93,28,LOW
79,72,69,19,MEDIUM
71,62,72,18,MEDIUM
81,71,81,22,MEDIUM
75,69,83,24,MEDIUM
88,87,86,27,LOW
87,91,85,28,LOW
86,96,88,26,LOW
87,96,94,28,LOW
73,60,67,19,MEDIUM
56,49,57,16,HIGH
48,54,53,16,HIGH
90,86,96,28,LOW
70,68,80,24,MEDIUM
49,34,50,12,HIGH
98,47,47,15,MEDIUM
79,79,82,24,MEDIUM
89,96,83,26,LOW
77,77,82,24,MEDIUM
94,92,91,26,LOW
40,45,36,13,HIGH
95,95,93,28,LOW
76,69,66,22,MEDIUM
44,43,44,15,HIGH
87,95,80,27,LOW
89,94,92,29,LOW
54,59,51,17,HIGH
77,79,78,24,MEDIUM
77,83,70,21,MEDIUM
89,96,89,25,LOW
83,91,94,26,LOW
61,61,63,20,MEDIUM
91,87,83,30,LOW
95,87,94,28,LOW
74,73,76,23,MEDIUM
76,82,82,25,MEDIUM
85,96,96,28,LOW
74,72,79,23,MEDIUM
94,96,93,29,LOW
89,96,90,28,LOW
72,78,65,23,MEDIUM
66,75,67,21,MEDIUM
75,71,69,20,MEDIUM
60,68,50,18,HIGH
98,94,91,27,LOW
77,78,68,21,MEDIUM
42,43,34,12,HIGH
82,83,89,25,LOW
73,68,79,21,MEDIUM
60,56,64,18,HIGH
61,97,88,29,LOW
46,49,48,16,HIGH
69,70,71,20,MEDIUM
87,82,82,25,LOW
79,71,71,20,MEDIUM
93,96,91,28,LOW
79,70,74,23,MEDIUM
76,68,68,22,MEDIUM
92,87,100,27,LOW
94,86,94,27,LOW
77,63,68,22,MEDIUM
97,100,99,26,LOW
79,67,66,20,MEDIUM
54,44,63,15,HIGH
93,84,91,29,LOW
74,72,78,21,MEDIUM
100,93,95,28,LOW
85,88,94,28,LOW
84,94,84,26,LOW
70,59,79,22,MEDIUM
81,69,67,22,MEDIUM
58,54,48,19,HIGH
75,77,67,21,MEDIUM
72,63,81,22,MEDIUM
40,50,57,14,HIGH
98,94,84,26,LOW
87,82,92,27,LOW
47,43,51,16,HIGH
40,40,33,13,HIGH
76,76,73,22,MEDIUM
84,91,87,27,LOW
79,84,83,22,MEDIUM
83,85,78,25,LOW
95,90,92,29,LOW
69,73,68,21,MEDIUM
85,80,90,28,LOW
70,74,83,22,MEDIUM
85,89,90,25,LOW
50,56,49,17,HIGH
90,94,92,28,LOW
94,82,100,27,LOW
76,67,73,22,MEDIUM
67,65,74,20,MEDIUM
86,94,85,26,LOW
75,78,81,23,MEDIUM
89,98,93,27,LOW
82,67,75,24,MEDIUM
71,76,81,22,MEDIUM
87,91,92,25,LOW
77,67,75,25,MEDIUM
54,47,57,17,HIGH
56,52,56,18,HIGH
57,62,70,18,HIGH
71,80,69,22,MEDIUM
88,94,92,25,LOW
81,72,65,19,MEDIUM
82,91,78,24,LOW
70,85,76,20,MEDIUM
85,72,75,23,MEDIUM
91,93,94,29,LOW
51,53,60,16,HIGH
50,55,50,15,HIGH
89,81,76,24,LOW
87,85,90,25,LOW
49,46,46,16,HIGH
75,80,75,23,MEDIUM
82,94,87,26,LOW
89,91,86,27,LOW
77,75,71,20,MEDIUM
59,93,89,26,MEDIUM
83,77,78,22,MEDIUM
93,90,84,28,LOW
56,40,57,14,HIGH
83,83,93,25,LOW
78,67,73,18,MEDIUM
74,81,69,20,MEDIUM
61,66,73,22,MEDIUM
95,85,83,27,LOW
74,80,72,20,MEDIUM
74,68,79,21,MEDIUM
94,85,81,25,LOW
67,67,67,19,MEDIUM
86,80,91,27,LOW
85,85,83,24,LOW
88,81,91,27,LOW
92,95,96,30,LOW
86,81,85,27,LOW
76,85,78,22,MEDIUM
87,88,76,25,LOW
57,59,56,16,HIGH
89,85,91,27,LOW
84,83,84,27,LOW
84,81,82,26,LOW
89,96,93,24,LOW
93,87,85,24,LOW
88,90,99,28,LOW
77,68,69,20,MEDIUM
73,70,74,20,MEDIUM
66,67,69,20,MEDIUM
94,90,93,25,LOW
98,52,51,15,MEDIUM
100,96,90,28,LOW
93,93,92,26,LOW
92,83,87,26,LOW
84,87,82,26,LOW
82,67,70,22,MEDIUM
78,76,73,22,MEDIUM
47,52,45,14,HIGH
89,94,89,26,LOW
68,72,74,22,MEDIUM
88,83,90,27,LOW
89,88,92,27,LOW
82,74,82,26,MEDIUM
95,87,91,28,LOW
69,74,63,24,MEDIUM
92,88,85,25,LOW
87,88,94,27,LOW
93,96,94,30,LOW
58,50,56,16,HIGH
98,91,99,29,LOW
74,72,67,22,MEDIUM
48,43,59,16,HIGH
61,65,61,21,MEDIUM
92,100,81,28,LOW
91,93,91,26,LOW
47,39,54,15,HIGH
96,96,93,30,LOW
84,90,86,27,LOW
85,86,89,24,LOW
78,80,90,24,MEDIUM
60,50,56,15,HIGH
40,34,41,11,HIGH
89,97,92,26,LOW
87,84,86,27,LOW
84,78,96,27,LOW
66,63,74,19,MEDIUM
94,92,88,28,LOW
81,75,82,24,MEDIUM
66,45,57,18,HIGH
56,55,49,16,HIGH
79,85,92,25,LOW
62,67,60,16,HIGH
79,69,73,21,MEDIUM
74,72,73,21,MEDIUM
75,65,64,24,MEDIUM
76,77,81,24,MEDIUM
90,100,100,29,LOW
89,95,91,28,LOW
67,70,68,23,MEDIUM
55,57,56,17,HIGH
66,63,70,21,MEDIUM
64,70,64,20,MEDIUM
49,50,52,15,HIGH
43,39,37,14,HIGH
77,74,64,21,MEDIUM
90,95,86,27,LOW
83,73,78,23,MEDIUM
61,67,72,20,MEDIUM
62,85,87,28,MEDIUM
80,65,72,21,MEDIUM
93,87,100,25,LOW
90,91,98,26,LOW
86,96,91,27,LOW
43,41,44,15,HIGH
57,47,59,18,HIGH
88,92,85,27,LOW
61,56,56,16,HIGH
74,74,69,23,MEDIUM
92,93,90,29,LOW
89,93,93,28,LOW
93,92,93,30,LOW
52,54,58,16,HIGH
76,71,76,22,MEDIUM
83,90,88,25,LOW
86,84,85,28,LOW
72,73,77,23,MEDIUM
49,41,40,14,HIGH
72,82,79,22,MEDIUM
67,60,71,19,MEDIUM
73,66,76,22,MEDIUM
56,53,47,17,HIGH
77,67,70,20,MEDIUM
50,57,51,18,HIGH
84,94,96,27,LOW
89,100,89,28,LOW
86,87,89,27,LOW
81,76,70,20,MEDIUM
41,43,52,14,HIGH
62,66,63,20,MEDIUM
80,64,69,17,MEDIUM
85,87,96,26,LOW
80,90,92,27,LOW
79,72,67,20,MEDIUM
67,70,68,20,MEDIUM
76,75,83,21,MEDIUM
72,70,66,23,MEDIUM
68,66,63,20,MEDIUM
78,90,80,25,LOW
45,54,43,16,HIGH
77,69,73,23,MEDIUM
68,62,69,21,MEDIUM
97,99,100,28,LOW
89,67,66,20,MEDIUM
76,62,69,21,MEDIUM
94,89,87,25,LOW
83,80,78,25,MEDIUM
57,49,54,14,HIGH
89,86,90,26,LOW
87,92,89,26,LOW
94,85,100,28,LOW
87,75,70,22,MEDIUM
94,88,87,28,LOW
55,58,69,19,HIGH
79,81,81,25,MEDIUM
88,91,87,27,LOW
96,44,48,15,MEDIUM
90,90,89,29,LOW
91,87,90,27,LOW
83,81,76,23,MEDIUM
69,72,75,23,MEDIUM
80,79,87,21,MEDIUM
100,97,100,30,LOW
60,69,70,19,MEDIUM
89,100,90,29,LOW
94,83,88,26,LOW
61,66,65,19,MEDIUM
42,44,47,11,HIGH
72,64,70,22,MEDIUM
76,66,70,22,MEDIUM
55,48,54,15,HIGH
91,86,96,29,LOW
76,74,72,22,MEDIUM
74,76,70,23,MEDIUM
93,89,92,26,LOW
68,70,56,19,MEDIUM
62,85,91,26,MEDIUM
92,100,82,28,LOW
67,68,71,20,MEDIUM
86,88,95,27,LOW
90,78,81,25,LOW
82,74,66,24,MEDIUM
86,84,90,25,LOW
93,44,48,15,HIGH
67,67,81,22,MEDIUM
75,77,81,22,MEDIUM
97,94,95,26,LOW
70,71,68,24,MEDIUM
75,71,67,21,MEDIUM
99,97,100,28,LOW
69,69,73,20,MEDIUM
56,91,89,26,MEDIUM
100,94,100,28,LOW
78,87,76,24,MEDIUM
80,83,83,25,LOW
57,62,58,19,HIGH
82,76,79,22,MEDIUM
90,91,100,28,LOW
71,68,76,22,MEDIUM
100,96,95,29,LOW
72,72,72,21,MEDIUM
88,88,93,28,LOW
85,68,61,21,MEDIUM
92,42,45,15,HIGH
86,93,88,28,LOW
100,92,85,27,LOW
93,89,97,25,LOW
40,46,40,13,HIGH
71,70,66,20,MEDIUM
90,100,100,30,LOW
72,67,75,23,MEDIUM
95,94,95,29,LOW
92,92,96,28,LOW
92,95,88,28,LOW
95,97,95,29,LOW
91,84,97,27,LOW
78,85,79,22,MEDIUM
88,84,92,28,LOW
49,39,50,12,HIGH
80,66,74,23,MEDIUM
69,75,65,19,MEDIUM
89,92,90,29,LOW
63,89,88,27,MEDIUM
74,67,75,23,MEDIUM
89,79,81,26,LOW
81,89,88,26,LOW
75,77,76,21,MEDIUM
46,40,54,16,HIGH
80,64,66,21,MEDIUM
88,79,97,27,LOW
73,61,68,20,MEDIUM
95,100,100,28,LOW
86,91,86,26,LOW
84,84,86,26,LOW
64,58,65,20,MEDIUM
75,69,82,23,MEDIUM
87,89,97,26,LOW
42,43,38,12,HIGH
92,90,89,27,LOW
70,79,63,21,MEDIUM
59,58,63,18,HIGH
70,83,72,19,MEDIUM
82,75,66,20,MEDIUM
47,46,44,15,HIGH
86,87,96,26,LOW
56,54,56,17,HIGH
53,56,51,18,HIGH
98,92,100,29,LOW
49,40,42,14,HIGH
82,82,86,25,LOW
48,46,45,12,HIGH
71,73,80,22,MEDIUM
82,73,72,23,MEDIUM
63,63,68,20,MEDIUM
69,68,73,21,MEDIUM
81,65,70,20,MEDIUM
42,34,47,12,HIGH
76,82,79,21,MEDIUM
84,84,86,26,LOW
83,93,86,25,LOW
80,85,82,26,LOW
86,97,95,27,LOW
89,84,100,29,LOW
73,68,69,21,MEDIUM
94,92,88,27,LOW
67,61,71,22,MEDIUM
77,83,78,22,MEDIUM
66,58,69,21,MEDIUM
92,92,86,28,LOW
58,52,58,19,HIGH
94,92,92,28,LOW
78,73,69,19,MEDIUM
88,80,87,26,LOW
95,95,97,28,LOW
91,98,85,28,LOW
86,92,87,27,LOW
72,75,78,23,MEDIUM
94,96,91,27,LOW
73,69,76,22,MEDIUM
68,74,68,18,MEDIUM
89,93,94,26,LOW
83,90,83,23,LOW
90,84,94,26,LOW
100,90,89,29,LOW
90,93,88,25,LOW
92,73,85,26,LOW
49,44,43,16,HIGH
73,69,89,23,MEDIUM
66,57,64,19,MEDIUM
82,88,89,27,LOW
56,58,56,16,HIGH
92,95,88,28,LOW
90,100,92,29,LOW
88,92,97,29,LOW
47,42,48,14,HIGH
97,97,89,26,LOW
65,68,56,20,MEDIUM
71,80,79,24,MEDIUM
79,79,75,24,MEDIUM
65,64,74,21,MEDIUM
64,63,65,21,MEDIUM
86,100,89,28,LOW
73,76,79,24,MEDIUM
97,85,98,28,LOW
59,67,61,16,HIGH
75,74,84,23,MEDIUM
96,100,99,29,LOW
53,66,49,16,HIGH
53,55,63,14,HIGH
74,72,83,22,MEDIUM
80,77,74,24,MEDIUM
90,100,93,26,LOW
76,82,76,22,MEDIUM
84,75,91,25,LOW
90,90,86,30,LOW
62,61,68,19,MEDIUM
62,74,79,21,MEDIUM
67,65,69,21,MEDIUM
94,90,100,25,LOW
87,79,96,25,LOW
79,86,80,24,MEDIUM
71,77,76,20,MEDIUM
73,69,78,24,MEDIUM
94,85,91,25,LOW
88,90,92,29,LOW
73,87,84,23,MEDIUM
85,69,72,20,MEDIUM
88,86,89,26,LOW
86,85,84,27,LOW
100,99,92,27,LOW
78,69,71,20,MEDIUM
70,75,64,20,MEDIUM
76,75,73,21,MEDIUM
95,90,93,27,LOW
86,93,90,27,LOW
96,91,94,28,LOW
63,66,66,20,MEDIUM
90,88,96,30,LOW
77,64,75,20,MEDIUM
96,98,95,28,LOW
100,89,98,27,LOW
86,91,89,25,LOW
70,78,68,23,MEDIUM
100,91,100,28,LOW
90,100,96,29,LOW
74,77,79,22,MEDIUM
86,89,88,27,LOW
58,85,86,28,MEDIUM
68,73,70,23,MEDIUM
52,45,51,16,HIGH
94,99,93,26,LOW
71,74,79,23,MEDIUM
92,95,100,26,LOW
86,89,90,28,LOW
78,76,72,18,MEDIUM
89,84,91,27,LOW
56,46,50,15,HIGH
76,70,86,22,MEDIUM
53,48,52,16,HIGH
95,98,97,27,LOW
77,86,69,23,MEDIUM
75,88,79,23,MEDIUM
76,67,65,23,MEDIUM
45,51,47,12,HIGH
66,68,71,20,MEDIUM
71,82,74,24,MEDIUM
77,73,80,21,MEDIUM
87,91,95,28,LOW
79,65,66,21,MEDIUM
56,51,52,17,HIGH
74,81,80,22,MEDIUM
55,54,61,14,HIGH
92,85,85,27,LOW
74,75,75,23,MEDIUM
87,86,93,26,LOW
91,81,92,27,LOW
50,55,45,17,HIGH
79,73,68,19,MEDIUM
92,86,92,26,LOW
81,81,85,25,LOW
52,70,57,16,HIGH
70,64,61,19,MEDIUM
78,73,84,24,MEDIUM
45,46,49,12,HIGH
87,81,91,25,LOW
100,97,100,30,LOW
92,84,79,27,LOW
94,95,90,27,LOW
72,75,82,22,MEDIUM
55,48,44,14,HIGH
77,91,87,26,LOW
40,42,43,13,HIGH
86,97,93,27,LOW
82,92,77,25,LOW
100,100,100,29,LOW
91,89,82,25,LOW
65,83,74,22,MEDIUM
72,76,71,22,MEDIUM
70,76,76,21,MEDIUM
89,95,85,27,LOW
67,73,73,22,MEDIUM
70,82,76,21,MEDIUM
49,56,52,15,HIGH
86,98,98,26,LOW
51,50,45,18,HIGH
74,80,75,23,MEDIUM
87,89,91,27,LOW
76,85,84,23,MEDIUM
61,64,72,19,MEDIUM
76,84,83,25,MEDIUM
78,75,64,20,MEDIUM
65,74,72,22,MEDIUM
90,92,94,26,LOW
72,72,75,23,MEDIUM
90,90,92,25,LOW
45,40,46,15,HIGH
84,86,79,26,LOW
94,93,93,29,LOW
83,85,89,27,LOW
46,49,50,13,HIGH
66,65,80,22,MEDIUM
74,68,79,22,MEDIUM
76,80,73,23,MEDIUM
98,87,95,28,LOW
80,78,78,22,MEDIUM
87,90,81,27,LOW
77,74,79,18,MEDIUM
71,76,65,23,MEDIUM
77,67,59,22,MEDIUM
88,89,89,26,LOW
85,88,88,28,LOW
78,69,64,21,MEDIUM
96,93,90,28,LOW
99,92,94,27,LOW
74,71,73,22,MEDIUM
74,78,74,22,MEDIUM
89,93,94,28,LOW
69,78,73,22,MEDIUM
84,78,70,18,MEDIUM
94,92,83,29,LOW
81,65,68,20,MEDIUM
81,67,75,18,MEDIUM
62,89,89,28,LOW
97,100,96,29,LOW
92,97,92,29,LOW
76,86,83,24,MEDIUM
58,60,66,16,HIGH
60,86,93,28,MEDIUM
84,81,79,26,LOW
74,72,63,20,MEDIUM
70,77,79,21,MEDIUM
80,69,75,19,MEDIUM
83,91,80,26,LOW
60,60,57,18,HIGH
100,96,95,26,LOW
64,69,66,19,MEDIUM
74,69,63,23,MEDIUM
80,66,69,21,MEDIUM
50,59,59,17,HIGH
47,59,50,18,HIGH
86,89,91,24,LOW
83,88,91,26,LOW
76,74,69,22,MEDIUM
80,84,81,24,MEDIUM
79,64,70,19,MEDIUM
94,93,84,26,LOW
100,100,94,30,LOW
85,94,86,23,LOW
46,45,47,14,HIGH
48,53,47,14,HIGH
71,77,78,24,MEDIUM
99,96,96,29,LOW
85,76,79,25,MEDIUM
98,84,95,28,LOW
46,45,51,15,HIGH
88,83,94,28,LOW
93,81,94,27,LOW
76,82,87,25,MEDIUM
41,48,47,15,HIGH
42,38,41,11,HIGH
67,75,80,22,MEDIUM
89,92,99,28,LOW
95,100,98,29,LOW
84,96,96,28,LOW
82,69,68,17,MEDIUM
82,83,66,25,MEDIUM
75,78,72,23,MEDIUM
86,93,95,26,LOW
73,71,76,21,MEDIUM
93,84,90,28,LOW
83,85,82,22,MEDIUM
96,45,54,15,MEDIUM
78,85,82,25,MEDIUM
68,74,64,21,MEDIUM
82,62,71,19,MEDIUM
87,81,85,24,LOW
68,65,74,22,MEDIUM
45,45,47,13,HIGH
84,93,76,27,LOW
72,72,78,22,MEDIUM
50,41,42,15,HIGH
98,100,94,29,LOW
76,76,68,20,MEDIUM
82,70,82,25,MEDIUM
77,70,74,22,MEDIUM
93,95,97,28,LOW
86,82,88,28,LOW
69,60,68,20,MEDIUM
74,77,77,23,MEDIUM
74,74,67,22,MEDIUM
91,92,96,27,LOW
71,78,64,19,MEDIUM
74,71,73,22,MEDIUM
62,50,59,16,HIGH
91,87,94,28,LOW
77,82,81,23,MEDIUM
92,48,45,16,MEDIUM
91,90,100,26,LOW
91,94,94,24,LOW
87,94,96,29,LOW
72,57,63,21,MEDIUM
96,99,100,30,LOW
87,88,95,28,LOW
81,66,68,21,MEDIUM
80,90,76,26,LOW
53,48,56,16,HIGH
90,94,99,28,LOW
59,74,68,19,MEDIUM
91,93,86,24,LOW
81,82,85,25,LOW
40,34,42,13,HIGH
95,83,91,27,LOW
55,90,89,28,MEDIUM
77,65,82,22,MEDIUM
93,88,99,28,LOW
61,51,52,17,HIGH
79,71,73,21,MEDIUM
50,52,54,17,HIGH
56,57,68,19,HIGH
66,67,79,22,MEDIUM
65,66,64,20,MEDIUM
52,54,48,15,HIGH
80,75,67,21,MEDIUM
57,44,54,15,HIGH
42,43,51,13,HIGH
66,61,66,16,HIGH
81,83,92,28,LOW
64,69,69,19,MEDIUM
41,40,45,13,HIGH
74,84,86,24,MEDIUM
83,65,72,20,MEDIUM
69,67,67,22,MEDIUM
82,83,75,24,MEDIUM
74,77,69,24,MEDIUM
65,72,73,22,MEDIUM
81,85,89,23,LOW
66,59,60,20,MEDIUM
44,49,47,15,HIGH
56,50,50,16,HIGH
93,94,100,29,LOW
94,90,91,27,LOW
81,80,85,25,LOW
84,71,69,20,MEDIUM
82,86,100,24,LOW
82,64,65,20,MEDIUM
42,46,48,14,HIGH
82,71,72,23,MEDIUM
70,61,64,20,MEDIUM
65,55,62,18,HIGH
55,57,48,14,HIGH
87,91,93,30,LOW
87,74,81,24,MEDIUM
61,71,69,21,MEDIUM
100,97,93,29,LOW
53,54,50,16,HIGH
54,52,60,17,HIGH
86,79,89,25,LOW
57,50,54,16,HIGH
87,85,90,26,LOW
87,94,83,28,LOW
100,100,100,28,LOW
92,91,97,27,LOW
50,51,52,15,HIGH
96,100,100,30,LOW
80,72,74,22,MEDIUM
97,97,91,27,LOW
91,95,100,27,LOW
53,52,59,18,HIGH
93,87,91,28,LOW
75,75,78,22,MEDIUM
84,88,82,26,LOW
94,48,49,15,MEDIUM
96,81,86,27,LOW
80,72,73,21,MEDIUM
54,56,63,18,HIGH
74,77,79,22,MEDIUM
92,89,99,29,LOW
74,66,74,22,MEDIUM
86,92,88,26,LOW
61,60,75,18,MEDIUM
55,54,58,17,HIGH
83,84,87,26,LOW
68,81,62,20,MEDIUM
93,87,93,27,LOW
83,73,80,24,MEDIUM
93,97,90,26,LOW
51,51,45,15,HIGH
80,57,65,17,MEDIUM
44,48,49,14,HIGH
98,90,100,28,LOW
53,65,50,15,HIGH
60,63,53,16,HIGH
67,69,69,21,MEDIUM
79,65,67,20,MEDIUM
77,74,71,22,MEDIUM
84,85,82,25,LOW
94,85,95,26,LOW
46,47,53,15,HIGH
59,59,57,17,HIGH
87,88,75,25,LOW
75,75,72,22,MEDIUM
79,69,69,19,MEDIUM
40,41,47,13,HIGH
72,75,63,21,MEDIUM
80,81,83,23,MEDIUM
78,75,86,24,MEDIUM
82,92,94,26,LOW
43,44,49,14,HIGH
96,46,44,13,HIGH
88,83,83,26,LOW
73,70,77,21,MEDIUM
70,74,82,22,MEDIUM
86,88,91,27,LOW
72,81,78,24,MEDIUM
78,71,68,22,MEDIUM
76,63,68,23,MEDIUM
91,100,95,28,LOW
79,70,75,23,MEDIUM
100,94,100,30,LOW
75,67,74,21,MEDIUM
70,74,75,23,MEDIUM
60,61,60,19,HIGH
88,83,95,30,LOW
96,93,100,29,LOW
98,95,96,28,LOW
55,57,59,17,HIGH
79,69,70,19,MEDIUM
82,84,86,27,LOW
61,70,64,21,MEDIUM
83,77,85,23,MEDIUM
75,63,75,22,MEDIUM
90,94,85,26,LOW
40,47,43,12,HIGH
42,38,38,12,HIGH
83,81,82,25,LOW
83,79,86,28,LOW
97,44,50,16,MEDIUM
92,96,88,28,LOW
98,95,96,29,LOW
100,90,92,28,LOW
73,81,69,22,MEDIUM
42,44,45,11,HIGH
77,93,87,25,LOW
78,69,76,21,MEDIUM
87,93,98,25,LOW
83,92,87,26,LOW
56,47,59,15,HIGH
94,95,95,27,LOW
98,99,99,30,LOW
85,81,83,24,LOW
87,89,92,26,LOW
63,66,74,21,MEDIUM
46,48,46,14,HIGH
98,97,100,28,LOW
68,67,65,22,MEDIUM
72,77,75,22,MEDIUM
42,44,52,13,HIGH
73,85,79,22,MEDIUM
87,78,85,25,LOW
69,67,67,21,MEDIUM
76,67,76,24,MEDIUM
87,92,93,25,LOW
72,70,72,20,MEDIUM
88,77,87,25,LOW
52,52,66,19,HIGH
72,71,62,23,MEDIUM
97,96,100,28,LOW
93,86,92,28,LOW
91,97,94,28,LOW
59,47,57,15,HIGH
66,76,74,20,MEDIUM
77,77,83,23,MEDIUM
40,53,47,15,HIGH
94,97,100,30,LOW
83,70,59,20,MEDIUM
75,67,72,20,MEDIUM
79,67,62,22,MEDIUM
75,79,71,22,MEDIUM
87,89,96,27,LOW
48,35,53,14,HIGH
84,83,86,24,LOW
83,90,88,25,LOW
86,87,88,28,LOW
83,94,90,27,LOW
90,90,96,26,LOW
73,72,75,21,MEDIUM
57,63,70,20,MEDIUM
70,75,77,22,MEDIUM
64,69,67,19,MEDIUM
100,97,100,30,LOW
88,83,82,26,LOW
43,50,55,16,HIGH
87,92,93,27,LOW
87,85,86,26,LOW
85,84,98,26,LOW
74,63,72,20,MEDIUM
89,93,88,27,LOW
82,90,91,24,LOW
99,100,93,30,LOW
57,66,71,22,MEDIUM
80,65,74,18,MEDIUM
93,48,48,16,MEDIUM
71,72,59,20,MEDIUM
96,93,78,26,LOW
79,65,71,20,MEDIUM
60,63,65,17,HIGH
81,78,81,24,MEDIUM
43,54,49,12,HIGH
81,83,71,23,MEDIUM
40,36,44,12,HIGH
94,93,97,26,LOW
81,86,83,25,LOW
94,97,86,26,LOW
46,47,47,12,HIGH
77,69,76,22,MEDIUM
41,41,47,13,HIGH
78,70,74,20,MEDIUM
92,87,85,27,LOW
81,66,76,23,MEDIUM
81,67,70,20,MEDIUM
100,88,92,28,LOW
92,84,79,25,LOW
94,100,98,30,LOW
90,98,98,30,LOW
78,69,69,22,MEDIUM
70,67,70,20,MEDIUM
90,93,93,27,LOW
81,73,78,22,MEDIUM
94,88,94,25,LOW
97,88,91,28,LOW
72,76,76,23,MEDIUM
78,68,69,23,MEDIUM
88,89,84,27,LOW
86,95,84,27,LOW
74,77,72,20,MEDIUM
89,84,83,27,LOW
92,91,89,26,LOW
79,73,70,18,MEDIUM
78,76,73,22,MEDIUM
45,46,47,14,HIGH
86,83,97,27,LOW
90,98,94,25,LOW
83,87,88,25,LOW
85,82,87,26,LOW
96,88,96,27,LOW
51,55,58,16,HIGH
55,59,53,17,HIGH
64,68,73,20,MEDIUM
85,77,82,23,MEDIUM
97,100,95,30,LOW
86,74,89,26,LOW
72,77,79,23,MEDIUM
89,97,88,27,LOW
76,79,74,23,MEDIUM
98,92,86,28,LOW
78,77,82,23,MEDIUM
74,71,73,18,MEDIUM
94,96,95,27,LOW
61,52,54,16,HIGH
82,74,75,22,MEDIUM
76,74,82,24,MEDIUM
93,91,100,27,LOW
74,76,79,21,MEDIUM
85,81,82,22,MEDIUM
49,42,51,17,HIGH
97,94,100,27,LOW
81,74,72,21,MEDIUM
77,80,79,26,MEDIUM
76,61,67,20,MEDIUM
56,52,52,13,HIGH
73,74,78,24,MEDIUM
86,88,83,27,LOW
83,86,83,24,LOW
97,100,95,29,LOW
72,77,83,23,MEDIUM
93,89,85,26,LOW
69,71,78,24,MEDIUM
73,83,81,24,MEDIUM
81,67,73,22,MEDIUM
45,54,40,13,HIGH
40,47,46,12,HIGH
60,51,54,18,HIGH
91,98,86,26,LOW
63,65,66,20,MEDIUM
71,70,63,20,MEDIUM
59,60,57,17,HIGH
91,90,90,28,LOW
68,71,77,22,MEDIUM
77,71,72,18,MEDIUM
79,84,84,24,MEDIUM
97,94,85,28,LOW
67,58,64,18,MEDIUM
83,81,90,26,LOW
74,74,70,22,MEDIUM
61,57,53,17,HIGH
69,76,66,22,MEDIUM
89,81,96,28,LOW
93,91,89,26,LOW
47,55,51,18,HIGH
93,91,100,28,LOW
42,48,44,14,HIGH
97,94,90,28,LOW
56,51,62,15,HIGH
46,40,42,14,HIGH
82,78,74,22,MEDIUM
95,95,100,29,LOW
85,90,95,26,LOW
68,47,54,17,HIGH
42,43,53,13,HIGH
79,78,84,23,MEDIUM
72,65,67,22,MEDIUM
94,86,88,27,LOW
91,91,95,25,LOW
91,87,85,25,LOW
81,68,71,19,MEDIUM
92,98,100,28,LOW
66,60,71,18,MEDIUM
40,48,46,12,HIGH
95,88,87,25,LOW
54,52,51,18,HIGH
67,75,65,22,MEDIUM
88,86,85,25,LOW
64,67,63,18,MEDIUM
74,72,78,23,MEDIUM
86,92,89,27,LOW
74,66,72,20,MEDIUM
54,64,62,19,HIGH
81,80,82,23,MEDIUM
74,68,75,21,MEDIUM
100,97,100,30,LOW
90,93,85,26,LOW
92,91,91,24,LOW
51,52,59,15,HIGH
89,83,81,25,LOW
88,81,82,24,LOW
57,54,46,17,HIGH
74,69,74,22,MEDIUM
81,65,67,19,MEDIUM
66,64,57,18,MEDIUM
93,94,92,27,LOW
88,98,90,28,LOW
78,77,77,24,MEDIUM
61,56,55,17,HIGH
71,75,79,23,MEDIUM
88,91,93,29,LOW
75,89,75,21,MEDIUM
81,84,88,27,LOW
86,88,92,27,LOW
93,100,91,26,LOW
70,74,69,21,MEDIUM
68,66,65,20,MEDIUM
86,87,92,28,LOW
68,78,76,23,MEDIUM
82,84,89,26,LOW
78,76,70,18,MEDIUM
75,82,76,22,MEDIUM
89,87,89,25,LOW
56,48,58,16,HIGH
87,88,90,25,LOW
97,92,100,27,LOW
82,84,95,26,LOW
75,71,75,22,MEDIUM
91,96,98,25,LOW
73,65,72,23,MEDIUM
82,83,86,25,LOW
95,93,87,30,LOW
50,42,51,14,HIGH
84,90,85,26,LOW
82,66,67,18,MEDIUM
53,56,53,16,HIGH
84,94,89,28,LOW
72,78,74,21,MEDIUM
48,60,62,14,HIGH
75,65,70,18,MEDIUM
85,84,93,26,LOW
90,91,96,29,LOW
40,41,44,11,HIGH
75,67,69,23,MEDIUM
89,94,99,30,LOW
96,97,84,27,LOW
93,94,99,28,LOW
82,68,69,17,MEDIUM
87,88,99,26,LOW
84,89,92,25,LOW
58,88,92,26,MEDIUM
44,47,47,15,HIGH
46,52,49,14,HIGH
48,37,44,13,HIGH
100,99,100,28,LOW
85,71,73,23,MEDIUM
77,79,80,24,MEDIUM
89,100,92,29,LOW
78,65,68,24,MEDIUM
71,68,63,23,MEDIUM
53,53,47,15,HIGH
88,86,92,26,LOW
80,88,84,26,LOW
53,55,58,17,HIGH
85,81,86,23,MEDIUM
92,99,95,27,LOW
92,100,99,27,LOW
97,87,87,30,LOW
93,96,97,29,LOW
100,91,86,30,LOW
75,69,76,22,MEDIUM
93,93,85,27,LOW
87,75,80,26,LOW
93,91,89,28,LOW
70,86,82,24,MEDIUM
95,92,96,27,LOW
94,95,94,27,LOW
87,86,94,26,LOW
100,89,84,27,LOW
72,74,72,22,MEDIUM
92,92,82,27,LOW
84,86,89,24,LOW
58,50,55,18,HIGH
50,62,51,15,HIGH
98,96,98,29,LOW
50,50,50,17,HIGH
85,84,81,26,LOW
71,75,69,19,MEDIUM
48,56,54,15,HIGH
86,94,97,25,LOW
59,59,55,17,HIGH
87,97,95,27,LOW
63,87,94,27,LOW
77,71,93,24,MEDIUM
90,90,87,28,LOW
90,87,86,25,LOW
86,74,82,25,LOW
84,78,78,25,MEDIUM
74,74,69,21,MEDIUM
84,84,91,25,LOW
67,70,77,23,MEDIUM
89,90,91,27,LOW
79,74,72,21,MEDIUM
100,94,100,28,LOW
100,100,99,30,LOW
76,78,84,26,MEDIUM
47,46,50,14,HIGH
75,79,75,22,MEDIUM
91,86,90,28,LOW
94,97,93,27,LOW
82,83,94,23,LOW
65,89,96,27,LOW
72,73,90,22,MEDIUM
54,48,47,15,HIGH
67,77,71,20,MEDIUM
80,91,79,27,LOW
96,91,97,28,LOW
56,63,56,15,HIGH
87,88,89,26,LOW
67,74,64,20,MEDIUM
82,69,73,20,MEDIUM
71,57,64,22,MEDIUM
93,93,98,27,LOW
64,92,91,27,LOW
93,91,93,29,LOW
46,47,46,14,HIGH
75,69,74,21,MEDIUM
77,71,82,25,MEDIUM
86,93,91,29,LOW
95,91,96,29,LOW
80,87,67,22,MEDIUM
80,68,72,15,MEDIUM
95,89,95,27,LOW
93,86,94,29,LOW
98,90,97,27,LOW
88,94,87,27,LOW
50,59,47,18,HIGH
98,88,97,28,LOW
92,99,100,29,LOW
82,63,66,20,MEDIUM
85,88,93,26,LOW
67,67,72,22,MEDIUM
87,89,90,29,LOW
97,97,92,30,LOW
95,87,88,27,LOW
100,96,91,28,LOW
47,44,50,15,HIGH
85,90,90,27,LOW
82,89,80,23,MEDIUM
92,89,93,26,LOW
87,93,88,28,LOW
77,75,77,23,MEDIUM
86,87,85,27,LOW
51,49,55,15,HIGH
47,48,50,14,HIGH
55,88,93,27,MEDIUM
76,81,78,24,MEDIUM
45,46,48,11,HIGH
94,100,99,30,LOW
100,100,97,30,LOW
70,79,82,24,MEDIUM
77,72,68,23,MEDIUM
71,61,74,23,MEDIUM
92,100,91,28,LOW
83,77,76,22,MEDIUM
83,87,88,26,LOW
72,63,76,21,MEDIUM
89,90,90,26,LOW
68,67,57,18,MEDIUM
47,43,51,14,HIGH
70,87,77,24,MEDIUM
47,40,49,14,HIGH
45,54,56,15,HIGH
79,73,66,19,MEDIUM
89,91,91,26,LOW
62,64,67,20,MEDIUM
88,87,85,24,LOW
73,80,85,23,MEDIUM
95,89,83,28,LOW
62,72,71,21,MEDIUM
67,65,65,20,MEDIUM
91,80,92,25,LOW
45,45,46,13,HIGH
44,43,49,14,HIGH
70,76,76,24,MEDIUM
96,91,99,30,LOW
99,89,87,28,LOW
58,65,51,14,HIGH
48,46,47,14,HIGH
87,99,96,28,LOW
54,54,54,17,HIGH
92,84,94,28,LOW
64,64,65,18,MEDIUM
81,74,78,22,MEDIUM
64,56,64,17,HIGH
86,86,87,25,LOW
88,94,90,27,LOW
50,60,55,15,HIGH
83,95,87,26,LOW
63,67,60,20,MEDIUM
40,41,32,10,HIGH
95,83,85,26,LOW
88,80,84,28,LOW
70,72,75,24,MEDIUM
89,78,85,26,LOW
87,93,87,28,LOW
62,88,88,25,MEDIUM
72,86,73,24,MEDIUM
93,88,78,26,LOW
86,96,91,27,LOW
49,44,47,15,HIGH
68,68,69,21,MEDIUM
83,69,78,21,MEDIUM
68,73,74,23,MEDIUM
69,70,69,22,MEDIUM
50,38,52,15,HIGH
91,92,87,29,LOW
74,79,73,23,MEDIUM
92,84,95,27,LOW
76,72,69,20,MEDIUM
75,74,78,23,MEDIUM
78,68,74,22,MEDIUM
73,78,60,19,MEDIUM
80,74,63,18,MEDIUM
92,88,84,28,LOW
53,56,53,17,HIGH
67,73,66,20,MEDIUM
73,71,70,22,MEDIUM
61,59,62,20,MEDIUM
94,100,90,27,LOW
60,92,92,27,MEDIUM
66,70,72,21,MEDIUM
94,85,92,30,LOW
51,51,50,12,HIGH
52,52,45,16,HIGH
40,41,46,13,HIGH
96,55,52,13,MEDIUM
77,70,74,18,MEDIUM
84,91,83,24,LOW
76,72,70,20,MEDIUM
64,63,59,18,HIGH
96,90,89,26,LOW
46,47,41,14,HIGH
78,71,73,18,MEDIUM
45,48,52,15,HIGH
87,90,71,26,LOW
93,100,97,28,LOW
92,84,82,27,LOW
95,100,99,29,LOW
75,75,76,20,MEDIUM
87,85,89,25,LOW
63,73,73,21,MEDIUM
87,88,94,25,LOW
85,86,98,26,LOW
43,44,36,10,HIGH
89,100,100,28,LOW
69,62,73,19,MEDIUM
94,85,92,27,LOW
90,83,83,27,LOW
88,90,86,26,LOW
91,96,100,30,LOW
76,78,77,23,MEDIUM
94,85,92,27,LOW
79,55,73,21,MEDIUM
93,76,88,26,LOW
80,72,78,21,MEDIUM
71,61,63,21,MEDIUM
83,66,76,22,MEDIUM
49,45,51,13,HIGH
95,94,94,28,LOW
74,73,78,23,MEDIUM
58,62,54,16,HIGH
72,83,78,20,MEDIUM
58,66,60,17,HIGH
83,83,90,25,LOW
93,100,92,29,LOW
94,87,98,29,LOW
67,69,77,23,MEDIUM
91,91,84,23,LOW
74,76,76,23,MEDIUM
46,53,40,14,HIGH
40,38,26,8,HIGH
67,72,70,20,MEDIUM
87,94,93,25,LOW
82,74,69,22,MEDIUM
98,94,100,29,LOW
70,74,76,21,MEDIUM
82,85,88,24,LOW
84,73,72,21,MEDIUM
81,65,71,22,MEDIUM
89,87,83,24,LOW
89,89,85,27,LOW
86,90,82,27,LOW
78,77,62,20,MEDIUM
95,51,46,15,MEDIUM
85,87,96,27,LOW
72,68,65,21,MEDIUM
86,83,78,26,LOW
75,75,78,24,MEDIUM
81,79,87,27,LOW
98,49,48,15,MEDIUM
43,42,47,13,HIGH
75,83,78,22,MEDIUM
60,70,71,19,MEDIUM
63,70,76,23,MEDIUM
78,95,88,25,LOW
78,82,77,24,MEDIUM
86,89,94,26,LOW
68,70,67,22,MEDIUM
74,76,65,19,MEDIUM
82,69,69,22,MEDIUM
86,93,97,26,LOW
86,93,93,27,LOW
59,57,59,17,HIGH
69,68,77,21,MEDIUM
79,66,76,22,MEDIUM
100,98,96,28,LOW
71,86,77,25,MEDIUM
71,65,74,21,MEDIUM
97,49,53,14,MEDIUM
81,81,84,24,MEDIUM
46,50,47,13,HIGH
85,89,94,26,LOW
84,78,86,24,LOW
94,87,100,27,LOW
82,81,79,24,MEDIUM
61,62,63,18,HIGH
74,88,83,24,MEDIUM
81,73,74,20,MEDIUM
95,94,86,26,LOW
87,88,97,26,LOW
69,60,71,20,MEDIUM
78,66,70,24,MEDIUM
43,43,50,16,HIGH
89,98,92,26,LOW
78,75,81,23,MEDIUM
78,70,74,23,MEDIUM
51,55,64,15,HIGH
91,100,96,30,LOW
71,61,71,21,MEDIUM
93,90,95,26,LOW
77,90,73,22,MEDIUM
62,65,60,21,MEDIUM
90,87,98,26,LOW
80,87,85,28,LOW
71,73,72,22,MEDIUM
68,70,66,21,MEDIUM
89,80,85,26,LOW
91,100,93,27,LOW
81,96,98,28,LOW
73,73,69,23,MEDIUM
81,85,79,25,LOW
87,82,82,25,LOW
90,89,98,28,LOW
77,83,78,22,MEDIUM
69,72,68,19,MEDIUM
80,70,71,23,MEDIUM
69,69,74,21,MEDIUM
73,73,73,23,MEDIUM
92,95,93,29,LOW
61,85,85,29,MEDIUM
61,65,81,21,MEDIUM
97,92,88,28,LOW
47,48,52,16,HIGH
69,70,63,22,MEDIUM
100,89,96,28,LOW
61,61,63,17,HIGH
77,88,92,23,LOW
93,91,89,29,LOW
83,83,85,27,LOW
67,66,66,20,MEDIUM
93,92,100,27,LOW
97,90,99,27,LOW
98,94,91,28,LOW
91,97,100,30,LOW
99,100,98,29,LOW
71,73,75,23,MEDIUM
77,76,81,21,MEDIUM
62,63,65,19,MEDIUM
79,82,75,22,MEDIUM
75,81,77,25,MEDIUM
86,81,91,25,LOW
86,98,92,27,LOW
67,73,69,20,MEDIUM
85,74,75,23,MEDIUM
93,100,100,29,LOW
92,94,96,27,LOW
78,83,76,22,MEDIUM
46,50,48,13,HIGH
76,63,69,21,MEDIUM
71,80,72,22,MEDIUM
71,75,69,22,MEDIUM
52,61,53,16,HIGH
68,59,67,20,MEDIUM
72,69,82,20,MEDIUM
92,84,96,27,LOW
87,98,87,28,LOW
82,91,88,26,LOW
90,86,98,28,LOW
75,69,73,21,MEDIUM
89,91,88,26,LOW
79,79,67,23,MEDIUM
84,81,86,27,LOW
50,44,56,15,HIGH
96,95,97,28,LOW
82,80,81,25,MEDIUM
75,63,59,19,MEDIUM
72,77,83,23,MEDIUM
78,74,66,19,MEDIUM
84,93,86,25,LOW
72,75,66,22,MEDIUM
81,81,85,25,LOW
40,37,44,12,HIGH
90,100,96,28,LOW
97,100,95,29,LOW
91,93,89,27,LOW
82,68,71,18,MEDIUM
78,77,94,24,MEDIUM
67,65,75,21,MEDIUM
79,81,76,21,MEDIUM
88,88,91,27,LOW
84,76,84,26,LOW
73,60,72,23,MEDIUM
86,92,89,26,LOW
88,85,85,24,LOW
91,86,81,26,LOW
69,66,75,23,MEDIUM
53,56,64,16,HIGH
86,84,93,27,LOW
68,74,70,23,MEDIUM
86,77,87,24,LOW
86,94,100,29,LOW
43,58,35,13,HIGH
90,97,85,25,LOW
62,74,63,20,MEDIUM
73,74,69,24,MEDIUM
85,89,88,28,LOW
84,84,100,27,LOW
69,69,72,23,MEDIUM
74,67,73,21,MEDIUM
73,73,78,22,MEDIUM
45,52,52,13,HIGH
83,69,68,24,MEDIUM
87,76,87,25,LOW
79,69,67,22,MEDIUM
55,45,53,14,HIGH
51,54,58,17,HIGH
86,72,71,19,MEDIUM
60,49,56,18,HIGH
59,46,68,17,HIGH
48,44,49,15,HIGH
87,84,85,27,LOW
81,71,79,23,MEDIUM
72,69,80,22,MEDIUM
85,89,93,25,LOW
91,85,78,25,LOW
74,82,77,22,MEDIUM
85,98,88,28,LOW
40,38,33,9,HIGH
43,37,49,12,HIGH
75,76,76,24,MEDIUM
78,79,71,22,MEDIUM
50,51,50,18,HIGH
46,50,49,15,HIGH
78,68,65,21,MEDIUM
90,84,85,29,LOW
62,73,70,21,MEDIUM
49,62,62,16,HIGH
89,84,87,28,LOW
85,79,85,25,LOW
91,84,91,23,LOW
76,75,83,25,MEDIUM
72,80,84,23,MEDIUM
71,80,83,23,MEDIUM
93,91,91,28,LOW
98,98,92,30,LOW
94,42,50,14,HIGH
88,86,92,28,LOW
85,94,90,27,LOW
92,87,92,28,LOW
49,60,53,15,HIGH
42,43,53,14,HIGH
95,97,92,28,LOW
77,75,66,21,MEDIUM
77,63,65,16,MEDIUM
78,68,75,23,MEDIUM
48,57,53,16,HIGH
70,83,76,24,MEDIUM
81,72,67,23,MEDIUM
70,77,71,22,MEDIUM
75,73,76,22,MEDIUM
98,96,100,30,LOW
79,71,68,21,MEDIUM
46,34,48,14,HIGH
94,93,90,27,LOW
44,36,45,12,HIGH
92,89,90,29,LOW
88,89,81,25,LOW
86,92,79,26,LOW
49,42,45,14,HIGH
86,87,92,27,LOW
91,94,84,28,LOW
70,73,73,25,MEDIUM
92,92,91,30,LOW
94,94,90,28,LOW
65,67,77,21,MEDIUM
83,90,88,27,LOW
92,91,98,26,LOW
59,62,61,19,HIGH
83,85,89,27,LOW
64,70,62,19,MEDIUM
76,67,69,24,MEDIUM
77,85,88,21,MEDIUM
53,37,46,17,HIGH
75,80,82,27,MEDIUM
64,57,65,17,HIGH
68,69,71,19,MEDIUM
73,69,80,21,MEDIUM
92,96,91,28,LOW
72,74,67,21,MEDIUM
93,87,89,25,LOW
82,72,67,20,MEDIUM
74,78,71,21,MEDIUM
65,77,61,23,MEDIUM
78,82,84,25,MEDIUM
84,70,90,24,MEDIUM
89,90,89,27,LOW
77,68,71,23,MEDIUM
59,56,56,15,HIGH
92,85,98,27,LOW
85,88,86,26,LOW
87,93,82,26,LOW
92,88,86,26,LOW
93,86,91,26,LOW
78,71,66,19,MEDIUM
73,65,74,24,MEDIUM
88,87,84,26,LOW
100,92,94,27,LOW
95,89,99,29,LOW
70,79,80,22,MEDIUM
77,80,74,21,MEDIUM
49,50,50,15,HIGH
85,89,93,27,LOW
80,60,65,19,MEDIUM
67,72,70,19,MEDIUM
92,86,89,26,LOW
75,72,75,20,MEDIUM
66,67,68,22,MEDIUM
93,94,91,28,LOW
79,66,73,20,MEDIUM
72,75,66,20,MEDIUM
70,70,68,22,MEDIUM
99,100,100,30,LOW
78,70,63,19,MEDIUM
50,61,52,14,HIGH
74,74,73,21,MEDIUM
92,93,96,27,LOW
67,65,69,22,MEDIUM
93,91,98,29,LOW
56,59,50,16,HIGH
97,92,100,30,LOW
95,89,86,26,LOW
40,51,48,14,HIGH
77,69,73,21,MEDIUM
78,78,77,24,MEDIUM
79,72,67,20,MEDIUM
96,93,96,30,LOW
76,78,75,26,MEDIUM
77,72,80,26,MEDIUM
79,78,77,22,MEDIUM
79,77,68,21,MEDIUM
92,91,92,26,LOW
73,72,88,24,MEDIUM
100,95,93,28,LOW
74,72,75,23,MEDIUM
97,100,92,30,LOW
89,90,89,28,LOW
89,85,86,27,LOW
88,79,92,27,LOW
99,84,93,27,LOW
71,68,69,22,MEDIUM
98,86,95,26,LOW
95,95,87,30,LOW
81,67,61,20,MEDIUM
73,73,82,21,MEDIUM
52,56,57,16,HIGH
76,78,92,22,MEDIUM
91,91,85,27,LOW
86,80,86,24,LOW
89,74,88,27,LOW
80,78,79,21,MEDIUM
74,71,76,21,MEDIUM
89,79,98,28,LOW
86,89,99,27,LOW
76,74,73,20,MEDIUM
85,85,73,25,LOW
58,62,60,18,HIGH
81,74,86,23,MEDIUM
87,75,59,20,MEDIUM
80,100,82,26,LOW
89,91,88,26,LOW
84,87,85,24,LOW
79,78,71,20,MEDIUM
88,88,94,26,LOW
47,45,54,14,HIGH
79,75,74,17,MEDIUM
86,72,70,20,MEDIUM
83,89,91,28,LOW
100,99,95,30,LOW
49,56,48,15,HIGH
57,86,86,27,MEDIUM
73,79,77,23,MEDIUM
82,86,83,27,LOW
82,82,83,25,LOW
86,80,81,26,LOW
69,81,68,21,MEDIUM
59,63,53,18,HIGH
69,69,66,20,MEDIUM
95,92,95,27,LOW
77,84,76,22,MEDIUM
90,87,92,27,LOW
43,41,49,12,HIGH
47,45,46,15,HIGH
71,83,77,24,MEDIUM
53,42,52,14,HIGH
41,38,52,11,HIGH
81,86,88,26,LOW
56,54,51,16,HIGH
75,75,71,25,MEDIUM
62,65,66,21,MEDIUM
98,48,52,16,MEDIUM
53,42,43,16,HIGH
51,46,41,14,HIGH
100,94,100,30,LOW
76,88,78,26,LOW
92,91,94,27,LOW
68,71,69,21,MEDIUM
69,60,66,18,MEDIUM
79,67,90,24,MEDIUM
81,79,61,20,MEDIUM
83,79,82,26,LOW
51,53,60,15,HIGH
73,71,77,23,MEDIUM
86,89,87,26,LOW
42,35,38,10,HIGH
84,86,87,23,LOW
72,73,70,23,MEDIUM
46,44,43,12,HIGH
82,87,97,27,LOW
82,86,81,24,LOW
82,88,79,21,MEDIUM
77,66,72,24,MEDIUM
92,86,100,29,LOW
89,81,84,28,LOW
60,63,60,19,HIGH
46,45,51,16,HIGH
73,73,79,20,MEDIUM
76,79,76,24,MEDIUM
89,83,89,26,LOW
77,85,86,23,MEDIUM
94,89,94,26,LOW
71,79,75,21,MEDIUM
64,58,55,16,HIGH
78,71,71,23,MEDIUM
65,68,60,19,MEDIUM
88,92,91,25,LOW
49,60,49,16,HIGH
79,66,68,19,MEDIUM
73,70,64,23,MEDIUM
79,79,83,22,MEDIUM
84,65,67,18,MEDIUM
92,89,84,27,LOW
51,65,56,15,HIGH
55,52,57,17,HIGH
94,99,94,29,LOW
40,37,46,11,HIGH
88,92,92,26,LOW
60,50,40,17,HIGH
79,69,68,19,MEDIUM
65,62,53,16,HIGH
86,80,80,25,LOW
83,71,82,24,MEDIUM
91,97,95,27,LOW
92,86,89,27,LOW
97,100,100,28,LOW
82,79,88,26,LOW
74,80,72,23,MEDIUM
82,74,66,21,MEDIUM
53,61,55,15,HIGH
77,65,65,19,MEDIUM
78,87,91,24,LOW
69,81,66,21,MEDIUM
91,95,92,28,LOW
94,95,84,28,LOW
52,47,57,15,HIGH
83,66,68,21,MEDIUM
88,94,93,26,LOW
76,68,69,20,MEDIUM
76,72,78,24,MEDIUM
78,76,95,26,LOW
87,96,85,27,LOW
88,88,79,26,LOW
47,47,52,14,HIGH
86,95,90,28,LOW
87,84,91,25,LOW
42,38,40,14,HIGH
96,100,86,27,LOW
82,74,70,16,MEDIUM
86,99,96,28,LOW
79,69,62,18,MEDIUM
45,45,45,14,HIGH
89,99,97,28,LOW
93,89,89,26,LOW
73,67,79,21,MEDIUM
90,85,88,28,LOW
82,69,71,21,MEDIUM
52,55,47,18,HIGH
67,73,65,20,MEDIUM
88,89,91,27,LOW
92,93,90,27,LOW
88,92,94,27,LOW
82,80,89,25,LOW
86,93,85,29,LOW
80,70,74,20,MEDIUM
88,93,92,29,LOW
76,82,76,25,MEDIUM
44,41,49,15,HIGH
78,70,81,23,MEDIUM
78,74,71,19,MEDIUM
40,40,32,11,HIGH
48,52,47,14,HIGH
95,100,98,29,LOW
87,95,96,28,LOW
53,53,56,17,HIGH
79,68,78,21,MEDIUM
43,50,46,17,HIGH
84,88,86,26,LOW
89,100,98,28,LOW
75,69,71,22,MEDIUM
49,49,46,15,HIGH
72,69,66,23,MEDIUM
85,80,83,27,LOW
92,89,88,29,LOW
87,95,88,26,LOW
80,91,88,25,LOW
76,77,78,21,MEDIUM
72,75,74,23,MEDIUM
72,73,80,20,MEDIUM
70,70,75,22,MEDIUM
76,75,77,25,MEDIUM
97,57,50,15,MEDIUM
99,97,97,28,LOW
78,92,88,27,LOW
89,97,93,27,LOW
91,92,84,25,LOW
91,95,92,26,LOW
42,50,42,11,HIGH
86,90,100,27,LOW
72,65,67,21,MEDIUM
47,45,52,15,HIGH
46,51,45,14,HIGH
100,100,86,27,LOW
82,70,74,20,MEDIUM
52,52,59,13,HIGH
61,58,60,19,HIGH
50,48,56,18,HIGH
83,71,65,23,MEDIUM
83,89,91,28,LOW
78,83,78,22,MEDIUM
75,74,85,24,MEDIUM
92,78,84,25,LOW
79,84,71,21,MEDIUM
81,74,81,24,MEDIUM
67,71,84,21,MEDIUM
91,89,90,27,LOW
72,68,74,21,MEDIUM
96,90,92,28,LOW
91,83,85,28,LOW
73,76,70,21,MEDIUM
57,47,56,16,HIGH
90,95,91,29,LOW
77,76,82,24,MEDIUM
90,90,100,28,LOW
73,83,72,25,MEDIUM
77,75,71,17,MEDIUM
93,100,94,27,LOW
100,96,94,29,LOW
79,67,73,19,MEDIUM
62,63,78,21,MEDIUM
93,96,83,29,LOW
77,70,73,20,MEDIUM
100,89,93,29,LOW
81,91,91,27,LOW
74,72,65,22,MEDIUM
69,71,76,22,MEDIUM
75,67,71,20,MEDIUM
74,68,75,20,MEDIUM
67,68,72,20,MEDIUM
91,95,95,27,LOW
77,81,80,26,MEDIUM
93,95,94,28,LOW
83,86,73,24,MEDIUM
95,84,90,27,LOW
73,73,72,23,MEDIUM
89,89,90,28,LOW
90,93,86,27,LOW
49,58,55,16,HIGH
40,47,34,13,HIGH
75,75,86,23,MEDIUM
95,50,48,14,MEDIUM
87,85,84,26,LOW
49,40,41,14,HIGH
87,78,81,26,LOW
97,90,92,27,LOW
94,89,100,30,LOW
49,53,43,13,HIGH
86,83,83,27,LOW
83,76,73,20,MEDIUM
81,77,73,22,MEDIUM
86,85,84,26,LOW
83,91,95,26,LOW
89,89,95,29,LOW
78,70,86,23,MEDIUM
84,83,90,25,LOW
85,90,86,27,LOW
52,54,56,16,HIGH
90,100,100,30,LOW
90,86,90,25,LOW
82,92,90,28,LOW
56,49,52,18,HIGH
74,69,78,22,MEDIUM
81,77,78,23,MEDIUM
71,75,63,20,MEDIUM
94,88,98,30,LOW
83,86,91,27,LOW
73,74,62,21,MEDIUM
84,87,79,25,LOW
84,78,90,24,LOW
44,42,49,13,HIGH
53,58,59,15,HIGH
97,94,100,27,LOW
80,85,81,24,MEDIUM
72,77,67,22,MEDIUM
75,68,69,22,MEDIUM
65,70,67,22,MEDIUM
92,91,87,27,LOW
55,62,53,17,HIGH
98,93,86,30,LOW
81,92,83,27,LOW
80,63,63,18,MEDIUM
81,81,94,26,LOW
91,90,91,26,LOW
96,87,96,26,LOW
70,71,64,23,MEDIUM
72,73,71,22,MEDIUM
88,92,91,28,LOW
91,92,94,29,LOW
88,98,100,28,LOW
59,71,74,22,MEDIUM
76,78,79,21,MEDIUM
88,92,97,26,LOW
74,80,74,24,MEDIUM
75,79,72,23,MEDIUM
67,70,65,21,MEDIUM
93,54,46,16,MEDIUM
61,60,62,20,MEDIUM
80,83,76,24,MEDIUM
79,60,70,20,MEDIUM
78,80,77,21,MEDIUM
53,51,54,16,HIGH
92,95,80,26,LOW
71,65,71,18,MEDIUM
73,63,65,21,MEDIUM
86,82,87,25,LOW
88,86,92,28,LOW
43,46,38,13,HIGH
70,77,80,24,MEDIUM
90,96,100,29,LOW
100,95,98,27,LOW
91,85,98,28,LOW
77,82,93,26,LOW
84,64,66,23,MEDIUM
71,66,84,22,MEDIUM
96,100,99,28,LOW
51,38,39,11,HIGH
83,79,90,25,LOW
55,58,43,16,HIGH
96,96,93,30,LOW
86,81,87,24,LOW
65,66,70,20,MEDIUM
71,72,72,21,MEDIUM
85,91,86,25,LOW
85,100,92,26,LOW
85,84,93,26,LOW
96,55,50,16,MEDIUM
86,96,84,29,LOW
72,81,78,22,MEDIUM
89,98,85,26,LOW
70,75,77,21,MEDIUM
61,59,64,19,HIGH
48,37,59,15,HIGH
100,93,83,28,LOW
90,80,82,28,LOW
68,79,69,22,MEDIUM
86,83,94,29,LOW
76,82,79,24,MEDIUM
100,96,97,29,LOW
79,83,79,25,MEDIUM
46,41,56,13,HIGH
97,90,100,28,LOW
71,78,68,21,MEDIUM
88,83,93,26,LOW
98,97,100,29,LOW
71,77,65,22,MEDIUM
65,89,92,27,LOW
87,82,84,25,LOW
81,68,62,20,MEDIUM
80,71,65,20,MEDIUM
68,73,60,22,MEDIUM
87,91,84,26,LOW
52,57,61,19,HIGH
86,85,98,25,LOW
90,87,81,25,LOW
89,89,87,24,LOW
40,42,41,11,HIGH
76,65,72,23,MEDIUM
55,43,48,15,HIGH
88,90,80,26,LOW
80,73,68,22,MEDIUM
60,59,60,17,HIGH
48,50,51,13,HIGH
100,100,79,28,LOW
73,64,70,20,MEDIUM
95,81,98,28,LOW
56,46,40,14,HIGH
97,43,46,15,HIGH
81,89,89,25,LOW
47,48,48,15,HIGH
94,86,89,27,LOW
100,100,95,27,LOW
85,69,72,17,MEDIUM
91,92,94,27,LOW
93,100,94,29,LOW
95,93,86,28,LOW
89,95,90,27,LOW
82,68,71,21,MEDIUM
93,100,95,27,LOW
93,93,87,28,LOW
53,54,59,15,HIGH
45,59,44,14,HIGH
77,65,72,19,MEDIUM
97,92,90,27,LOW
83,86,81,26,LOW
100,90,87,27,LOW
92,92,97,26,LOW
93,95,92,27,LOW
88,90,93,28,LOW
85,87,82,28,LOW
56,61,48,18,HIGH
82,69,67,17,MEDIUM
90,96,82,27,LOW
50,39,46,13,HIGH
80,63,63,23,MEDIUM
51,45,47,14,HIGH
85,81,85,25,LOW
88,96,92,27,LOW
74,78,69,25,MEDIUM
84,98,90,25,LOW
74,70,68,18,MEDIUM
89,78,93,26,LOW
83,64,65,21,MEDIUM
71,67,71,20,MEDIUM
73,72,78,24,MEDIUM
52,54,60,15,HIGH
90,88,100,29,LOW
82,92,89,24,LOW
74,75,69,23,MEDIUM
56,52,64,17,HIGH
68,62,69,21,MEDIUM
83,72,74,16,MEDIUM
82,83,78,22,MEDIUM
97,85,90,25,LOW
89,94,96,27,LOW
57,49,49,17,HIGH
77,82,77,26,MEDIUM
96,100,94,30,LOW
41,39,39,13,HIGH
70,73,58,21,MEDIUM
71,79,74,23,MEDIUM
86,93,89,28,LOW
46,39,47,14,HIGH
70,71,70,21,MEDIUM
84,77,77,24,MEDIUM
92,87,78,28,LOW
77,75,80,21,MEDIUM
93,50,52,16,MEDIUM
93,89,88,27,LOW
91,91,87,28,LOW
68,67,76,21,MEDIUM
76,83,86,23,MEDIUM
73,74,75,22,MEDIUM
81,75,82,22,MEDIUM
47,50,44,14,HIGH
84,93,87,27,LOW
73,69,70,20,MEDIUM
94,95,89,27,LOW
89,88,88,26,LOW
93,94,100,29,LOW
40,47,41,13,HIGH
88,92,91,24,LOW
92,100,97,28,LOW
55,55,50,17,HIGH
93,95,99,30,LOW
93,50,50,16,MEDIUM
75,71,77,22,MEDIUM
83,75,67,19,MEDIUM
74,68,71,22,MEDIUM
88,88,96,27,LOW
51,57,59,20,HIGH
86,100,82,25,LOW
40,40,43,11,HIGH
71,63,77,20,MEDIUM
92,97,84,26,LOW
89,87,88,27,LOW
93,95,92,28,LOW
64,92,84,28,LOW
87,82,98,27,LOW
74,63,64,24,MEDIUM
48,43,45,16,HIGH
72,70,60,20,MEDIUM
79,87,85,26,LOW
86,100,85,26,LOW
72,74,71,22,MEDIUM
76,65,71,19,MEDIUM
90,95,85,27,LOW
43,48,43,12,HIGH
51,48,38,12,HIGH
91,96,99,29,LOW
68,80,81,21,MEDIUM
67,66,76,21,MEDIUM
75,81,83,21,MEDIUM
77,78,80,23,MEDIUM
76,60,72,19,MEDIUM
84,94,87,26,LOW
44,41,43,12,HIGH
95,89,88,28,LOW
73,75,78,21,MEDIUM
57,45,54,17,HIGH
80,69,66,19,MEDIUM
89,90,95,28,LOW
86,96,97,27,LOW
98,96,89,29,LOW
97,93,94,27,LOW
89,94,92,27,LOW
43,51,60,15,HIGH
72,77,70,23,MEDIUM
71,75,62,20,MEDIUM
78,74,61,21,MEDIUM
73,80,77,22,MEDIUM
61,59,62,20,MEDIUM
64,57,68,18,MEDIUM
76,74,72,23,MEDIUM
73,81,79,23,MEDIUM
68,62,72,20,MEDIUM
71,78,74,19,MEDIUM
91,89,80,28,LOW
45,52,47,16,HIGH
72,69,75,22,MEDIUM
85,82,84,24,LOW
81,68,73,22,MEDIUM
100,95,90,28,LOW
77,72,70,14,MEDIUM
66,60,66,22,MEDIUM
50,50,55,17,HIGH
74,85,73,20,MEDIUM
98,88,86,28,LOW
93,92,89,27,LOW
77,79,87,26,LOW
80,70,69,19,MEDIUM
74,63,65,20,MEDIUM
74,69,68,24,MEDIUM
97,85,100,29,LOW
53,52,57,16,HIGH
69,72,78,22,MEDIUM
52,59,44,17,HIGH
68,74,67,20,MEDIUM
89,90,90,28,LOW
82,75,83,22,MEDIUM
73,71,65,19,MEDIUM
73,63,78,21,MEDIUM
92,90,95,27,LOW
87,81,83,27,LOW
55,61,67,16,HIGH
78,84,85,25,LOW
68,75,74,21,MEDIUM
78,72,75,20,MEDIUM
45,59,49,13,HIGH
48,51,48,15,HIGH
75,86,74,23,MEDIUM
79,84,77,25,MEDIUM
94,91,100,28,LOW
79,84,88,25,LOW
87,76,85,23,MEDIUM
97,92,88,26,LOW
89,95,97,28,LOW
76,75,87,25,MEDIUM
71,74,61,21,MEDIUM
40,39,38,11,HIGH
98,95,88,28,LOW
50,56,45,16,HIGH
100,84,96,27,LOW
66,68,64,20,MEDIUM
93,46,47,16,MEDIUM
59,53,62,18,HIGH
89,72,82,25,LOW
86,84,95,26,LOW
45,50,50,15,HIGH
47,53,49,15,HIGH
85,84,86,26,LOW
95,91,91,29,LOW
78,73,66,22,MEDIUM
78,65,64,22,MEDIUM
88,98,94,28,LOW
78,79,92,28,LOW
50,45,49,14,HIGH
92,93,97,29,LOW
71,65,74,20,MEDIUM
91,89,87,27,LOW
94,97,94,28,LOW
73,76,71,22,MEDIUM
63,63,59,18,HIGH
50,58,49,16,HIGH
87,92,93,28,LOW
72,85,71,21,MEDIUM
89,81,100,27,LOW
65,74,68,20,MEDIUM
73,75,75,22,MEDIUM
85,90,91,27,LOW
43,56,57,15,HIGH
100,95,88,28,LOW
89,76,89,24,LOW
44,49,50,14,HIGH
95,92,94,27,LOW
93,90,92,28,LOW
65,70,65,19,MEDIUM
82,91,92,27,LOW
43,48,54,12,HIGH
78,65,65,18,MEDIUM
100,94,98,27,LOW
74,86,74,22,MEDIUM
79,68,69,21,MEDIUM
93,43,43,14,HIGH
85,84,87,26,LOW
90,96,94,28,LOW
71,69,64,19,MEDIUM
74,69,70,21,MEDIUM
78,63,63,23,MEDIUM
71,61,60,19,MEDIUM
89,90,87,27,LOW
74,79,65,21,MEDIUM
93,87,85,27,LOW
80,71,69,21,MEDIUM
95,94,89,28,LOW
71,78,76,24,MEDIUM
91,86,85,26,LOW
50,44,48,14,HIGH
74,89,84,25,MEDIUM
89,84,84,29,LOW
40,42,39,13,HIGH
89,92,96,27,LOW
75,76,76,22,MEDIUM
69,61,77,19,MEDIUM
98,94,95,28,LOW
68,75,78,22,MEDIUM
49,51,49,12,HIGH
88,94,95,27,LOW
87,77,79,25,LOW
90,95,92,29,LOW
78,76,79,22,MEDIUM
42,46,40,15,HIGH
87,90,91,26,LOW
51,43,47,15,HIGH
94,93,88,28,LOW
69,71,65,21,MEDIUM
44,42,45,13,HIGH
65,72,75,22,MEDIUM
77,76,72,20,MEDIUM
95,87,91,27,LOW
54,54,53,16,HIGH
82,92,91,27,LOW
80,91,79,25,LOW
91,100,90,27,LOW
75,64,72,21,MEDIUM
41,45,37,16,HIGH
43,37,46,14,HIGH
83,90,91,26,LOW
73,68,63,20,MEDIUM
83,69,75,20,MEDIUM
64,56,76,17,MEDIUM
48,40,50,14,HIGH
65,53,70,20,MEDIUM
57,56,61,17,HIGH
88,84,85,27,LOW
56,60,55,18,HIGH
73,61,74,20,MEDIUM
87,95,84,29,LOW
84,93,92,27,LOW
51,51,51,15,HIGH
92,85,90,25,LOW
87,89,94,26,LOW
65,61,77,19,MEDIUM
85,85,85,26,LOW
90,82,83,25,LOW
91,87,88,28,LOW
75,77,85,21,MEDIUM
65,59,63,17,HIGH
40,36,45,12,HIGH
93,92,100,27,LOW
80,87,79,25,LOW
91,97,93,28,LOW
95,98,100,29,LOW
66,56,68,19,MEDIUM
100,88,85,28,LOW
66,71,71,20,MEDIUM
87,89,85,25,LOW
95,82,88,27,LOW
49,46,50,14,HIGH
72,74,75,20,MEDIUM
54,60,53,15,HIGH
99,97,92,26,LOW
71,59,69,21,MEDIUM
84,69,74,19,MEDIUM
93,95,97,26,LOW
89,87,95,27,LOW
76,71,63,20,MEDIUM
75,70,67,19,MEDIUM
68,73,70,21,MEDIUM
82,73,68,17,MEDIUM
58,64,63,17,HIGH
70,68,78,23,MEDIUM
89,85,88,30,LOW
56,60,54,15,HIGH
91,99,88,30,LOW
72,71,65,21,MEDIUM
98,94,100,28,LOW
51,59,57,17,HIGH
71,81,66,22,MEDIUM
94,86,90,26,LOW
84,90,96,24,LOW
76,66,71,23,MEDIUM
79,61,69,21,MEDIUM
69,73,72,21,MEDIUM
87,87,83,27,LOW
77,76,79,24,MEDIUM
83,79,72,23,MEDIUM
52,40,54,16,HIGH
49,51,56,14,HIGH
94,90,88,30,LOW
55,46,48,16,HIGH
64,64,71,22,MEDIUM
54,62,62,17,HIGH
74,73,76,22,MEDIUM
70,60,76,20,MEDIUM
46,47,42,13,HIGH
63,64,70,21,MEDIUM
88,79,90,25,LOW
65,69,66,19,MEDIUM
43,27,38,13,HIGH
93,94,85,28,LOW
40,34,44,11,HIGH
86,80,86,23,LOW
99,94,100,29,LOW
92,86,100,29,LOW
69,74,75,24,MEDIUM
49,37,47,14,HIGH
73,63,70,22,MEDIUM
45,37,40,14,HIGH
91,91,85,24,LOW
100,96,89,29,LOW
93,95,94,27,LOW
65,80,66,22,MEDIUM
92,86,84,26,LOW
90,93,88,26,LOW
83,72,76,24,MEDIUM
60,64,56,18,HIGH
64,92,87,25,MEDIUM
79,66,70,18,MEDIUM
89,90,95,27,LOW
88,86,88,28,LOW
87,89,85,25,LOW
88,91,96,29,LOW
88,89,96,27,LOW
89,87,84,26,LOW
63,65,68,19,MEDIUM
93,92,96,27,LOW
65,87,89,26,MEDIUM
96,95,92,29,LOW
70,64,86,22,MEDIUM
95,90,86,28,LOW
84,87,93,28,LOW
92,97,97,28,LOW
86,90,86,27,LOW
46,51,41,14,HIGH
89,99,98,30,LOW
58,55,70,20,MEDIUM
86,84,84,25,LOW
80,71,73,22,MEDIUM
62,62,60,20,MEDIUM
90,83,89,24,LOW
55,56,57,17,HIGH
91,85,92,29,LOW
94,99,100,28,LOW
95,47,44,16,MEDIUM
86,82,83,27,LOW
72,76,71,23,MEDIUM
54,48,47,13,HIGH
93,85,92,27,LOW
49,48,49,14,HIGH
91,83,90,26,LOW
89,84,83,25,LOW
42,52,47,13,HIGH
73,61,79,22,MEDIUM
77,75,72,22,MEDIUM
54,53,62,17,HIGH
85,84,99,27,LOW
77,78,81,23,MEDIUM
80,70,75,20,MEDIUM
69,58,51,19,HIGH
53,39,53,18,HIGH
79,74,73,23,MEDIUM
83,87,78,27,LOW
46,53,42,13,HIGH
91,93,91,29,LOW
82,86,74,24,MEDIUM
89,100,91,28,LOW
64,56,69,18,MEDIUM
93,99,88,27,LOW
94,90,98,26,LOW
52,58,60,20,HIGH
86,90,90,25,LOW
81,70,62,22,MEDIUM
72,70,74,21,MEDIUM
97,93,91,27,LOW
45,45,36,11,HIGH
60,56,47,15,HIGH
95,95,85,26,LOW
94,91,92,26,LOW
87,91,89,29,LOW
89,93,91,28,LOW
73,73,74,20,MEDIUM
83,89,71,22,MEDIUM
90,81,79,26,LOW
79,65,71,21,MEDIUM
86,79,85,25,LOW
93,100,88,27,LOW
80,73,90,24,MEDIUM
89,83,90,28,LOW
93,81,85,26,LOW
51,54,54,16,HIGH
49,46,46,15,HIGH
88,87,93,29,LOW
96,92,91,28,LOW
94,94,80,28,LOW
96,94,93,26,LOW
86,89,97,27,LOW
74,83,73,24,MEDIUM
97,93,100,28,LOW
97,96,89,30,LOW
89,91,97,27,LOW
81,73,73,19,MEDIUM
89,93,91,28,LOW
80,64,66,20,MEDIUM
89,88,100,28,LOW
69,64,63,20,MEDIUM
69,74,73,21,MEDIUM
89,91,84,25,LOW
43,45,48,15,HIGH
75,84,87,25,MEDIUM
91,93,94,27,LOW
82,74,73,21,MEDIUM
80,84,77,24,MEDIUM
71,76,72,22,MEDIUM
40,42,36,12,HIGH
73,80,67,24,MEDIUM
74,80,83,22,MEDIUM
98,92,87,27,LOW
94,91,100,29,LOW
89,88,96,26,LOW
50,48,62,16,HIGH
87,90,92,26,LOW
89,80,85,25,LOW
71,78,77,23,MEDIUM
43,54,63,14,HIGH
98,91,93,27,LOW
52,55,50,14,HIGH
84,96,96,28,LOW
94,91,92,26,LOW
70,76,62,22,MEDIUM
98,93,83,25,LOW
81,81,85,26,LOW
89,93,85,28,LOW
93,98,96,27,LOW
98,100,92,28,LOW
87,89,81,27,LOW
51,45,62,16,HIGH
89,90,83,27,LOW
94,88,93,29,LOW
97,84,97,28,LOW
88,83,85,25,LOW
90,97,89,28,LOW
86,93,87,26,LOW
77,81,76,25,MEDIUM
95,90,100,27,LOW
93,89,92,28,LOW
86,89,87,27,LOW
70,77,72,22,MEDIUM
84,83,88,23,LOW
100,100,100,29,LOW
72,66,75,22,MEDIUM
92,92,87,25,LOW
73,64,62,22,MEDIUM
61,61,61,18,HIGH
62,67,57,18,HIGH
50,53,49,13,HIGH
50,51,52,15,HIGH
81,76,82,24,MEDIUM
51,53,59,15,HIGH
90,81,91,25,LOW
99,84,100,29,LOW
76,65,72,19,MEDIUM
89,87,96,28,LOW
88,90,93,27,LOW
56,54,63,15,HIGH
72,78,76,21,MEDIUM
63,62,66,19,MEDIUM
82,87,84,26,LOW
57,60,61,17,HIGH
100,98,100,29,LOW
90,93,94,26,LOW
98,90,94,29,LOW
55,68,61,18,HIGH
84,88,85,27,LOW
50,41,45,13,HIGH
71,80,82,22,MEDIUM
92,90,97,25,LOW
69,59,65,20,MEDIUM
69,73,65,21,MEDIUM
40,45,45,12,HIGH
93,84,92,27,LOW
63,52,56,16,HIGH
70,72,75,22,MEDIUM
69,66,73,20,MEDIUM
40,48,37,12,HIGH
94,93,93,30,LOW
93,82,87,26,LOW
87,92,92,27,LOW
56,54,61,14,HIGH
69,68,74,19,MEDIUM
76,77,73,21,MEDIUM
88,96,82,25,LOW
56,66,69,19,MEDIUM
74,64,69,21,MEDIUM
93,86,91,25,LOW
45,49,51,15,HIGH
86,95,95,26,LOW
91,92,95,28,LOW
73,68,74,23,MEDIUM
65,65,71,20,MEDIUM
54,53,46,16,HIGH
47,50,47,15,HIGH
58,74,54,19,MEDIUM
88,90,87,24,LOW
62,60,63,19,MEDIUM
70,71,67,21,MEDIUM
62,65,64,19,MEDIUM
47,51,37,14,HIGH
77,73,74,23,MEDIUM
90,80,98,26,LOW
82,76,86,23,MEDIUM
83,75,84,24,MEDIUM
90,94,89,26,LOW
94,80,83,26,LOW
91,85,87,25,LOW
70,73,79,19,MEDIUM
53,51,55,16,HIGH
74,67,77,21,MEDIUM
78,80,79,23,MEDIUM
77,78,78,23,MEDIUM
60,53,51,17,HIGH
88,70,83,23,MEDIUM
75,77,77,22,MEDIUM
87,89,92,27,LOW
45,53,51,14,HIGH
70,70,71,21,MEDIUM
40,48,40,14,HIGH
76,70,71,22,MEDIUM
92,94,88,27,LOW
51,57,46,17,HIGH
87,92,87,28,LOW
76,69,79,22,MEDIUM
98,96,89,28,LOW
69,73,76,21,MEDIUM
54,54,59,16,HIGH
40,46,41,13,HIGH
69,70,68,20,MEDIUM
94,99,90,29,LOW
91,82,88,29,LOW
83,80,73,24,MEDIUM
70,77,85,24,MEDIUM
81,88,75,23,MEDIUM
47,43,52,15,HIGH
71,78,72,24,MEDIUM
59,67,63,21,MEDIUM
78,74,68,24,MEDIUM
67,75,67,23,MEDIUM
94,89,94,29,LOW
59,74,68,18,MEDIUM
96,39,49,13,HIGH
84,85,89,27,LOW
88,91,89,27,LOW
66,70,75,21,MEDIUM
84,85,90,26,LOW
55,60,60,17,HIGH
62,70,65,20,MEDIUM
70,71,77,22,MEDIUM
91,98,100,29,LOW
52,58,53,18,HIGH
68,65,62,21,MEDIUM
68,71,74,23,MEDIUM
93,98,94,27,LOW
77,71,83,22,MEDIUM
68,69,73,21,MEDIUM
93,100,88,30,LOW
46,53,58,14,HIGH
92,100,92,27,LOW
66,76,69,20,MEDIUM
61,56,60,18,HIGH
75,72,83,23,MEDIUM
62,62,65,18,MEDIUM
80,81,72,22,MEDIUM
81,70,71,20,MEDIUM
79,85,86,24,MEDIUM
49,43,55,15,HIGH
91,96,96,26,LOW
40,48,49,14,HIGH
100,100,100,30,LOW
77,70,78,22,MEDIUM
81,73,71,17,MEDIUM
50,41,47,14,HIGH
65,91,90,28,LOW
93,97,83,28,LOW
94,93,100,28,LOW
95,90,100,27,LOW
98,99,97,30,LOW
49,48,51,16,HIGH
68,68,67,20,MEDIUM
90,84,77,25,LOW
90,83,86,27,LOW
88,94,91,27,LOW
76,68,77,23,MEDIUM
88,88,88,26,LOW
100,100,99,28,LOW
64,69,76,20,MEDIUM
94,98,87,30,LOW
94,94,100,27,LOW
75,74,64,22,MEDIUM
83,74,60,18,MEDIUM
75,74,77,23,MEDIUM
73,67,70,21,MEDIUM
71,72,71,21,MEDIUM
63,76,65,20,MEDIUM
77,81,84,26,LOW
95,97,87,28,LOW
73,88,84,24,MEDIUM
93,95,100,28,LOW
75,66,70,22,MEDIUM
87,98,93,26,LOW
60,65,63,18,HIGH
84,83,86,26,LOW
100,86,93,27,LOW
76,76,78,23,MEDIUM
97,91,95,29,LOW
84,89,95,27,LOW
77,83,78,20,MEDIUM
67,68,67,22,MEDIUM
60,46,58,16,HIGH
76,88,83,25,LOW
55,62,59,19,HIGH
89,93,98,27,LOW
91,78,91,27,LOW
57,45,57,16,HIGH
73,77,83,23,MEDIUM
79,84,84,23,MEDIUM
87,85,90,27,LOW
65,66,77,19,MEDIUM
68,65,63,20,MEDIUM
57,69,61,19,MEDIUM
70,77,77,23,MEDIUM
82,87,74,25,MEDIUM
56,56,53,16,HIGH
92,100,92,29,LOW
69,70,68,20,MEDIUM
89,91,94,27,LOW
60,71,75,20,MEDIUM
74,71,75,18,MEDIUM
90,91,82,29,LOW
82,87,88,24,LOW
81,79,83,25,MEDIUM
51,51,58,17,HIGH
75,67,64,20,MEDIUM
99,91,99,29,LOW
75,73,84,22,MEDIUM
52,56,58,16,HIGH
57,50,46,17,HIGH
80,77,75,23,MEDIUM
83,89,83,24,LOW
76,76,81,27,MEDIUM
98,95,94,26,LOW
70,79,77,21,MEDIUM
89,88,84,26,LOW
83,85,88,26,LOW
49,45,57,15,HIGH
65,69,69,21,MEDIUM
81,82,74,22,MEDIUM
84,96,96,28,LOW
57,51,52,17,HIGH
61,69,69,21,MEDIUM
70,69,63,22,MEDIUM
77,80,85,23,MEDIUM
61,52,54,16,HIGH
73,69,75,20,MEDIUM
82,61,68,19,MEDIUM
86,86,88,25,LOW
57,49,60,16,HIGH
93,100,100,29,LOW
74,67,78,22,MEDIUM
87,83,84,24,LOW
45,43,46,16,HIGH
52,52,48,17,HIGH
46,47,40,13,HIGH
72,61,67,20,MEDIUM
74,72,75,23,MEDIUM
85,89,90,28,LOW
76,80,70,23,MEDIUM
77,81,86,22,MEDIUM
91,91,83,26,LOW
76,75,76,24,MEDIUM
77,68,75,19,MEDIUM
66,56,57,18,HIGH
72,71,78,22,MEDIUM
54,52,52,16,HIGH
68,63,81,19,MEDIUM
78,77,86,23,MEDIUM
51,46,63,19,HIGH
84,83,78,27,LOW
40,46,38,12,HIGH
92,92,100,29,LOW
43,40,43,13,HIGH
77,72,92,22,MEDIUM
80,61,67,21,MEDIUM
100,96,100,30,LOW
93,83,88,25,LOW
57,53,55,16,HIGH
85,81,90,25,LOW
62,74,71,20,MEDIUM
84,96,94,27,LOW
81,87,89,27,LOW
88,89,92,25,LOW
91,85,84,25,LOW
72,69,68,18,MEDIUM
81,81,88,26,LOW
46,50,48,12,HIGH
91,95,91,25,LOW
77,69,67,20,MEDIUM
79,72,74,25,MEDIUM
55,50,55,15,HIGH
76,83,74,25,MEDIUM
70,67,70,21,MEDIUM
81,79,86,23,MEDIUM
79,64,63,21,MEDIUM
80,89,82,24,LOW
88,86,96,26,LOW
85,81,86,26,LOW
94,88,97,28,LOW
73,61,72,22,MEDIUM
88,91,83,27,LOW
90,85,90,24,LOW
61,89,92,27,MEDIUM
53,57,59,18,HIGH
80,85,81,25,LOW
86,85,94,26,LOW
66,59,63,19,MEDIUM
93,87,92,26,LOW
90,90,89,25,LOW
93,87,90,27,LOW
74,71,68,22,MEDIUM
90,93,86,27,LOW
58,52,49,16,HIGH
93,93,88,30,LOW
68,82,74,22,MEDIUM
60,93,85,27,MEDIUM
95,87,87,28,LOW
74,68,83,23,MEDIUM
53,54,54,13,HIGH
93,97,77,26,LOW
94,100,88,28,LOW
94,97,94,29,LOW
49,49,49,15,HIGH
88,85,91,25,LOW
62,55,61,20,HIGH
67,71,73,20,MEDIUM
97,95,87,26,LOW
57,67,73,21,MEDIUM
90,87,87,25,LOW
76,77,84,24,MEDIUM
80,82,86,23,MEDIUM
88,90,87,26,LOW
94,91,90,29,LOW
72,69,70,20,MEDIUM
63,59,62,21,MEDIUM
81,67,72,20,MEDIUM
79,74,77,26,MEDIUM
73,74,65,22,MEDIUM
69,62,65,18,MEDIUM
81,87,87,25,LOW
90,89,87,27,LOW
42,35,38,11,HIGH
87,95,82,27,LOW
81,76,89,24,MEDIUM
74,73,78,23,MEDIUM
82,85,96,27,LOW
72,77,87,24,MEDIUM
81,70,69,22,MEDIUM
53,39,49,14,HIGH
81,74,72,17,MEDIUM
91,90,93,28,LOW
91,100,86,28,LOW
71,68,72,23,MEDIUM
82,87,83,27,LOW
78,82,89,24,MEDIUM
87,85,81,23,LOW
90,90,99,27,LOW
95,88,91,29,LOW
100,94,96,29,LOW
85,94,93,25,LOW
78,72,71,21,MEDIUM
97,89,90,27,LOW
64,62,60,17,HIGH
61,78,69,23,MEDIUM
73,72,84,23,MEDIUM
72,62,72,21,MEDIUM
92,83,87,29,LOW
48,45,39,14,HIGH
80,83,81,25,MEDIUM
92,95,98,29,LOW
99,86,97,28,LOW
80,72,68,21,MEDIUM
85,78,82,26,LOW
87,80,85,24,LOW
73,66,71,22,MEDIUM
79,82,80,25,MEDIUM
84,89,87,26,LOW
45,41,41,10,HIGH
91,86,95,28,LOW
63,76,76,19,MEDIUM
64,70,72,22,MEDIUM
67,79,68,20,MEDIUM
90,84,92,27,LOW
79,71,71,24,MEDIUM
87,89,82,27,LOW
70,79,68,24,MEDIUM
94,80,90,29,LOW
43,39,36,12,HIGH
86,67,65,16,MEDIUM
46,48,48,14,HIGH
79,64,68,21,MEDIUM
74,79,74,22,MEDIUM
93,99,99,29,LOW
96,90,98,29,LOW
83,82,81,26,LOW
89,84,87,26,LOW
54,61,60,16,HIGH
76,76,64,22,MEDIUM
79,73,72,22,MEDIUM
87,87,84,28,LOW
68,50,68,22,MEDIUM
51,39,37,14,HIGH
96,92,100,28,LOW
82,83,85,26,LOW
74,77,72,25,MEDIUM
92,90,93,26,LOW
78,73,67,23,MEDIUM
87,88,82,24,LOW
75,68,71,23,MEDIUM
78,79,80,24,MEDIUM
73,71,75,22,MEDIUM
87,96,92,25,LOW
63,64,78,19,MEDIUM
90,88,89,28,LOW
86,84,94,27,LOW
70,69,72,22,MEDIUM
71,62,68,22,MEDIUM
56,50,58,15,HIGH
80,74,80,23,MEDIUM
90,93,98,27,LOW
90,96,82,28,LOW
75,74,79,23,MEDIUM
96,95,90,29,LOW
94,92,85,27,LOW
90,89,78,26,LOW
67,79,65,21,MEDIUM
64,59,52,18,HIGH
82,76,80,23,MEDIUM
79,68,68,19,MEDIUM
48,47,47,16,HIGH
50,58,45,14,HIGH
59,56,53,16,HIGH
96,78,90,29,LOW
90,93,91,29,LOW
86,75,93,28,LOW
78,81,83,25,MEDIUM
41,43,45,12,HIGH
81,100,95,27,LOW
86,96,89,27,LOW
93,87,100,28,LOW
67,77,71,21,MEDIUM
90,87,87,27,LOW
77,77,78,23,MEDIUM
92,96,87,28,LOW
78,72,75,22,MEDIUM
71,68,77,18,MEDIUM
98,89,100,30,LOW
54,44,46,15,HIGH
58,56,70,18,HIGH
73,72,72,22,MEDIUM
46,45,49,14,HIGH
67,69,75,20,MEDIUM
89,91,88,28,LOW
69,72,70,22,MEDIUM
70,69,67,21,MEDIUM
83,82,85,25,LOW
79,71,68,23,MEDIUM
44,37,45,12,HIGH
86,93,92,28,LOW
88,95,91,29,LOW
73,74,69,22,MEDIUM
66,67,74,21,MEDIUM
64,53,72,19,MEDIUM
75,65,74,20,MEDIUM
78,70,83,22,MEDIUM
92,92,89,26,LOW
91,98,93,29,LOW
52,50,60,15,HIGH
42,44,39,12,HIGH
45,52,43,12,HIGH
42,42,41,12,HIGH
40,43,50,14,HIGH
76,74,74,22,MEDIUM
71,65,79,22,MEDIUM
89,86,90,27,LOW
88,91,88,26,LOW
87,81,85,25,LOW
77,74,82,23,MEDIUM
68,76,77,22,MEDIUM
81,81,90,27,LOW
72,77,79,23,MEDIUM
81,75,83,23,MEDIUM
55,49,54,16,HIGH
78,67,65,18,MEDIUM
44,37,46,14,HIGH
80,72,75,21,MEDIUM
96,83,87,28,LOW
91,89,86,25,LOW
89,89,90,27,LOW
77,74,65,23,MEDIUM
70,87,79,24,MEDIUM
78,72,68,18,MEDIUM
91,91,89,27,LOW
72,67,72,21,MEDIUM
86,81,86,25,LOW
100,98,94,30,LOW
89,85,97,28,LOW
95,93,99,28,LOW
100,95,89,27,LOW
91,89,92,28,LOW
78,75,85,22,MEDIUM
55,86,90,28,MEDIUM
79,81,79,24,MEDIUM
77,75,74,22,MEDIUM
76,78,74,25,MEDIUM
81,70,72,25,MEDIUM
69,61,70,21,MEDIUM
52,47,49,17,HIGH
78,66,66,19,MEDIUM
91,92,85,25,LOW
77,72,82,20,MEDIUM
89,90,98,26,LOW
89,87,84,26,LOW
71,66,70,20,MEDIUM
68,75,72,21,MEDIUM
93,84,100,29,LOW
92,98,93,27,LOW
75,84,80,22,MEDIUM
91,91,94,29,LOW
44,49,46,13,HIGH
92,93,90,30,LOW
64,63,60,19,MEDIUM
84,89,91,26,LOW
94,92,91,28,LOW
94,100,97,27,LOW
78,86,70,22,MEDIUM
71,72,72,21,MEDIUM
96,84,89,25,LOW
94,92,99,28,LOW
87,88,93,27,LOW
82,95,84,27,LOW
72,67,70,21,MEDIUM
58,63,60,18,HIGH
77,68,77,20,MEDIUM
71,72,74,22,MEDIUM
76,65,67,22,MEDIUM
42,41,39,15,HIGH
93,100,93,28,LOW
83,69,67,20,MEDIUM
81,64,76,21,MEDIUM
98,92,96,28,LOW
82,66,71,21,MEDIUM
78,75,83,26,MEDIUM
93,97,92,28,LOW
54,51,50,16,HIGH
58,61,72,20,MEDIUM
57,53,61,15,HIGH
51,50,52,15,HIGH
74,82,75,22,MEDIUM
95,87,88,28,LOW
77,69,74,23,MEDIUM
80,71,68,21,MEDIUM
96,96,86,30,LOW
95,87,99,25,LOW
73,67,74,23,MEDIUM
67,63,74,21,MEDIUM
73,59,70,20,MEDIUM
86,91,93,26,LOW
94,98,92,25,LOW
91,78,89,25,LOW
98,86,89,29,LOW
87,88,88,27,LOW
66,67,73,19,MEDIUM
88,85,95,27,LOW
93,90,95,30,LOW
67,69,75,21,MEDIUM
80,79,79,22,MEDIUM
93,86,93,27,LOW
61,66,57,19,HIGH
58,49,51,18,HIGH
80,76,71,20,MEDIUM
98,90,91,28,LOW
100,99,100,29,LOW
80,84,78,21,MEDIUM
83,92,95,29,LOW
75,75,78,22,MEDIUM
75,78,66,20,MEDIUM
78,75,75,16,MEDIUM
76,70,70,20,MEDIUM
91,89,93,26,LOW
80,72,79,24,MEDIUM
67,76,81,23,MEDIUM
61,70,62,21,MEDIUM
94,86,92,27,LOW
85,97,95,29,LOW
40,29,36,11,HIGH
88,84,82,26,LOW
82,71,84,25,MEDIUM
92,96,100,27,LOW
84,86,96,28,LOW
85,99,85,26,LOW
79,72,72,17,MEDIUM
90,98,100,28,LOW
78,76,72,21,MEDIUM
81,88,89,26,LOW
82,87,86,25,LOW
93,100,99,27,LOW
68,75,76,23,MEDIUM
76,76,83,23,MEDIUM
92,96,100,29,LOW
52,49,56,17,HIGH
40,48,46,13,HIGH
78,70,82,21,MEDIUM
77,72,66,22,MEDIUM
86,85,97,28,LOW
88,100,80,27,LOW
86,82,87,26,LOW
85,74,79,24,MEDIUM
73,76,74,23,MEDIUM
71,85,82,23,MEDIUM
77,75,82,25,MEDIUM
52,52,44,16,HIGH
79,70,71,19,MEDIUM
79,70,63,20,MEDIUM
88,87,77,25,LOW
73,64,75,20,MEDIUM
99,90,99,25,LOW
96,98,90,27,LOW
73,71,83,22,MEDIUM
88,93,100,30,LOW
99,96,96,29,LOW
74,59,76,20,MEDIUM
82,94,89,25,LOW
69,71,72,22,MEDIUM
68,65,79,22,MEDIUM
88,97,78,26,LOW
67,68,66,21,MEDIUM
92,97,90,27,LOW
78,77,73,20,MEDIUM
67,67,77,20,MEDIUM
80,68,65,23,MEDIUM
81,67,63,23,MEDIUM
96,100,100,28,LOW
53,39,55,16,HIGH
100,100,97,30,LOW
86,100,86,28,LOW
80,80,81,23,MEDIUM
96,98,98,26,LOW
91,92,100,27,LOW
81,75,76,23,MEDIUM
85,82,89,24,LOW
67,71,70,21,MEDIUM
78,84,84,26,LOW
92,91,90,27,LOW
93,91,88,29,LOW
86,92,88,26,LOW
69,72,69,21,MEDIUM
77,85,97,27,LOW
93,98,94,27,LOW
56,64,68,19,MEDIUM
93,93,84,28,LOW
86,93,89,28,LOW
58,90,91,26,MEDIUM
46,56,54,15,HIGH
67,70,78,21,MEDIUM
78,74,81,23,MEDIUM
64,56,60,18,HIGH
78,81,84,25,MEDIUM
87,97,88,27,LOW
79,67,67,25,MEDIUM
88,85,99,27,LOW
86,87,84,28,LOW
96,95,87,27,LOW
71,72,76,22,MEDIUM
97,93,95,28,LOW
86,83,83,27,LOW
70,72,77,20,MEDIUM
78,71,71,25,MEDIUM
71,69,63,19,MEDIUM
75,75,70,18,MEDIUM
85,86,88,26,LOW
91,85,89,26,LOW
96,99,92,28,LOW
82,72,80,22,MEDIUM
67,80,71,21,MEDIUM
77,69,63,23,MEDIUM
92,92,86,26,LOW
80,77,97,28,LOW
87,82,88,24,LOW
61,46,72,19,HIGH
40,46,45,13,HIGH
61,92,90,26,MEDIUM
88,84,84,25,LOW
82,85,93,25,LOW
90,94,97,28,LOW
79,79,84,26,LOW
85,93,96,26,LOW
75,66,70,21,MEDIUM
51,55,65,14,HIGH
90,90,100,28,LOW
98,100,100,29,LOW
95,96,93,28,LOW
85,94,93,25,LOW
87,88,93,28,LOW
93,96,93,28,LOW
95,95,95,26,LOW
91,96,83,27,LOW
97,46,45,13,HIGH
86,93,80,26,LOW
90,80,90,25,LOW
83,85,89,26,LOW
41,38,35,14,HIGH
88,91,89,24,LOW
100,99,94,28,LOW
94,100,97,28,LOW
98,100,96,28,LOW
93,93,84,26,LOW
77,69,71,23,MEDIUM
91,83,89,27,LOW
100,82,89,28,LOW
65,73,61,22,MEDIUM
92,81,87,28,LOW
86,93,89,30,LOW
72,75,69,23,MEDIUM
81,71,69,21,MEDIUM
76,69,67,21,MEDIUM
57,61,70,17,HIGH
93,89,82,28,LOW
92,94,96,28,LOW
51,50,48,13,HIGH
76,71,90,22,MEDIUM
78,69,73,22,MEDIUM
98,96,100,28,LOW
87,84,87,27,LOW
56,57,50,15,HIGH
97,79,90,27,LOW
89,97,93,30,LOW
65,60,67,20,MEDIUM
77,63,69,22,MEDIUM
62,62,54,19,HIGH
84,95,84,27,LOW
90,81,88,28,LOW
81,68,73,19,MEDIUM
65,66,63,17,MEDIUM
86,91,85,28,LOW
87,100,87,27,LOW
61,82,77,24,MEDIUM
75,71,87,24,MEDIUM
78,67,64,21,MEDIUM
80,70,66,19,MEDIUM
93,92,86,25,LOW
94,43,46,14,HIGH
49,48,56,17,HIGH
76,72,73,20,MEDIUM
70,67,83,19,MEDIUM
87,90,93,27,LOW
85,94,83,23,LOW
95,97,96,28,LOW
75,75,69,21,MEDIUM
77,66,62,21,MEDIUM
67,68,76,23,MEDIUM
40,37,43,11,HIGH
97,94,93,28,LOW
61,65,70,21,MEDIUM
89,91,100,27,LOW
40,37,29,10,HIGH
90,100,100,29,LOW
64,66,67,21,MEDIUM
57,56,66,20,HIGH
86,91,93,26,LOW
63,63,68,21,MEDIUM
43,47,55,16,HIGH
53,59,61,14,HIGH
89,90,77,25,LOW
79,78,90,24,MEDIUM
92,95,92,28,LOW
84,83,78,22,MEDIUM
40,48,40,12,HIGH
91,79,70,25,LOW
85,84,87,25,LOW
96,93,83,27,LOW
40,48,48,14,HIGH
92,88,82,27,LOW
40,39,42,12,HIGH
41,44,42,12,HIGH
68,66,75,22,MEDIUM
73,82,78,22,MEDIUM
48,49,55,15,HIGH
73,68,74,19,MEDIUM
52,56,59,17,HIGH
69,68,80,23,MEDIUM
70,73,71,22,MEDIUM
81,68,86,23,MEDIUM
62,74,70,23,MEDIUM
72,73,62,22,MEDIUM
78,79,68,23,MEDIUM
83,81,82,23,MEDIUM
78,74,75,22,MEDIUM
85,85,85,25,LOW
98,96,95,27,LOW
94,87,95,25,LOW
98,88,97,27,LOW
80,94,91,26,LOW
87,84,79,26,LOW
75,79,73,20,MEDIUM
88,84,97,29,LOW
89,83,91,25,LOW
69,68,75,20,MEDIUM
78,77,75,21,MEDIUM
78,70,62,23,MEDIUM
91,100,88,26,LOW
91,78,84,28,LOW
86,79,78,24,MEDIUM
81,71,67,18,MEDIUM
80,74,74,22,MEDIUM
91,82,86,26,LOW
89,91,93,27,LOW
98,91,97,27,LOW
87,93,100,27,LOW
74,68,77,21,MEDIUM
92,94,88,27,LOW
72,73,75,21,MEDIUM
91,90,90,25,LOW
75,71,73,19,MEDIUM
53,59,64,19,HIGH
49,51,49,15,HIGH
85,80,84,25,LOW
94,91,87,27,LOW
91,92,94,26,LOW
87,72,70,24,MEDIUM
90,93,77,25,LOW
97,86,90,28,LOW
85,79,86,25,LOW
87,95,100,28,LOW
87,100,83,27,LOW
91,94,98,28,LOW
78,71,66,20,MEDIUM
91,92,92,27,LOW
79,79,80,24,MEDIUM
50,56,57,16,HIGH
79,78,81,24,MEDIUM
79,76,80,24,MEDIUM
77,81,79,23,MEDIUM
54,58,41,16,HIGH
79,83,86,26,LOW
82,92,89,29,LOW
81,72,73,20,MEDIUM
90,78,81,25,LOW
83,88,89,26,LOW
87,89,90,28,LOW
93,87,93,27,LOW
78,83,80,22,MEDIUM
75,72,74,21,MEDIUM
74,64,68,23,MEDIUM
90,85,91,25,LOW
56,55,52,13,HIGH
43,45,40,15,HIGH
100,100,100,30,LOW
78,75,67,23,MEDIUM
42,46,46,14,HIGH
51,47,52,15,HIGH
81,72,71,17,MEDIUM
74,84,77,21,MEDIUM
89,91,89,24,LOW
95,51,45,15,MEDIUM
75,73,67,18,MEDIUM
91,94,98,28,LOW
77,71,69,24,MEDIUM
85,74,75,23,MEDIUM
68,72,73,20,MEDIUM
93,95,100,28,LOW
60,71,59,21,MEDIUM
95,98,83,28,LOW
72,64,63,20,MEDIUM
89,75,83,25,LOW
87,92,92,25,LOW
78,76,72,22,MEDIUM
77,69,70,17,MEDIUM
84,88,92,25,LOW
92,78,96,28,LOW
52,41,47,15,HIGH
70,73,74,21,MEDIUM
76,75,74,22,MEDIUM
78,74,74,22,MEDIUM
78,81,82,25,MEDIUM
80,90,76,24,MEDIUM
46,36,41,16,HIGH
81,89,80,25,LOW
79,76,83,23,MEDIUM
97,98,90,26,LOW
51,53,54,14,HIGH
71,56,52,21,MEDIUM
78,69,70,21,MEDIUM
99,94,100,26,LOW
54,50,41,13,HIGH
72,79,74,24,MEDIUM
40,33,38,10,HIGH
73,67,72,21,MEDIUM
76,73,68,17,MEDIUM
90,92,90,27,LOW
79,83,87,24,MEDIUM
80,70,73,22,MEDIUM
98,94,91,26,LOW
68,62,65,19,MEDIUM
93,50,44,16,MEDIUM
83,78,91,27,LOW
69,71,76,21,MEDIUM
83,86,83,25,LOW
89,82,87,25,LOW
73,71,79,23,MEDIUM
69,72,64,21,MEDIUM
73,78,75,21,MEDIUM
72,76,77,24,MEDIUM
93,95,86,26,LOW
87,92,80,29,LOW
88,88,99,25,LOW
79,78,77,22,MEDIUM
96,100,96,30,LOW
99,90,100,29,LOW
95,100,96,28,LOW
68,68,63,22,MEDIUM
88,96,94,27,LOW
48,45,51,12,HIGH
83,72,71,21,MEDIUM
97,100,97,28,LOW
83,66,64,18,MEDIUM
42,53,44,16,HIGH
70,69,78,22,MEDIUM
77,84,82,23,MEDIUM
71,71,81,22,MEDIUM
56,59,65,17,HIGH
68,67,69,20,MEDIUM
68,66,66,22,MEDIUM
83,82,94,24,LOW
92,98,96,30,LOW
96,92,100,28,LOW
90,94,100,26,LOW
97,95,91,29,LOW
82,93,88,26,LOW
90,95,97,27,LOW
78,73,69,19,MEDIUM
90,83,97,27,LOW
90,90,96,28,LOW
73,68,77,20,MEDIUM
70,79,80,21,MEDIUM
82,73,67,14,MEDIUM
62,57,59,19,HIGH
88,95,94,26,LOW
78,72,71,20,MEDIUM
40,39,45,13,HIGH
90,80,89,25,LOW
90,82,93,26,LOW
83,70,77,19,MEDIUM
40,43,40,11,HIGH
98,100,100,27,LOW
61,53,57,19,HIGH
78,75,76,22,MEDIUM
50,35,47,13,HIGH
82,81,77,23,MEDIUM
45,43,39,11,HIGH
79,73,78,22,MEDIUM
61,66,66,20,MEDIUM
87,73,72,19,MEDIUM
58,54,53,16,HIGH
86,92,92,27,LOW
91,88,95,25,LOW
55,61,55,16,HIGH
100,100,99,30,LOW
40,37,48,13,HIGH
85,79,83,24,MEDIUM
51,49,54,16,HIGH
96,97,94,27,LOW
95,100,99,29,LOW
99,92,95,28,LOW
74,75,66,23,MEDIUM
94,94,90,27,LOW
93,98,97,28,LOW
89,96,88,26,LOW
92,93,81,26,LOW
82,68,67,23,MEDIUM
64,70,65,20,MEDIUM
71,65,62,21,MEDIUM
97,100,97,28,LOW
91,79,85,25,LOW
49,53,49,15,HIGH
47,43,49,16,HIGH
64,58,71,22,MEDIUM
89,85,91,28,LOW
86,92,95,27,LOW
78,62,71,18,MEDIUM
95,97,99,27,LOW
77,70,71,24,MEDIUM
91,93,84,27,LOW
80,88,93,25,LOW
92,87,94,27,LOW
74,73,73,23,MEDIUM
70,69,81,22,MEDIUM
58,56,57,16,HIGH
89,89,91,26,LOW
47,48,42,13,HIGH
80,76,81,23,MEDIUM
73,70,71,23,MEDIUM
72,69,66,20,MEDIUM
88,79,82,25,LOW
86,82,85,26,LOW
93,95,85,27,LOW
78,69,65,21,MEDIUM
69,67,68,22,MEDIUM
47,43,49,13,HIGH
60,59,51,19,HIGH
44,44,38,12,HIGH
79,69,85,24,MEDIUM
99,97,98,30,LOW
76,69,62,21,MEDIUM
48,53,57,15,HIGH
78,80,83,27,LOW
94,87,92,26,LOW
57,56,59,17,HIGH
55,35,51,15,HIGH
90,87,82,24,LOW
95,93,97,29,LOW
80,67,68,23,MEDIUM
79,75,66,23,MEDIUM
91,88,93,28,LOW
86,84,93,28,LOW
85,73,78,22,MEDIUM
69,67,79,22,MEDIUM
83,87,90,24,LOW
94,88,98,28,LOW
98,94,83,28,LOW
91,83,89,24,LOW
77,74,66,21,MEDIUM
97,90,87,27,LOW
78,82,76,20,MEDIUM
56,50,42,17,HIGH
87,90,91,27,LOW
67,75,64,21,MEDIUM
69,71,81,22,MEDIUM
95,97,90,28,LOW
88,88,79,27,LOW
95,92,84,26,LOW
47,56,47,13,HIGH
88,79,93,29,LOW
64,61,63,20,MEDIUM
73,63,75,22,MEDIUM
70,72,73,22,MEDIUM
95,48,49,16,MEDIUM
93,98,91,29,LOW
76,73,77,23,MEDIUM
98,96,100,30,LOW
89,89,91,26,LOW
89,100,91,29,LOW
47,49,46,14,HIGH
53,61,49,18,HIGH
74,64,73,20,MEDIUM
97,50,56,15,MEDIUM
43,47,57,14,HIGH
81,70,80,23,MEDIUM
89,99,90,26,LOW
55,53,60,16,HIGH
54,94,89,27,MEDIUM
90,83,100,28,LOW
79,69,66,21,MEDIUM
87,99,100,27,LOW
76,69,70,20,MEDIUM
61,55,70,17,HIGH
48,43,45,14,HIGH
70,76,72,22,MEDIUM
75,72,71,23,MEDIUM
74,74,89,24,MEDIUM
91,100,96,27,LOW
90,96,97,27,LOW
41,35,32,12,HIGH
83,87,84,25,LOW
51,47,45,14,HIGH
53,59,58,17,HIGH
76,78,76,21,MEDIUM
69,72,69,20,MEDIUM
92,94,97,26,LOW
82,71,65,26,MEDIUM
73,71,75,22,MEDIUM
79,78,75,24,MEDIUM
87,78,84,26,LOW
80,66,74,22,MEDIUM
70,62,65,19,MEDIUM
82,69,73,18,MEDIUM
71,70,86,24,MEDIUM
80,73,72,23,MEDIUM
64,71,74,21,MEDIUM
96,100,98,27,LOW
60,54,54,15,HIGH
94,100,88,27,LOW
88,87,87,27,LOW
79,75,73,23,MEDIUM
98,84,95,29,LOW
51,50,53,16,HIGH
86,81,95,26,LOW
79,80,78,23,MEDIUM
90,89,99,27,LOW
95,89,87,27,LOW
61,59,70,18,MEDIUM
72,69,75,21,MEDIUM
46,43,47,15,HIGH
96,52,52,14,MEDIUM
94,51,53,16,MEDIUM
88,82,88,26,LOW
73,69,81,23,MEDIUM
86,93,89,27,LOW
80,73,71,22,MEDIUM
86,87,81,26,LOW
89,88,92,24,LOW
94,88,100,26,LOW
76,81,84,23,MEDIUM
71,73,59,21,MEDIUM
71,79,71,21,MEDIUM
78,72,66,19,MEDIUM
92,94,95,27,LOW
94,97,92,28,LOW
86,84,97,26,LOW
73,84,81,22,MEDIUM
85,89,85,26,LOW
70,73,64,21,MEDIUM
90,91,96,28,LOW
100,94,95,28,LOW
75,78,78,22,MEDIUM
40,47,52,16,HIGH
76,74,84,25,MEDIUM
94,80,96,27,LOW
91,86,92,27,LOW
83,85,92,26,LOW
93,100,92,28,LOW
93,51,45,14,HIGH
86,94,99,26,LOW
86,85,82,25,LOW
63,59,75,21,MEDIUM
100,99,90,28,LOW
100,98,98,29,LOW
61,90,86,28,MEDIUM
92,88,96,26,LOW
99,94,90,29,LOW
89,89,91,25,LOW
43,46,51,16,HIGH
77,80,81,22,MEDIUM
46,37,36,12,HIGH
71,74,67,22,MEDIUM
88,90,92,26,LOW
92,85,88,28,LOW
86,85,84,24,LOW
62,64,67,20,MEDIUM
67,76,65,19,MEDIUM
46,46,55,15,HIGH
73,69,69,21,MEDIUM
54,61,59,15,HIGH
80,64,67,20,MEDIUM
61,60,69,20,MEDIUM
55,47,53,16,HIGH
54,47,56,14,HIGH
75,70,70,22,MEDIUM
92,99,97,28,LOW
99,97,95,28,LOW
89,89,91,25,LOW
51,43,60,15,HIGH
73,80,68,23,MEDIUM
70,63,72,19,MEDIUM
89,95,89,24,LOW
53,51,55,14,HIGH
99,90,84,26,LOW
71,71,75,21,MEDIUM
78,70,68,20,MEDIUM
68,84,78,23,MEDIUM
66,68,61,20,MEDIUM
86,100,100,28,LOW
81,78,78,25,MEDIUM
77,60,70,20,MEDIUM
77,70,66,22,MEDIUM
78,73,76,24,MEDIUM
74,67,78,21,MEDIUM
48,48,58,15,HIGH
52,55,50,15,HIGH
72,66,76,24,MEDIUM
47,41,34,12,HIGH
99,98,89,29,LOW
60,88,93,26,MEDIUM
56,52,47,17,HIGH
62,74,61,20,MEDIUM
84,76,79,26,LOW
91,97,83,27,LOW
85,98,90,26,LOW
84,81,89,26,LOW
51,55,48,15,HIGH
89,92,94,28,LOW
92,89,91,30,LOW
97,96,97,29,LOW
92,90,84,27,LOW
83,76,89,24,MEDIUM
88,90,93,28,LOW
86,87,90,27,LOW
74,81,83,22,MEDIUM
100,100,100,30,LOW
97,49,54,14,MEDIUM
83,88,84,26,LOW
92,96,84,28,LOW
78,75,72,17,MEDIUM
75,73,65,23,MEDIUM
57,60,63,18,HIGH
80,67,67,18,MEDIUM
60,62,63,18,HIGH
74,76,86,21,MEDIUM
76,73,83,23,MEDIUM
43,45,56,16,HIGH
72,68,77,24,MEDIUM
74,76,74,23,MEDIUM
57,53,61,18,HIGH
88,92,94,26,LOW
80,73,73,18,MEDIUM
75,77,64,20,MEDIUM
78,76,91,23,MEDIUM
92,95,89,27,LOW
92,88,90,27,LOW
93,85,94,26,LOW
43,47,46,12,HIGH
72,68,65,21,MEDIUM
95,96,96,28,LOW
100,100,96,30,LOW
57,54,51,16,HIGH
54,39,48,14,HIGH
85,75,81,24,MEDIUM
79,82,82,27,LOW
60,57,56,16,HIGH
50,48,56,16,HIGH
97,53,51,14,MEDIUM
50,52,51,14,HIGH
76,66,68,21,MEDIUM
67,70,68,19,MEDIUM
90,89,89,28,LOW
83,89,96,29,LOW
60,57,68,19,MEDIUM
45,54,56,17,HIGH
90,90,92,25,LOW
55,59,59,20,HIGH
92,86,91,28,LOW
69,71,81,20,MEDIUM
73,75,74,24,MEDIUM
68,73,76,22,MEDIUM
79,83,82,24,MEDIUM
88,84,89,25,LOW
78,83,96,25,LOW
85,88,88,28,LOW
96,49,48,15,MEDIUM
70,79,72,22,MEDIUM
74,67,67,22,MEDIUM
90,82,92,25,LOW
81,87,73,23,MEDIUM
90,93,92,26,LOW
81,79,91,28,LOW
68,68,79,22,MEDIUM
94,100,91,29,LOW
99,100,95,29,LOW
52,50,42,14,HIGH
56,46,49,17,HIGH
98,91,92,28,LOW
87,85,100,28,LOW
94,84,98,27,LOW
81,69,68,18,MEDIUM
91,43,54,16,MEDIUM
71,69,69,25,MEDIUM
79,66,70,17,MEDIUM
82,80,86,27,LOW
78,66,68,23,MEDIUM
91,93,95,29,LOW
74,85,75,24,MEDIUM
91,89,98,28,LOW
95,86,98,25,LOW
79,80,91,25,LOW
89,94,94,27,LOW
82,86,83,27,LOW
99,92,99,28,LOW
75,79,78,24,MEDIUM
89,88,81,26,LOW
81,86,96,25,LOW
79,85,85,26,LOW
52,55,54,15,HIGH
74,66,72,21,MEDIUM
75,67,78,21,MEDIUM
91,87,100,28,LOW
70,65,69,21,MEDIUM
75,74,77,21,MEDIUM
79,77,85,21,MEDIUM
74,67,74,21,MEDIUM
91,74,92,27,LOW
86,94,88,27,LOW
54,59,56,15,HIGH
73,69,75,22,MEDIUM
40,47,44,13,HIGH
83,78,72,22,MEDIUM
79,75,79,25,MEDIUM
63,71,70,20,MEDIUM
76,75,80,24,MEDIUM
99,100,93,28,LOW
53,55,58,16,HIGH
73,78,76,21,MEDIUM
86,89,93,26,LOW
83,89,81,25,LOW
66,70,76,20,MEDIUM
87,96,85,28,LOW
98,88,97,28,LOW
89,94,92,27,LOW
47,51,49,15,HIGH
88,90,89,28,LOW
83,84,99,26,LOW
86,89,83,26,LOW
60,68,59,17,HIGH
78,76,74,22,MEDIUM
77,69,56,20,MEDIUM
63,68,70,21,MEDIUM
91,97,100,29,LOW
86,90,90,27,LOW
66,62,65,20,MEDIUM
44,44,46,13,HIGH
97,100,96,28,LOW
97,95,96,29,LOW
91,88,97,26,LOW
64,60,69,20,MEDIUM
63,59,68,18,MEDIUM
79,80,76,22,MEDIUM
61,56,69,20,MEDIUM
90,94,87,28,LOW
84,90,83,26,LOW
45,51,58,16,HIGH
90,86,86,26,LOW
45,49,49,16,HIGH
90,94,92,27,LOW
80,89,93,25,LOW
92,90,91,27,LOW
89,91,100,27,LOW
93,88,99,28,LOW
63,86,96,28,LOW
87,85,99,28,LOW
66,67,76,21,MEDIUM
96,95,89,29,LOW
46,42,44,14,HIGH
79,74,72,23,MEDIUM
77,62,67,19,MEDIUM
77,73,64,22,MEDIUM
85,88,90,27,LOW
72,69,63,21,MEDIUM
100,96,94,28,LOW
80,63,67,16,MEDIUM
59,54,51,15,HIGH
89,87,91,27,LOW
85,84,97,27,LOW
50,39,54,16,HIGH
76,76,87,23,MEDIUM
92,89,91,27,LOW
95,97,92,28,LOW
95,84,90,27,LOW
79,83,84,24,MEDIUM
76,73,82,23,MEDIUM
52,46,58,15,HIGH
96,91,97,28,LOW
79,65,75,19,MEDIUM
93,88,90,26,LOW
89,98,91,29,LOW
88,85,75,25,LOW
100,85,100,28,LOW
93,97,100,26,LOW
98,93,97,28,LOW
97,87,91,29,LOW
72,64,75,21,MEDIUM
77,71,77,24,MEDIUM
84,86,81,24,LOW
89,82,90,28,LOW
90,75,98,25,LOW
52,42,52,16,HIGH
68,62,63,20,MEDIUM
96,80,93,29,LOW
87,92,89,30,LOW
95,93,97,26,LOW
88,97,88,25,LOW
91,78,82,26,LOW
90,94,91,27,LOW
90,82,91,26,LOW
66,65,60,20,MEDIUM
79,70,66,20,MEDIUM
100,94,98,28,LOW
92,85,88,26,LOW
72,63,77,23,MEDIUM
89,78,88,28,LOW
97,90,87,28,LOW
48,49,42,12,HIGH
93,85,100,28,LOW
94,98,95,28,LOW
61,89,94,26,MEDIUM
69,79,76,21,MEDIUM
41,53,51,15,HIGH
87,90,87,26,LOW
81,78,89,24,MEDIUM
55,50,63,17,HIGH
82,70,65,23,MEDIUM
52,40,48,16,HIGH
95,96,100,28,LOW
52,56,57,15,HIGH
76,76,71,22,MEDIUM
96,93,93,25,LOW
40,35,39,11,HIGH
42,41,40,12,HIGH
99,99,94,29,LOW
50,36,43,15,HIGH
47,50,58,16,HIGH
92,81,100,28,LOW
58,89,92,30,LOW
86,93,83,26,LOW
94,86,86,26,LOW
87,86,88,28,LOW
86,82,90,26,LOW
95,91,92,26,LOW
95,97,84,27,LOW
93,91,90,26,LOW
99,95,95,30,LOW
48,49,48,13,HIGH
93,100,98,29,LOW
77,70,76,23,MEDIUM
76,75,75,21,MEDIUM
87,85,89,26,LOW
54,51,48,16,HIGH
68,70,70,23,MEDIUM
73,75,72,23,MEDIUM
92,98,92,27,LOW
92,86,100,28,LOW
92,92,83,29,LOW
94,95,94,26,LOW
91,99,81,26,LOW
87,76,95,25,LOW
93,92,89,27,LOW
55,66,54,16,HIGH
97,100,89,30,LOW
70,58,69,22,MEDIUM
67,70,69,21,MEDIUM
69,74,69,22,MEDIUM
75,61,75,20,MEDIUM
90,87,95,27,LOW
93,98,100,29,LOW
76,64,67,22,MEDIUM
74,79,79,22,MEDIUM
62,64,56,17,HIGH
71,75,72,21,MEDIUM
100,100,96,29,LOW
41,42,50,16,HIGH
75,75,81,22,MEDIUM
83,76,74,19,MEDIUM
80,89,90,24,LOW
78,75,67,20,MEDIUM
54,54,50,16,HIGH
85,78,90,28,LOW
48,47,48,15,HIGH
92,94,93,30,LOW
77,63,74,22,MEDIUM
72,75,77,24,MEDIUM
92,95,91,28,LOW
83,94,97,27,LOW
51,47,56,16,HIGH
89,89,91,27,LOW
81,77,66,19,MEDIUM
72,76,78,22,MEDIUM
75,69,69,21,MEDIUM
74,71,64,20,MEDIUM
59,62,56,15,HIGH
80,78,87,25,LOW
66,72,74,22,MEDIUM
68,67,82,21,MEDIUM
79,67,75,22,MEDIUM
62,65,67,21,MEDIUM
70,67,68,22,MEDIUM
91,97,96,30,LOW
40,42,45,12,HIGH
95,48,54,16,MEDIUM
80,77,69,23,MEDIUM
78,81,88,25,LOW
78,100,88,23,LOW
69,58,68,20,MEDIUM
68,64,73,19,MEDIUM
86,86,87,28,LOW
67,67,75,22,MEDIUM
81,72,78,23,MEDIUM
87,97,85,29,LOW
79,86,82,23,MEDIUM
74,77,71,24,MEDIUM
61,87,96,26,MEDIUM
84,85,88,26,LOW
92,88,96,26,LOW
100,81,92,29,LOW
74,69,73,22,MEDIUM
85,88,92,25,LOW
71,74,84,24,MEDIUM
98,96,96,27,LOW
70,69,69,22,MEDIUM
63,88,88,28,LOW
40,39,47,11,HIGH
70,73,72,22,MEDIUM
76,77,77,23,MEDIUM
96,47,49,13,HIGH
40,33,40,11,HIGH
73,83,79,23,MEDIUM
51,49,49,14,HIGH
89,100,96,27,LOW
70,74,75,23,MEDIUM
69,65,67,21,MEDIUM
83,83,81,25,LOW
76,72,82,22,MEDIUM
69,63,74,21,MEDIUM
95,86,89,28,LOW
89,94,95,27,LOW
68,67,68,21,MEDIUM
83,89,84,24,LOW
49,52,61,17,HIGH
69,63,72,19,MEDIUM
89,86,87,25,LOW
74,73,80,23,MEDIUM
84,73,66,18,MEDIUM
45,52,45,13,HIGH
64,72,64,21,MEDIUM
92,84,90,25,LOW
86,83,100,28,LOW
87,93,91,27,LOW
88,79,94,25,LOW
87,90,93,28,LOW
76,81,76,21,MEDIUM
78,66,65,24,MEDIUM
88,80,95,28,LOW
88,90,92,29,LOW
73,60,64,19,MEDIUM
69,65,78,18,MEDIUM
78,71,71,19,MEDIUM
64,71,73,22,MEDIUM
93,89,83,26,LOW
50,62,48,18,HIGH
73,72,66,23,MEDIUM
80,74,88,23,MEDIUM
100,100,100,30,LOW
79,70,79,22,MEDIUM
81,68,79,22,MEDIUM
88,82,95,29,LOW
86,89,87,26,LOW
95,83,89,26,LOW
81,73,70,22,MEDIUM
86,81,83,24,LOW
78,76,79,23,MEDIUM
76,64,67,19,MEDIUM
46,41,44,12,HIGH
95,92,100,28,LOW
69,73,63,21,MEDIUM
76,81,79,24,MEDIUM
89,99,97,28,LOW
55,57,43,16,HIGH
97,91,86,28,LOW
78,78,84,25,MEDIUM
52,55,47,14,HIGH
67,73,68,20,MEDIUM
48,53,58,17,HIGH
89,87,89,25,LOW
90,96,97,26,LOW
74,65,67,16,MEDIUM
89,87,94,29,LOW
78,57,67,21,MEDIUM
94,96,98,30,LOW
78,75,76,18,MEDIUM
81,81,88,24,LOW
87,72,73,22,MEDIUM
90,95,93,28,LOW
72,70,69,21,MEDIUM
96,97,93,29,LOW
70,76,66,21,MEDIUM
96,95,95,28,LOW
87,85,96,26,LOW
77,85,78,24,MEDIUM
77,74,76,22,MEDIUM
47,53,58,16,HIGH
44,36,39,13,HIGH
82,67,71,20,MEDIUM
99,93,98,29,LOW
73,62,69,19,MEDIUM
72,71,78,23,MEDIUM
96,90,94,30,LOW
80,84,81,23,MEDIUM
69,71,77,21,MEDIUM
42,40,48,13,HIGH
97,89,95,29,LOW
78,76,77,24,MEDIUM
88,89,90,27,LOW
92,94,84,27,LOW
80,81,87,25,LOW
75,65,75,26,MEDIUM
67,50,54,17,HIGH
95,95,96,24,LOW
90,86,97,28,LOW
64,58,67,20,MEDIUM
81,87,95,28,LOW
64,67,68,20,MEDIUM
77,80,78,21,MEDIUM
42,33,38,14,HIGH
79,64,73,22,MEDIUM
68,73,75,23,MEDIUM
63,68,68,20,MEDIUM
83,91,80,28,LOW
40,35,39,12,HIGH
91,89,91,27,LOW
55,40,47,15,HIGH
67,65,64,22,MEDIUM
93,87,97,27,LOW
79,74,70,19,MEDIUM
89,82,88,26,LOW
72,65,75,22,MEDIUM
69,71,67,21,MEDIUM
83,86,84,27,LOW
72,81,80,24,MEDIUM
90,93,92,29,LOW
73,65,71,21,MEDIUM
67,58,53,20,MEDIUM
96,99,97,26,LOW
79,88,77,23,MEDIUM
90,88,91,26,LOW
96,92,100,28,LOW
44,48,53,14,HIGH
45,50,53,16,HIGH
87,83,82,26,LOW
80,73,62,21,MEDIUM
49,48,46,12,HIGH
92,95,93,29,LOW
88,100,92,28,LOW
85,84,71,23,MEDIUM
85,82,91,26,LOW
86,82,80,25,LOW
98,90,95,27,LOW
93,88,96,27,LOW
54,44,41,12,HIGH
89,85,84,28,LOW
95,91,100,28,LOW
44,44,50,16,HIGH
71,81,81,21,MEDIUM
97,97,92,30,LOW
71,76,71,22,MEDIUM
82,84,81,24,MEDIUM
76,81,76,24,MEDIUM
49,44,46,11,HIGH
94,96,97,29,LOW
75,76,85,22,MEDIUM
84,86,85,26,LOW
87,96,86,26,LOW
74,68,79,19,MEDIUM
98,94,92,24,LOW
85,68,70,19,MEDIUM
60,59,56,18,HIGH
54,90,96,27,MEDIUM
92,93,82,27,LOW
84,84,77,26,LOW
95,85,93,26,LOW
99,99,94,29,LOW
97,87,95,29,LOW
83,86,87,25,LOW
90,87,87,27,LOW
82,70,92,26,LOW
57,56,55,16,HIGH
73,69,67,21,MEDIUM
100,96,100,30,LOW
70,76,63,22,MEDIUM
45,46,47,14,HIGH
87,93,100,29,LOW
71,75,75,21,MEDIUM
88,87,97,27,LOW
77,78,83,23,MEDIUM
100,100,100,28,LOW
93,100,94,27,LOW
95,96,82,27,LOW
46,49,47,14,HIGH
75,76,72,22,MEDIUM
80,91,87,25,LOW
67,69,72,23,MEDIUM
57,62,65,22,MEDIUM
58,64,65,17,HIGH
85,82,91,26,LOW
88,94,100,27,LOW
45,52,47,13,HIGH
57,50,43,14,HIGH
99,97,92,27,LOW
77,73,72,20,MEDIUM
41,40,47,14,HIGH
40,46,43,14,HIGH
76,66,70,21,MEDIUM
98,95,98,30,LOW
65,61,57,19,MEDIUM
71,76,73,24,MEDIUM
73,67,65,20,MEDIUM
76,81,75,24,MEDIUM
88,85,94,29,LOW
82,86,86,25,LOW
85,84,90,24,LOW
84,74,63,20,MEDIUM
82,75,69,19,MEDIUM
93,89,100,28,LOW
86,88,92,27,LOW
87,94,94,26,LOW
60,93,85,30,LOW
95,86,100,27,LOW
92,91,91,26,LOW
52,41,53,17,HIGH
75,64,75,22,MEDIUM
76,75,72,23,MEDIUM
82,88,83,28,LOW
59,66,62,17,HIGH
94,100,92,29,LOW
56,59,52,14,HIGH
68,68,67,22,MEDIUM
86,81,96,26,LOW
92,95,97,28,LOW
55,47,46,16,HIGH
64,73,68,18,MEDIUM
65,64,66,21,MEDIUM
100,84,89,29,LOW
94,86,100,28,LOW
77,67,71,23,MEDIUM
91,90,88,27,LOW
94,91,83,28,LOW
78,68,67,21,MEDIUM
45,41,59,13,HIGH
58,57,49,15,HIGH
63,75,71,21,MEDIUM
86,93,97,28,LOW
100,86,100,27,LOW
79,68,82,23,MEDIUM
92,86,87,27,LOW
85,72,67,24,MEDIUM
40,40,38,14,HIGH
88,83,68,23,MEDIUM
74,80,80,23,MEDIUM
83,68,84,24,MEDIUM
93,97,90,27,LOW
68,67,69,20,MEDIUM
91,85,91,28,LOW
87,84,94,24,LOW
92,93,97,27,LOW
85,77,80,29,LOW
97,92,96,28,LOW
74,76,74,20,MEDIUM
66,68,64,22,MEDIUM
78,78,80,22,MEDIUM
82,77,88,24,MEDIUM
64,66,69,20,MEDIUM
99,96,100,28,LOW
76,69,60,20,MEDIUM
90,82,98,28,LOW
74,72,68,19,MEDIUM
81,66,60,23,MEDIUM
84,70,72,21,MEDIUM
89,96,82,26,LOW
79,75,74,23,MEDIUM
86,77,83,21,MEDIUM
84,72,84,24,MEDIUM
97,91,97,29,LOW
93,45,54,16,MEDIUM
51,54,59,17,HIGH
68,68,79,22,MEDIUM
61,71,54,18,HIGH
78,84,83,27,LOW
80,79,72,22,MEDIUM
77,75,73,24,MEDIUM
83,86,89,27,LOW
71,71,74,21,MEDIUM
78,72,68,23,MEDIUM
64,68,58,19,MEDIUM
52,52,47,14,HIGH
87,83,93,29,LOW
96,93,99,30,LOW
88,99,95,28,LOW
87,85,79,26,LOW
93,98,93,29,LOW
82,80,77,22,MEDIUM
76,82,72,25,MEDIUM
47,51,42,16,HIGH
65,79,68,21,MEDIUM
85,84,98,27,LOW
90,87,98,28,LOW
67,69,63,19,MEDIUM
89,79,90,25,LOW
71,66,70,19,MEDIUM
71,70,69,19,MEDIUM
75,78,70,21,MEDIUM
51,56,58,15,HIGH
91,92,93,29,LOW
69,68,68,19,MEDIUM
92,95,86,28,LOW
93,87,92,26,LOW
47,47,56,15,HIGH
85,73,74,18,MEDIUM
74,73,82,22,MEDIUM
46,47,35,15,HIGH
46,49,42,16,HIGH
93,95,89,27,LOW
73,76,74,20,MEDIUM
85,69,77,24,MEDIUM
100,97,100,29,LOW
96,100,97,28,LOW
78,98,88,26,LOW
55,55,64,16,HIGH
45,51,50,14,HIGH
83,57,66,24,MEDIUM
78,77,97,26,LOW
84,65,71,19,MEDIUM
50,55,62,15,HIGH
54,59,60,17,HIGH
76,78,73,22,MEDIUM
79,74,80,24,MEDIUM
77,78,67,22,MEDIUM
80,79,79,24,MEDIUM
75,76,74,23,MEDIUM
61,62,62,20,MEDIUM
81,80,69,24,MEDIUM
63,62,72,20,MEDIUM
69,70,65,20,MEDIUM
94,100,97,30,LOW
78,87,82,23,MEDIUM
81,67,75,24,MEDIUM
70,67,68,21,MEDIUM
72,75,74,18,MEDIUM
59,49,57,15,HIGH
74,75,80,24,MEDIUM
100,97,100,30,LOW
67,73,74,21,MEDIUM
83,77,90,25,LOW
46,40,45,13,HIGH
93,100,99,28,LOW
56,47,54,15,HIGH
76,74,69,22,MEDIUM
89,85,91,26,LOW
84,81,80,22,MEDIUM
78,75,70,21,MEDIUM
94,88,85,27,LOW
53,54,53,16,HIGH
62,55,54,16,HIGH
91,90,86,27,LOW
93,94,100,29,LOW
76,84,89,23,MEDIUM
87,82,82,26,LOW
68,62,65,20,MEDIUM
87,89,92,28,LOW
82,87,96,27,LOW
66,66,65,20,MEDIUM
86,91,95,28,LOW
87,83,79,26,LOW
77,80,76,25,MEDIUM
78,92,80,29,LOW
78,68,67,21,MEDIUM
80,82,78,22,MEDIUM
92,94,97,27,LOW
41,51,55,15,HIGH
90,100,90,28,LOW
79,74,75,20,MEDIUM
80,62,67,20,MEDIUM
92,87,85,28,LOW
85,87,93,26,LOW
80,71,68,22,MEDIUM
85,89,88,26,LOW
77,70,70,24,MEDIUM
86,80,88,24,LOW
70,70,74,20,MEDIUM
44,42,46,15,HIGH
76,66,62,21,MEDIUM
58,90,88,26,MEDIUM
77,69,76,24,MEDIUM
64,67,76,20,MEDIUM
73,77,73,23,MEDIUM
83,83,85,25,LOW
83,77,78,23,MEDIUM
67,71,69,20,MEDIUM
79,88,81,23,MEDIUM
48,49,36,14,HIGH
77,80,76,22,MEDIUM
97,92,91,25,LOW
80,65,72,22,MEDIUM
95,97,91,28,LOW
93,87,86,28,LOW
54,52,57,16,HIGH
82,82,94,26,LOW
86,100,100,28,LOW
52,52,47,15,HIGH
94,87,90,26,LOW
48,48,47,13,HIGH
73,65,79,20,MEDIUM
82,91,96,26,LOW
68,72,80,23,MEDIUM
88,99,89,27,LOW
79,76,76,23,MEDIUM
70,72,73,22,MEDIUM
55,64,62,16,HIGH
47,51,61,17,HIGH
81,75,83,25,MEDIUM
73,75,68,21,MEDIUM
64,66,74,19,MEDIUM
96,98,93,27,LOW
74,83,86,23,MEDIUM
48,49,40,15,HIGH
88,87,88,26,LOW
93,96,98,26,LOW
69,77,67,23,MEDIUM
88,100,95,29,LOW
93,98,95,30,LOW
90,93,94,30,LOW
92,86,90,28,LOW
80,78,61,19,MEDIUM
81,66,69,19,MEDIUM
44,44,44,14,HIGH
87,92,98,26,LOW
70,78,79,23,MEDIUM
70,75,80,23,MEDIUM
87,85,91,28,LOW
88,84,92,27,LOW
90,82,85,25,LOW
44,57,54,13,HIGH
87,88,89,23,LOW
92,82,87,26,LOW
92,87,92,29,LOW
86,86,87,27,LOW
41,37,48,13,HIGH
88,86,94,27,LOW
75,75,70,20,MEDIUM
82,62,71,21,MEDIUM
61,77,74,20,MEDIUM
45,53,42,15,HIGH
93,92,98,27,LOW
100,93,89,28,LOW
79,62,65,17,MEDIUM
50,61,50,16,HIGH
50,53,56,16,HIGH
100,99,89,27,LOW
60,61,67,19,MEDIUM
57,59,62,16,HIGH
73,68,71,23,MEDIUM
86,84,92,28,LOW
95,93,100,29,LOW
91,91,98,27,LOW
89,87,87,26,LOW
62,54,52,16,HIGH
94,50,51,16,MEDIUM
97,93,93,30,LOW
48,50,63,17,HIGH
91,92,86,26,LOW
94,87,87,27,LOW
89,92,89,28,LOW
84,86,82,25,LOW
54,46,49,16,HIGH
76,63,70,19,MEDIUM
81,80,79,26,LOW
80,74,78,22,MEDIUM
84,77,85,29,LOW
61,65,72,19,MEDIUM
47,57,55,12,HIGH
90,93,92,25,LOW
94,93,85,28,LOW
80,86,86,24,LOW
72,76,77,23,MEDIUM
94,92,81,27,LOW
87,84,91,27,LOW
53,38,40,14,HIGH
52,51,50,16,HIGH
56,50,52,16,HIGH
66,67,71,21,MEDIUM
83,85,84,25,LOW
94,98,88,30,LOW
46,48,54,13,HIGH
50,46,49,13,HIGH
86,93,91,27,LOW
79,84,86,24,MEDIUM
59,53,53,16,HIGH
97,92,95,26,LOW
83,67,70,19,MEDIUM
56,44,57,17,HIGH
43,48,42,13,HIGH
91,94,96,27,LOW
97,51,43,16,MEDIUM
63,82,73,22,MEDIUM
51,51,51,18,HIGH
44,47,41,12,HIGH
51,42,52,15,HIGH
88,89,96,27,LOW
93,95,90,26,LOW
95,95,97,26,LOW
76,76,89,26,MEDIUM
78,64,71,21,MEDIUM
94,91,95,27,LOW
98,93,100,29,LOW
94,89,93,27,LOW
77,70,65,19,MEDIUM
87,83,92,25,LOW
66,60,71,21,MEDIUM
97,93,86,27,LOW
51,53,50,14,HIGH
84,83,78,24,MEDIUM
77,72,74,23,MEDIUM
44,50,49,12,HIGH
73,75,65,23,MEDIUM
61,77,79,21,MEDIUM
40,43,40,11,HIGH
90,100,97,28,LOW
85,89,95,25,LOW
96,98,98,29,LOW
51,46,48,13,HIGH
57,58,70,16,HIGH
86,78,83,25,LOW
92,87,84,24,LOW
91,99,93,29,LOW
89,79,92,27,LOW
94,100,93,30,LOW
95,91,100,26,LOW
65,72,66,20,MEDIUM
89,91,88,25,LOW
79,75,85,23,MEDIUM
61,53,69,18,HIGH
92,88,99,26,LOW
93,95,98,27,LOW
76,68,64,19,MEDIUM
74,74,72,18,MEDIUM
78,81,79,24,MEDIUM
96,43,50,14,HIGH
80,74,75,21,MEDIUM
90,86,94,29,LOW
54,59,54,15,HIGH
82,68,69,20,MEDIUM
95,51,51,15,MEDIUM
85,92,95,27,LOW
100,94,93,30,LOW
72,73,71,22,MEDIUM
69,71,75,22,MEDIUM
77,72,72,19,MEDIUM
67,68,67,22,MEDIUM
67,55,61,20,MEDIUM
90,91,94,27,LOW
95,93,86,29,LOW
40,44,54,12,HIGH
59,58,59,18,HIGH
60,68,74,20,MEDIUM
66,78,71,20,MEDIUM
68,66,69,20,MEDIUM
90,91,91,27,LOW
58,62,66,16,HIGH
74,74,68,16,MEDIUM
72,70,68,21,MEDIUM
40,39,37,10,HIGH
86,91,93,25,LOW
95,100,92,28,LOW
54,51,54,15,HIGH
85,86,74,25,LOW
68,70,73,21,MEDIUM
80,85,85,25,LOW
80,72,74,22,MEDIUM
46,38,55,12,HIGH
81,87,92,27,LOW
92,100,100,27,LOW
77,65,70,20,MEDIUM
65,68,68,19,MEDIUM
91,92,87,28,LOW
96,85,99,28,LOW
59,61,55,17,HIGH
88,86,100,30,LOW
82,66,73,23,MEDIUM
83,75,85,23,MEDIUM
84,86,86,27,LOW
97,91,98,29,LOW
67,54,63,18,HIGH
73,68,79,23,MEDIUM
70,58,61,21,MEDIUM
76,64,72,22,MEDIUM
53,49,51,17,HIGH
75,83,68,24,MEDIUM
79,68,77,13,MEDIUM
52,53,56,14,HIGH
89,86,99,25,LOW
55,54,53,15,HIGH
86,86,83,28,LOW
75,73,81,26,MEDIUM
91,94,95,26,LOW
52,62,50,15,HIGH
44,56,48,14,HIGH
62,69,67,21,MEDIUM
85,81,91,24,LOW
94,88,91,27,LOW
98,100,99,30,LOW
80,74,67,19,MEDIUM
76,85,81,25,MEDIUM
68,72,74,21,MEDIUM
77,66,72,21,MEDIUM
98,98,90,30,LOW
87,85,90,27,LOW
97,97,100,28,LOW
75,76,75,21,MEDIUM
90,91,100,29,LOW
94,91,92,28,LOW
72,78,72,21,MEDIUM
81,71,71,20,MEDIUM
66,62,73,20,MEDIUM
80,69,70,20,MEDIUM
52,62,63,16,HIGH
55,42,57,15,HIGH
66,65,61,19,MEDIUM
92,93,92,29,LOW
96,88,91,27,LOW
79,81,77,24,MEDIUM
76,80,72,22,MEDIUM
96,92,95,30,LOW
46,45,53,15,HIGH
95,97,87,28,LOW
72,76,82,21,MEDIUM
97,88,94,27,LOW
87,91,95,26,LOW
40,50,41,12,HIGH
56,45,53,16,HIGH
92,88,100,26,LOW
87,83,89,27,LOW
47,52,48,14,HIGH
81,68,68,21,MEDIUM
95,98,100,30,LOW
65,72,67,20,MEDIUM
65,71,68,22,MEDIUM
85,91,94,28,LOW
82,85,88,29,LOW
87,86,92,26,LOW
89,86,87,23,LOW
72,81,77,23,MEDIUM
57,53,61,18,HIGH
73,74,73,24,MEDIUM
85,84,94,25,LOW
90,89,95,28,LOW
78,86,92,28,LOW
80,76,72,23,MEDIUM
76,69,70,18,MEDIUM
72,73,77,22,MEDIUM
83,84,73,23,MEDIUM
95,100,95,30,LOW
47,40,48,14,HIGH
95,95,90,28,LOW
74,71,70,21,MEDIUM
92,84,96,28,LOW
73,65,68,20,MEDIUM
85,86,87,24,LOW
75,76,86,24,MEDIUM
75,68,72,23,MEDIUM
70,72,69,22,MEDIUM
69,76,75,23,MEDIUM
97,46,42,16,MEDIUM
81,93,82,27,LOW
79,73,70,26,MEDIUM
95,86,92,29,LOW
87,95,94,26,LOW
93,93,88,28,LOW
84,84,85,26,LOW
75,72,65,22,MEDIUM
91,93,97,29,LOW
71,72,72,18,MEDIUM
72,57,70,18,MEDIUM
75,69,72,22,MEDIUM
89,86,96,28,LOW
87,87,95,26,LOW
97,45,52,17,MEDIUM
69,74,74,21,MEDIUM
91,91,96,26,LOW
40,32,50,15,HIGH
91,97,94,28,LOW
69,75,79,21,MEDIUM
80,83,84,28,LOW
84,90,89,25,LOW
85,84,87,26,LOW
93,83,97,25,LOW
95,94,91,29,LOW
95,84,92,28,LOW
91,91,85,26,LOW
76,83,87,24,MEDIUM
81,84,88,24,LOW
84,95,100,28,LOW
40,48,48,11,HIGH
50,51,57,17,HIGH
93,92,88,26,LOW
83,91,82,26,LOW
81,65,73,25,MEDIUM
40,40,38,13,HIGH
74,80,80,23,MEDIUM
62,64,70,21,MEDIUM
58,47,43,13,HIGH
63,71,64,18,MEDIUM
75,68,61,24,MEDIUM
79,81,95,24,LOW
76,78,73,22,MEDIUM
73,69,64,20,MEDIUM
71,74,78,21,MEDIUM
50,48,60,13,HIGH
94,98,97,30,LOW
99,89,88,26,LOW
89,83,100,27,LOW
77,81,86,24,MEDIUM
76,73,73,20,MEDIUM
68,76,63,21,MEDIUM
71,73,73,20,MEDIUM
50,58,53,18,HIGH
89,96,97,28,LOW
87,89,86,29,LOW
99,100,95,27,LOW
95,99,98,28,LOW
86,88,89,29,LOW
70,83,84,22,MEDIUM
59,96,91,28,LOW
79,82,66,23,MEDIUM
86,83,80,26,LOW
78,76,70,17,MEDIUM
90,84,84,28,LOW
91,82,90,26,LOW
40,38,41,13,HIGH
87,85,85,27,LOW
82,88,86,23,LOW
48,55,49,15,HIGH
71,66,63,23,MEDIUM
52,51,53,16,HIGH
46,62,50,14,HIGH
95,97,92,27,LOW
53,54,59,17,HIGH
88,82,91,26,LOW
79,85,88,25,LOW
76,73,78,23,MEDIUM
96,100,97,28,LOW
69,71,72,23,MEDIUM
68,75,66,20,MEDIUM
90,94,94,27,LOW
81,74,72,25,MEDIUM
46,48,43,15,HIGH
88,85,97,26,LOW
50,49,50,14,HIGH
89,81,80,27,LOW
80,80,85,25,LOW
66,60,65,19,MEDIUM
73,78,80,23,MEDIUM
84,93,83,26,LOW
85,100,91,26,LOW
48,55,52,14,HIGH
95,95,94,27,LOW
58,48,49,14,HIGH
74,78,77,22,MEDIUM
97,45,45,15,MEDIUM
61,61,52,17,HIGH
52,54,59,14,HIGH
93,93,94,27,LOW
42,53,41,11,HIGH
81,87,83,24,LOW
61,50,42,15,HIGH
93,85,81,26,LOW
51,54,47,16,HIGH
92,92,86,25,LOW
99,97,100,28,LOW
83,82,99,26,LOW
63,92,85,27,MEDIUM
58,58,57,15,HIGH
43,45,36,13,HIGH
56,51,54,17,HIGH
93,95,93,30,LOW
60,71,73,19,MEDIUM
85,70,71,21,MEDIUM
93,97,87,30,LOW
76,65,72,20,MEDIUM
84,78,86,24,LOW
95,96,93,28,LOW
81,87,88,27,LOW
58,55,60,16,HIGH
86,91,75,26,LOW
88,87,85,25,LOW
66,67,73,20,MEDIUM
100,98,96,28,LOW
71,78,73,21,MEDIUM
93,91,83,28,LOW
48,49,52,15,HIGH
84,97,85,26,LOW
97,100,93,28,LOW
81,72,77,24,MEDIUM
40,37,29,14,HIGH
65,64,62,18,MEDIUM
75,74,77,23,MEDIUM
65,67,77,21,MEDIUM
64,70,72,19,MEDIUM
88,96,95,26,LOW
100,99,100,28,LOW
92,99,98,28,LOW
48,45,46,15,HIGH
73,72,68,19,MEDIUM
100,100,100,30,LOW
91,92,93,26,LOW
67,79,73,21,MEDIUM
57,45,52,16,HIGH
45,55,53,15,HIGH
55,55,60,16,HIGH
75,85,89,25,LOW
71,68,70,20,MEDIUM
50,44,37,14,HIGH
89,96,94,26,LOW
40,37,36,11,HIGH
91,90,89,25,LOW
59,86,94,28,MEDIUM
96,87,93,29,LOW
79,76,80,22,MEDIUM
75,79,85,23,MEDIUM
85,85,94,25,LOW
55,65,60,20,HIGH
73,71,73,22,MEDIUM
67,71,63,20,MEDIUM
82,82,87,24,LOW
82,78,78,23,MEDIUM
83,78,92,24,LOW
50,48,54,14,HIGH
91,91,91,27,LOW
86,68,70,18,MEDIUM
71,69,66,21,MEDIUM
85,79,85,24,LOW
65,67,78,20,MEDIUM
79,92,93,28,LOW
75,79,79,22,MEDIUM
68,73,78,21,MEDIUM
99,94,94,27,LOW
78,82,72,24,MEDIUM
69,73,69,22,MEDIUM
87,100,91,29,LOW
76,71,79,21,MEDIUM
89,84,95,28,LOW
88,83,96,26,LOW
85,92,91,26,LOW
74,78,76,23,MEDIUM
78,79,68,23,MEDIUM
81,70,69,19,MEDIUM
92,85,86,24,LOW
61,60,62,18,HIGH
100,82,96,27,LOW
64,78,65,20,MEDIUM
53,51,44,15,HIGH
83,93,90,27,LOW
44,58,50,13,HIGH
92,92,88,27,LOW
69,68,66,19,MEDIUM
74,72,70,21,MEDIUM
53,56,48,16,HIGH
42,43,43,13,HIGH
83,82,77,25,MEDIUM
84,89,93,29,LOW
92,87,83,26,LOW
88,92,84,24,LOW
91,84,95,26,LOW
78,71,76,21,MEDIUM
72,76,70,23,MEDIUM
71,81,84,24,MEDIUM
78,81,76,23,MEDIUM
80,69,67,22,MEDIUM
83,100,77,24,LOW
52,55,61,18,HIGH
85,86,80,26,LOW
77,75,69,23,MEDIUM
86,93,93,28,LOW
85,80,81,25,LOW
86,89,88,28,LOW
83,73,81,24,MEDIUM
94,49,51,13,HIGH
82,68,75,18,MEDIUM
72,76,67,21,MEDIUM
83,97,93,26,LOW
40,24,36,10,HIGH
61,63,64,19,MEDIUM
83,95,85,27,LOW
84,81,87,27,LOW
75,74,77,21,MEDIUM
96,93,100,27,LOW
73,66,74,22,MEDIUM
61,75,90,23,MEDIUM
51,41,60,18,HIGH
89,89,91,27,LOW
74,62,58,20,MEDIUM
89,77,88,26,LOW
57,48,53,15,HIGH
50,50,52,15,HIGH
72,72,72,20,MEDIUM
95,91,87,29,LOW
81,70,81,24,MEDIUM
64,75,75,21,MEDIUM
75,79,77,22,MEDIUM
68,73,72,21,MEDIUM
54,57,54,16,HIGH
91,90,80,26,LOW
69,73,79,23,MEDIUM
93,87,86,28,LOW
97,89,91,25,LOW
97,96,91,28,LOW
95,91,82,26,LOW
57,52,46,16,HIGH
69,63,51,21,MEDIUM
49,48,51,17,HIGH
53,54,65,15,HIGH
75,74,69,21,MEDIUM
84,100,78,24,LOW
83,68,72,22,MEDIUM
88,82,87,27,LOW
82,74,82,24,MEDIUM
94,85,85,29,LOW
81,97,89,28,LOW
72,75,72,24,MEDIUM
69,61,65,21,MEDIUM
90,91,92,27,LOW
48,56,54,14,HIGH
85,93,93,26,LOW
45,60,53,15,HIGH
91,95,92,28,LOW
86,79,87,26,LOW
68,71,70,22,MEDIUM
78,75,72,25,MEDIUM
79,72,73,21,MEDIUM
64,61,70,21,MEDIUM
84,82,85,27,LOW
55,59,50,16,HIGH
90,94,89,27,LOW
90,96,94,29,LOW
90,94,85,26,LOW
98,94,94,30,LOW
72,78,76,22,MEDIUM
89,86,84,27,LOW
42,53,39,13,HIGH
88,86,84,27,LOW
90,98,98,27,LOW
78,63,70,23,MEDIUM
75,85,80,25,MEDIUM
74,77,79,22,MEDIUM
74,69,80,23,MEDIUM
56,58,53,17,HIGH
63,64,64,20,MEDIUM
94,91,93,26,LOW
93,91,86,26,LOW
50,59,59,15,HIGH
83,74,69,24,MEDIUM
57,54,57,17,HIGH
90,86,87,25,LOW
78,82,81,24,MEDIUM
81,71,73,18,MEDIUM
96,91,87,27,LOW
80,74,71,19,MEDIUM
50,55,58,14,HIGH
93,89,100,28,LOW
91,100,90,28,LOW
44,41,42,13,HIGH
84,81,85,23,MEDIUM
81,70,67,22,MEDIUM
97,87,95,29,LOW
71,69,67,21,MEDIUM
71,63,74,22,MEDIUM
84,87,80,25,LOW
78,69,67,21,MEDIUM
92,90,90,27,LOW
96,94,99,28,LOW
95,96,95,28,LOW
91,95,88,25,LOW
77,76,79,21,MEDIUM
52,53,43,18,HIGH
74,84,83,25,MEDIUM
78,69,82,23,MEDIUM
69,75,80,23,MEDIUM
85,78,78,28,LOW
89,95,87,26,LOW
59,47,51,18,HIGH
87,97,100,28,LOW
94,87,87,28,LOW
44,53,54,15,HIGH
40,37,40,10,HIGH
81,87,72,25,MEDIUM
97,90,98,28,LOW
43,55,42,16,HIGH
94,95,84,28,LOW
52,52,59,17,HIGH
80,66,77,20,MEDIUM
63,60,57,17,HIGH
92,95,90,28,LOW
46,52,38,14,HIGH
84,82,87,27,LOW
85,84,91,26,LOW
71,80,72,21,MEDIUM
85,92,92,25,LOW
78,70,74,22,MEDIUM
77,70,65,18,MEDIUM
81,77,83,23,MEDIUM
82,91,83,26,LOW
85,83,94,29,LOW
71,65,72,22,MEDIUM
70,71,70,19,MEDIUM
75,82,74,24,MEDIUM
52,46,47,15,HIGH
79,80,74,24,MEDIUM
83,68,71,19,MEDIUM
71,75,76,20,MEDIUM
91,91,90,27,LOW
81,78,81,23,MEDIUM
94,48,46,15,MEDIUM
81,79,75,19,MEDIUM
70,77,79,22,MEDIUM
89,90,93,27,LOW
45,45,44,13,HIGH
81,78,84,23,MEDIUM
70,70,68,23,MEDIUM
87,89,92,25,LOW
79,76,78,25,MEDIUM
86,85,76,26,LOW
97,99,93,29,LOW
78,69,67,20,MEDIUM
67,69,74,23,MEDIUM
65,91,87,26,MEDIUM
93,100,99,27,LOW
41,46,40,14,HIGH
67,73,74,21,MEDIUM
87,88,87,25,LOW
60,49,52,15,HIGH
66,74,66,21,MEDIUM
45,34,33,10,HIGH
64,64,72,20,MEDIUM
90,96,93,27,LOW
69,69,70,21,MEDIUM
71,73,67,20,MEDIUM
91,90,100,29,LOW
55,65,58,17,HIGH
100,100,100,28,LOW
96,91,93,27,LOW
87,87,85,26,LOW
78,73,96,24,MEDIUM
81,64,71,21,MEDIUM
94,48,48,15,MEDIUM
68,82,71,23,MEDIUM
63,73,73,22,MEDIUM
88,94,88,26,LOW
77,73,65,24,MEDIUM
51,55,57,17,HIGH
91,83,85,27,LOW
77,73,77,22,MEDIUM
86,88,89,25,LOW
77,69,71,22,MEDIUM
89,79,87,24,LOW
67,68,71,19,MEDIUM
40,41,55,12,HIGH
94,89,97,29,LOW
86,90,95,27,LOW
49,51,45,13,HIGH
91,93,94,28,LOW
85,80,88,24,LOW
92,88,84,26,LOW
75,69,79,22,MEDIUM
86,84,93,26,LOW
100,89,93,29,LOW
68,75,74,21,MEDIUM
87,92,92,27,LOW
76,67,61,23,MEDIUM
90,91,91,27,LOW
77,72,76,23,MEDIUM
100,87,93,26,LOW
74,65,72,20,MEDIUM
78,74,72,21,MEDIUM
97,96,93,29,LOW
74,74,58,19,MEDIUM
65,61,52,19,HIGH
92,86,92,25,LOW
89,85,78,23,LOW
88,83,94,29,LOW
93,90,89,28,LOW
69,66,67,22,MEDIUM
98,100,95,27,LOW
79,71,68,20,MEDIUM
76,76,78,23,MEDIUM
66,68,72,21,MEDIUM
89,89,90,28,LOW
92,96,94,27,LOW
61,91,90,25,MEDIUM
40,39,41,12,HIGH
90,90,96,26,LOW
64,69,73,22,MEDIUM
80,75,83,21,MEDIUM
88,83,100,26,LOW
87,90,85,24,LOW
86,92,87,28,LOW
93,100,91,28,LOW
89,80,91,27,LOW
79,73,71,23,MEDIUM
91,81,82,26,LOW
90,95,93,27,LOW
64,50,53,16,HIGH
81,95,90,27,LOW
80,74,66,19,MEDIUM
76,78,73,23,MEDIUM
76,72,76,24,MEDIUM
57,52,55,14,HIGH
52,49,50,13,HIGH
90,85,99,27,LOW
75,79,80,24,MEDIUM
72,68,69,22,MEDIUM
57,56,68,18,HIGH
51,44,53,14,HIGH
82,60,63,22,MEDIUM
58,55,64,18,HIGH
76,79,80,23,MEDIUM
70,69,68,20,MEDIUM
76,78,77,23,MEDIUM
97,95,87,28,LOW
87,91,89,24,LOW
94,49,46,14,HIGH
48,41,59,15,HIGH
47,59,44,17,HIGH
85,81,75,25,MEDIUM
96,86,91,26,LOW
89,86,98,30,LOW
86,93,84,28,LOW
76,76,73,22,MEDIUM
87,85,85,26,LOW
81,69,67,21,MEDIUM
60,69,60,19,MEDIUM
49,58,52,17,HIGH
76,74,75,22,MEDIUM
67,74,73,21,MEDIUM
81,87,87,23,LOW
79,73,73,24,MEDIUM
97,87,92,29,LOW
70,69,68,22,MEDIUM
82,86,83,23,MEDIUM
75,74,78,22,MEDIUM
71,69,73,19,MEDIUM
78,65,74,22,MEDIUM
70,67,73,20,MEDIUM
84,89,92,28,LOW
77,76,75,23,MEDIUM
97,93,95,29,LOW
68,69,77,21,MEDIUM
61,69,65,19,MEDIUM
73,73,74,23,MEDIUM
67,69,71,20,MEDIUM
44,52,57,14,HIGH
84,85,92,28,LOW
94,88,100,28,LOW
78,64,73,21,MEDIUM
56,56,55,14,HIGH
65,71,68,19,MEDIUM
45,49,42,12,HIGH
90,87,94,25,LOW
47,45,49,15,HIGH
54,54,60,14,HIGH
91,85,87,28,LOW
96,100,100,28,LOW
71,71,71,20,MEDIUM
85,90,95,25,LOW
53,52,45,12,HIGH
78,68,64,19,MEDIUM
91,98,100,27,LOW
85,86,77,25,LOW
52,44,55,16,HIGH
81,86,84,26,LOW
90,87,83,28,LOW
58,76,63,17,MEDIUM
63,92,98,26,LOW
94,92,98,27,LOW
88,88,87,27,LOW
93,81,94,25,LOW
93,100,96,28,LOW
61,88,92,28,LOW
85,89,87,25,LOW
65,68,68,22,MEDIUM
53,94,84,28,MEDIUM
87,86,92,26,LOW
54,50,60,17,HIGH
85,94,95,27,LOW
80,85,81,24,MEDIUM
80,82,82,24,MEDIUM
94,95,98,30,LOW
65,61,54,18,HIGH
79,81,87,26,LOW
74,80,74,21,MEDIUM
73,73,80,20,MEDIUM
47,57,60,14,HIGH
40,38,32,12,HIGH
81,79,84,24,MEDIUM
91,100,98,28,LOW
81,69,72,17,MEDIUM
40,48,49,13,HIGH
84,84,89,25,LOW
59,60,63,18,HIGH
82,80,85,24,MEDIUM
79,79,80,21,MEDIUM
80,64,64,22,MEDIUM
85,77,85,26,LOW
67,71,78,21,MEDIUM
81,66,70,19,MEDIUM
54,85,91,27,MEDIUM
88,87,99,27,LOW
42,60,44,15,HIGH
77,62,68,20,MEDIUM
92,88,94,30,LOW
71,66,80,21,MEDIUM
89,93,91,28,LOW
76,71,69,20,MEDIUM
41,48,41,12,HIGH
85,84,88,25,LOW
54,61,63,18,HIGH
79,80,74,24,MEDIUM
83,88,93,26,LOW
86,97,92,27,LOW
82,71,64,23,MEDIUM
74,73,70,18,MEDIUM
61,49,52,15,HIGH
85,82,87,25,LOW
40,39,50,14,HIGH
57,93,84,28,MEDIUM
69,72,67,22,MEDIUM
87,89,88,25,LOW
80,69,69,19,MEDIUM
47,41,51,12,HIGH
49,51,48,17,HIGH
80,88,83,25,LOW
75,69,69,21,MEDIUM
76,75,66,22,MEDIUM
80,73,78,18,MEDIUM
89,93,90,28,LOW
72,76,82,23,MEDIUM
89,93,91,27,LOW
90,85,92,26,LOW
91,90,89,25,LOW
79,81,80,25,MEDIUM
62,64,68,20,MEDIUM
68,73,62,19,MEDIUM
79,71,66,21,MEDIUM
69,60,69,20,MEDIUM
89,87,92,25,LOW
93,93,91,28,LOW
90,97,92,26,LOW
75,74,70,22,MEDIUM
71,84,72,23,MEDIUM
70,71,75,20,MEDIUM
59,54,54,17,HIGH
87,81,86,26,LOW
76,73,79,21,MEDIUM
80,83,83,25,LOW
48,52,51,13,HIGH
68,70,78,22,MEDIUM
52,53,59,17,HIGH
94,87,92,27,LOW
76,75,75,23,MEDIUM
41,44,37,13,HIGH
95,92,94,27,LOW
92,94,93,26,LOW
86,83,85,26,LOW
88,90,89,26,LOW
80,73,79,24,MEDIUM
76,65,71,20,MEDIUM
46,56,54,13,HIGH
46,61,61,18,HIGH
69,63,56,18,MEDIUM
92,94,90,29,LOW
74,75,68,22,MEDIUM
61,51,69,17,HIGH
86,95,89,26,LOW
87,99,80,28,LOW
42,47,44,15,HIGH
77,84,73,23,MEDIUM
88,92,95,30,LOW
75,70,76,24,MEDIUM
73,75,81,23,MEDIUM
74,69,68,21,MEDIUM
73,64,69,21,MEDIUM
81,81,75,23,MEDIUM
84,96,78,25,LOW
75,71,76,22,MEDIUM
91,74,89,27,LOW
85,74,73,19,MEDIUM
69,74,67,20,MEDIUM
90,91,93,29,LOW
76,81,83,24,MEDIUM
80,78,95,26,LOW
44,44,52,15,HIGH
95,90,100,30,LOW
85,88,86,26,LOW
76,55,71,22,MEDIUM
58,59,69,19,MEDIUM
75,79,76,21,MEDIUM
88,89,86,28,LOW
90,86,91,25,LOW
98,96,96,30,LOW
98,87,100,29,LOW
73,79,73,23,MEDIUM
71,76,67,19,MEDIUM
77,82,76,25,MEDIUM
88,90,88,25,LOW
81,90,93,24,LOW
88,79,86,26,LOW
87,85,82,24,LOW
85,84,90,27,LOW
100,87,99,26,LOW
78,66,75,20,MEDIUM
59,57,60,15,HIGH
49,47,56,15,HIGH
74,82,82,23,MEDIUM
78,65,68,17,MEDIUM
100,50,46,13,MEDIUM
98,100,99,29,LOW
94,91,97,27,LOW
71,87,82,22,MEDIUM
68,73,81,22,MEDIUM
97,52,52,16,MEDIUM
84,86,84,24,LOW
77,63,70,17,MEDIUM
88,88,80,26,LOW
71,80,66,19,MEDIUM
73,65,64,20,MEDIUM
55,88,86,27,MEDIUM
98,91,89,28,LOW
94,94,85,27,LOW
92,98,91,25,LOW
86,94,96,28,LOW
74,77,76,21,MEDIUM
91,88,86,25,LOW
80,85,81,24,MEDIUM
50,63,56,19,HIGH
73,75,66,22,MEDIUM
65,58,76,19,MEDIUM
85,93,90,27,LOW
78,78,83,22,MEDIUM
65,71,78,20,MEDIUM
95,100,96,28,LOW
90,86,96,28,LOW
88,84,89,25,LOW
91,87,86,27,LOW
87,84,76,26,LOW
82,84,82,25,LOW
63,62,58,17,HIGH
74,70,72,22,MEDIUM
87,89,87,26,LOW
99,93,99,30,LOW
100,83,94,25,LOW
83,73,69,22,MEDIUM
87,86,95,26,LOW
83,86,99,27,LOW
69,77,77,21,MEDIUM
96,51,48,15,MEDIUM
45,52,45,15,HIGH
100,99,95,28,LOW
87,75,86,27,LOW
87,90,94,27,LOW
87,90,79,26,LOW
66,79,75,20,MEDIUM
100,100,94,30,LOW
96,98,100,28,LOW
94,83,90,26,LOW
97,87,91,28,LOW
45,44,45,17,HIGH
88,80,85,24,LOW
78,71,74,25,MEDIUM
91,86,87,26,LOW
95,91,91,27,LOW
93,93,88,28,LOW
97,89,95,28,LOW
40,40,42,12,HIGH
64,69,72,20,MEDIUM
99,95,99,30,LOW
54,50,55,15,HIGH
77,63,67,23,MEDIUM
99,89,92,26,LOW
73,85,77,24,MEDIUM
94,88,86,28,LOW
49,45,51,13,HIGH
94,97,89,26,LOW
90,93,92,26,LOW
90,83,91,26,LOW
53,54,59,16,HIGH
40,54,44,14,HIGH
100,94,87,26,LOW
77,73,70,22,MEDIUM
99,92,98,28,LOW
59,62,64,17,HIGH
79,66,61,22,MEDIUM
49,47,53,15,HIGH
77,77,85,22,MEDIUM
42,44,37,15,HIGH
52,47,47,14,HIGH
96,92,100,27,LOW
82,74,76,21,MEDIUM
50,51,49,16,HIGH
65,68,61,18,MEDIUM
84,79,80,25,LOW
79,92,89,24,LOW
64,78,59,20,MEDIUM
44,48,44,13,HIGH
83,87,86,26,LOW
54,53,49,14,HIGH
86,87,84,26,LOW
93,89,96,25,LOW
90,100,89,27,LOW
93,96,99,29,LOW
71,69,74,21,MEDIUM
74,74,79,22,MEDIUM
84,82,93,25,LOW
79,72,67,21,MEDIUM
78,66,74,22,MEDIUM
61,63,73,19,MEDIUM
71,75,77,23,MEDIUM
94,89,91,28,LOW
87,90,89,26,LOW
42,41,48,15,HIGH
77,72,64,18,MEDIUM
64,64,72,20,MEDIUM
77,68,71,19,MEDIUM
85,85,84,24,LOW
56,55,56,18,HIGH
75,75,65,21,MEDIUM
89,94,90,27,LOW
58,58,54,16,HIGH
84,88,91,25,LOW
94,85,100,27,LOW
85,85,89,27,LOW
78,65,66,23,MEDIUM
74,79,74,22,MEDIUM
57,59,46,15,HIGH
73,71,69,22,MEDIUM
73,65,63,22,MEDIUM
75,84,84,25,MEDIUM
94,90,87,28,LOW
74,76,69,20,MEDIUM
69,67,69,20,MEDIUM
76,73,68,23,MEDIUM
98,91,90,27,LOW
73,62,70,21,MEDIUM
76,80,82,23,MEDIUM
73,77,69,23,MEDIUM
61,61,54,16,HIGH
81,86,98,27,LOW
79,95,86,26,LOW
87,85,85,23,LOW
85,76,86,23,MEDIUM
70,71,70,22,MEDIUM
75,77,79,24,MEDIUM
77,73,70,18,MEDIUM
74,74,70,21,MEDIUM
40,36,41,13,HIGH
55,44,48,16,HIGH
80,86,95,25,LOW
75,78,82,25,MEDIUM
94,92,100,27,LOW
86,82,76,23,MEDIUM
95,83,91,27,LOW
77,65,70,19,MEDIUM
88,86,86,25,LOW
46,42,56,15,HIGH
88,80,90,25,LOW
69,72,66,22,MEDIUM
67,65,70,23,MEDIUM
44,34,40,12,HIGH
48,46,39,15,HIGH
89,98,96,27,LOW
99,88,91,28,LOW
51,57,50,14,HIGH
59,47,56,18,HIGH
98,93,84,30,LOW
87,83,83,27,LOW
76,65,76,23,MEDIUM
73,74,83,24,MEDIUM
47,52,58,16,HIGH
71,80,78,22,MEDIUM
92,95,82,29,LOW
84,85,94,26,LOW
89,89,93,26,LOW
78,81,74,23,MEDIUM
89,87,88,27,LOW
51,35,39,13,HIGH
94,92,89,26,LOW
49,61,53,18,HIGH
73,72,74,23,MEDIUM
95,85,93,28,LOW
64,73,69,21,MEDIUM
59,62,57,19,HIGH
69,64,68,20,MEDIUM
75,82,78,21,MEDIUM
97,95,98,27,LOW
78,65,78,22,MEDIUM
91,100,89,28,LOW
94,86,92,27,LOW
84,81,80,24,MEDIUM
76,80,84,24,MEDIUM
75,69,89,23,MEDIUM
91,74,84,23,MEDIUM
81,69,69,22,MEDIUM
79,68,80,22,MEDIUM
66,69,65,18,MEDIUM
51,60,60,16,HIGH
81,73,76,21,MEDIUM
44,48,51,14,HIGH
83,88,74,27,LOW
80,85,87,27,LOW
88,96,91,27,LOW
77,77,80,22,MEDIUM
82,92,82,27,LOW
83,80,83,26,LOW
74,63,78,22,MEDIUM
97,86,98,28,LOW
85,94,89,26,LOW
87,81,92,27,LOW
61,70,69,20,MEDIUM
80,69,74,18,MEDIUM
99,100,89,29,LOW
49,46,41,14,HIGH
72,68,74,22,MEDIUM
70,69,71,21,MEDIUM
88,91,99,27,LOW
95,88,99,28,LOW
50,51,45,13,HIGH
57,64,50,17,HIGH
53,56,50,16,HIGH
96,92,99,28,LOW
91,83,87,28,LOW
80,83,88,25,LOW
89,84,81,27,LOW
70,69,68,20,MEDIUM
91,93,97,28,LOW
89,96,91,27,LOW
88,100,89,27,LOW
82,82,82,25,LOW
72,75,80,24,MEDIUM
90,88,99,29,LOW
73,75,81,23,MEDIUM
70,75,65,23,MEDIUM
80,65,69,20,MEDIUM
93,86,91,28,LOW
94,87,83,26,LOW
48,55,57,15,HIGH
43,53,49,13,HIGH
59,58,55,18,HIGH
43,53,45,15,HIGH
94,100,96,30,LOW
72,63,75,20,MEDIUM
91,92,92,29,LOW
73,70,69,20,MEDIUM
77,81,83,24,MEDIUM
94,81,84,27,LOW
54,54,53,14,HIGH
94,94,96,28,LOW
82,68,76,21,MEDIUM
82,80,84,25,LOW
77,63,72,22,MEDIUM
97,96,97,27,LOW
71,75,85,22,MEDIUM
88,89,83,28,LOW
72,73,73,21,MEDIUM
92,91,88,27,LOW
68,66,68,20,MEDIUM
57,49,48,17,HIGH
95,84,99,27,LOW
69,65,73,21,MEDIUM
40,47,44,13,HIGH
71,74,77,22,MEDIUM
85,78,84,23,MEDIUM
49,53,51,16,HIGH
53,57,54,17,HIGH
85,88,91,26,LOW
59,62,71,20,MEDIUM
85,75,78,23,MEDIUM
57,52,55,17,HIGH
90,87,93,27,LOW
80,82,90,26,LOW
80,83,78,24,MEDIUM
88,95,100,25,LOW
61,68,61,20,MEDIUM
93,100,100,28,LOW
98,95,100,30,LOW
56,69,71,17,HIGH
77,78,70,23,MEDIUM
93,91,90,25,LOW
78,68,74,16,MEDIUM
64,55,74,20,MEDIUM
72,62,68,22,MEDIUM
94,91,96,28,LOW
91,96,83,26,LOW
100,98,93,28,LOW
58,53,56,16,HIGH
67,71,78,20,MEDIUM
76,79,64,20,MEDIUM
76,88,65,21,MEDIUM
87,97,96,26,LOW
94,79,87,28,LOW
93,86,89,28,LOW
83,89,88,25,LOW
63,79,73,21,MEDIUM
40,44,37,12,HIGH
81,86,87,26,LOW
71,69,73,20,MEDIUM
89,89,88,28,LOW
83,100,93,27,LOW
87,85,95,28,LOW
70,79,71,19,MEDIUM
58,91,94,26,MEDIUM
74,84,79,22,MEDIUM
62,55,48,15,HIGH
86,91,88,26,LOW
65,63,69,19,MEDIUM
88,98,89,27,LOW
75,80,76,23,MEDIUM
77,73,75,22,MEDIUM
74,59,71,20,MEDIUM
54,58,49,16,HIGH
93,87,93,26,LOW
74,75,71,22,MEDIUM
53,55,56,16,HIGH
50,58,47,17,HIGH
77,67,65,18,MEDIUM
42,50,39,13,HIGH
68,64,79,21,MEDIUM
76,80,86,22,MEDIUM
74,79,78,25,MEDIUM
89,74,82,28,LOW
99,94,89,28,LOW
78,76,71,23,MEDIUM
90,84,91,26,LOW
100,95,100,29,LOW
87,89,93,27,LOW
88,97,91,28,LOW
75,75,76,24,MEDIUM
80,68,71,20,MEDIUM
66,57,59,19,MEDIUM
97,97,84,25,LOW
86,87,83,25,LOW
44,42,44,14,HIGH
69,67,75,21,MEDIUM
73,65,67,20,MEDIUM
82,70,69,25,MEDIUM
73,71,76,22,MEDIUM
75,69,65,20,MEDIUM
88,90,92,26,LOW
74,70,79,22,MEDIUM
92,98,89,29,LOW
50,46,54,17,HIGH
95,87,86,27,LOW
91,90,100,27,LOW
65,68,72,23,MEDIUM
93,91,96,30,LOW
83,77,83,23,MEDIUM
82,87,78,25,LOW
61,62,72,19,MEDIUM
51,61,44,15,HIGH
79,66,70,24,MEDIUM
69,62,71,20,MEDIUM
82,82,90,25,LOW
84,83,79,27,LOW
82,78,92,27,LOW
78,82,82,22,MEDIUM
70,68,67,23,MEDIUM
82,87,90,25,LOW
93,97,96,27,LOW
92,97,96,25,LOW
82,69,69,20,MEDIUM
73,73,65,23,MEDIUM
100,94,91,27,LOW
90,93,92,28,LOW
97,83,91,26,LOW
83,67,56,19,MEDIUM
96,100,89,28,LOW
66,65,70,21,MEDIUM
90,100,87,26,LOW
51,52,52,15,HIGH
93,90,96,28,LOW
84,83,78,23,MEDIUM
80,77,68,23,MEDIUM
92,78,91,26,LOW
58,93,92,27,MEDIUM
100,98,92,27,LOW
52,50,52,18,HIGH
77,72,81,23,MEDIUM
82,77,84,23,MEDIUM
45,44,41,13,HIGH
75,73,70,21,MEDIUM
99,92,99,30,LOW
69,61,69,22,MEDIUM
49,56,42,14,HIGH
78,68,79,22,MEDIUM
87,85,88,26,LOW
69,62,71,24,MEDIUM
80,70,73,22,MEDIUM
88,94,92,27,LOW
52,51,54,16,HIGH
83,90,83,26,LOW
86,72,83,25,MEDIUM
76,70,74,23,MEDIUM
89,100,90,29,LOW
75,74,79,24,MEDIUM
95,89,85,28,LOW
79,89,85,28,LOW
88,89,84,27,LOW
84,80,92,26,LOW
87,79,85,25,LOW
69,82,71,21,MEDIUM
43,45,44,14,HIGH
90,82,89,29,LOW
59,67,67,18,MEDIUM
75,69,66,18,MEDIUM
54,59,57,17,HIGH
89,98,94,27,LOW
95,93,99,29,LOW
94,90,88,28,LOW
55,72,60,19,HIGH
86,87,85,27,LOW
82,74,77,22,MEDIUM
79,83,86,24,MEDIUM
76,71,75,23,MEDIUM
71,69,70,23,MEDIUM
80,64,67,21,MEDIUM
84,85,82,25,LOW
89,92,84,25,LOW
64,55,64,19,MEDIUM
50,51,54,15,HIGH
78,74,74,24,MEDIUM
79,80,80,24,MEDIUM
99,45,42,15,MEDIUM
75,71,80,21,MEDIUM
71,66,72,23,MEDIUM
91,91,92,28,LOW
97,89,99,30,LOW
47,48,53,17,HIGH
97,100,96,27,LOW
87,94,92,27,LOW
87,86,100,26,LOW
100,98,100,30,LOW
76,69,76,22,MEDIUM
87,80,85,26,LOW
92,91,100,28,LOW
98,84,92,30,LOW
93,92,95,30,LOW
82,95,87,26,LOW
91,85,91,25,LOW
92,91,83,25,LOW
78,83,90,23,MEDIUM
71,67,74,22,MEDIUM
90,86,94,28,LOW
83,93,91,28,LOW
44,62,51,15,HIGH
77,70,85,23,MEDIUM
80,81,77,21,MEDIUM
68,62,74,19,MEDIUM
81,66,67,22,MEDIUM
74,68,80,20,MEDIUM
80,67,85,26,MEDIUM
76,64,71,18,MEDIUM
54,64,67,16,HIGH
94,89,91,29,LOW
70,78,77,22,MEDIUM
88,85,98,28,LOW
80,66,66,20,MEDIUM
42,45,52,16,HIGH
48,43,47,13,HIGH
75,69,77,22,MEDIUM
88,90,89,29,LOW
91,99,100,29,LOW
59,62,71,22,MEDIUM
91,100,95,28,LOW
62,68,64,19,MEDIUM
97,87,100,28,LOW
85,87,83,24,LOW
52,53,57,16,HIGH
81,93,77,26,LOW
43,46,44,12,HIGH
96,85,91,27,LOW
96,95,91,29,LOW
82,62,70,25,MEDIUM
97,89,89,28,LOW
68,65,78,22,MEDIUM
68,73,79,21,MEDIUM
90,97,92,28,LOW
64,74,72,23,MEDIUM
82,86,84,26,LOW
90,94,88,27,LOW
69,76,70,19,MEDIUM
87,95,92,28,LOW
84,82,77,23,MEDIUM
89,83,89,25,LOW
81,83,88,25,LOW
87,84,91,27,LOW
40,46,50,10,HIGH
71,66,73,21,MEDIUM
88,83,92,25,LOW
89,87,89,26,LOW
86,91,94,28,LOW
72,75,74,21,MEDIUM
86,93,82,24,LOW
79,83,91,25,LOW
43,48,50,17,HIGH
87,91,94,28,LOW
77,74,87,22,MEDIUM
81,77,72,23,MEDIUM
90,100,91,29,LOW
63,64,59,18,HIGH
76,73,73,20,MEDIUM
100,88,90,26,LOW
60,60,56,18,HIGH
86,84,87,26,LOW
97,100,95,26,LOW
97,91,90,28,LOW
90,93,100,27,LOW
64,70,63,20,MEDIUM
80,70,70,23,MEDIUM
100,94,100,30,LOW
61,88,93,27,MEDIUM
79,75,62,22,MEDIUM
64,63,54,20,MEDIUM
77,66,70,19,MEDIUM
80,65,70,19,MEDIUM
91,93,92,26,LOW
98,90,95,29,LOW
92,100,92,28,LOW
81,87,86,26,LOW
97,95,100,30,LOW
46,44,52,14,HIGH
87,89,81,25,LOW
54,49,49,15,HIGH
54,60,51,15,HIGH
74,70,66,15,MEDIUM
45,54,50,16,HIGH
87,86,93,26,LOW
90,82,89,25,LOW
92,94,90,28,LOW
62,81,71,20,MEDIUM
69,71,74,20,MEDIUM
98,94,88,29,LOW
69,74,58,20,MEDIUM
93,85,83,26,LOW
76,73,68,20,MEDIUM
88,82,94,27,LOW
87,96,97,25,LOW
96,86,93,27,LOW
77,73,79,21,MEDIUM
88,85,79,26,LOW
56,51,54,15,HIGH
50,58,54,15,HIGH
91,95,93,28,LOW
74,72,74,21,MEDIUM
88,88,90,25,LOW
69,71,79,24,MEDIUM
91,88,77,26,LOW
46,47,42,12,HIGH
78,76,63,18,MEDIUM
71,74,78,24,MEDIUM
52,53,48,13,HIGH
72,79,74,22,MEDIUM
60,63,58,20,MEDIUM
77,77,72,19,MEDIUM
90,100,89,29,LOW
82,80,87,26,LOW
85,82,85,25,LOW
98,100,96,29,LOW
90,89,84,26,LOW
82,73,80,23,MEDIUM
82,77,82,25,MEDIUM
47,44,49,14,HIGH
80,74,68,19,MEDIUM
96,96,96,28,LOW
79,67,71,22,MEDIUM
79,65,64,23,MEDIUM
77,81,75,24,MEDIUM
68,72,81,23,MEDIUM
49,51,52,16,HIGH
65,55,66,18,HIGH
92,87,89,27,LOW
51,47,45,16,HIGH
88,95,90,29,LOW
81,79,79,22,MEDIUM
84,77,89,24,LOW
99,97,90,28,LOW
67,74,70,21,MEDIUM
79,70,72,21,MEDIUM
89,85,95,25,LOW
69,71,77,21,MEDIUM
51,45,49,14,HIGH
59,60,59,18,HIGH
59,55,57,20,HIGH
67,69,73,22,MEDIUM
40,37,51,12,HIGH
78,74,72,19,MEDIUM
84,85,80,25,LOW
52,49,35,15,HIGH
68,69,73,19,MEDIUM
73,66,71,20,MEDIUM
74,76,73,23,MEDIUM
90,93,87,29,LOW
73,77,84,22,MEDIUM
81,68,73,23,MEDIUM
58,89,91,26,MEDIUM
78,75,64,19,MEDIUM
75,79,90,26,LOW
49,48,50,14,HIGH
69,71,76,23,MEDIUM
89,85,88,26,LOW
92,97,95,27,LOW
85,89,90,26,LOW
83,79,84,24,MEDIUM
75,81,89,24,MEDIUM
95,88,90,27,LOW
94,94,94,27,LOW
69,68,69,21,MEDIUM
71,71,81,25,MEDIUM
90,100,84,26,LOW
43,46,40,15,HIGH
79,70,71,22,MEDIUM
69,77,63,19,MEDIUM
76,81,81,26,MEDIUM
82,66,73,19,MEDIUM
40,49,53,13,HIGH
95,89,90,25,LOW
45,49,42,15,HIGH
79,70,70,22,MEDIUM
49,53,47,15,HIGH
59,48,59,16,HIGH
91,86,91,24,LOW
89,89,88,27,LOW
92,82,81,26,LOW
85,95,89,28,LOW
93,91,90,26,LOW
93,92,98,27,LOW
85,94,95,28,LOW
58,67,53,18,HIGH
82,74,78,25,MEDIUM
57,53,52,16,HIGH
73,74,74,19,MEDIUM
63,58,55,16,HIGH
47,48,54,17,HIGH
60,55,68,16,HIGH
67,76,72,21,MEDIUM
66,81,80,22,MEDIUM
87,77,92,27,LOW
55,55,64,15,HIGH
66,69,74,20,MEDIUM
81,85,76,25,MEDIUM
81,79,89,27,LOW
67,77,81,25,MEDIUM
40,38,37,13,HIGH
79,81,82,25,MEDIUM
40,54,49,14,HIGH
70,77,77,21,MEDIUM
90,91,86,26,LOW
89,83,82,27,LOW
40,44,46,11,HIGH
88,94,92,26,LOW
41,37,35,11,HIGH
76,79,69,22,MEDIUM
70,76,78,24,MEDIUM
91,100,92,29,LOW
71,84,67,21,MEDIUM
87,87,84,27,LOW
72,66,72,21,MEDIUM
85,85,89,27,LOW
92,90,94,27,LOW
63,66,72,22,MEDIUM
75,80,74,19,MEDIUM
80,66,70,23,MEDIUM
84,85,89,26,LOW
78,64,71,17,MEDIUM
45,54,63,14,HIGH
76,77,87,24,MEDIUM
66,72,79,20,MEDIUM
70,67,79,21,MEDIUM
74,63,68,21,MEDIUM
92,96,93,26,LOW
71,77,74,22,MEDIUM
54,43,49,15,HIGH
61,67,62,20,MEDIUM
65,90,93,26,LOW
78,65,70,21,MEDIUM
81,67,65,21,MEDIUM
97,85,89,29,LOW
87,97,95,28,LOW
73,76,75,21,MEDIUM
94,97,85,28,LOW
65,69,67,22,MEDIUM
70,66,70,21,MEDIUM
94,100,100,30,LOW
96,92,84,28,LOW
71,81,75,22,MEDIUM
71,63,65,20,MEDIUM
68,68,69,22,MEDIUM
94,92,87,26,LOW
55,48,53,15,HIGH
57,64,67,18,HIGH
83,88,77,25,LOW
70,75,65,22,MEDIUM
69,77,72,22,MEDIUM
51,50,63,15,HIGH
76,69,76,22,MEDIUM
76,74,79,23,MEDIUM
91,85,93,26,LOW
98,99,92,30,LOW
54,42,51,16,HIGH
81,75,71,24,MEDIUM
44,47,51,15,HIGH
85,77,86,25,LOW
81,65,69,24,MEDIUM
70,69,66,20,MEDIUM
42,28,42,14,HIGH
99,93,83,27,LOW
93,81,85,26,LOW
75,89,88,24,MEDIUM
85,80,87,24,LOW
87,82,85,27,LOW
79,72,68,19,MEDIUM
97,91,85,28,LOW
90,92,87,26,LOW
59,54,48,18,HIGH
98,90,96,28,LOW
86,85,86,28,LOW
85,81,87,26,LOW
41,38,33,13,HIGH
80,84,87,26,LOW
93,97,95,27,LOW
54,54,56,18,HIGH
84,83,99,27,LOW
62,62,68,19,MEDIUM
55,51,54,14,HIGH
76,74,82,20,MEDIUM
57,48,53,15,HIGH
45,42,39,13,HIGH
68,67,66,21,MEDIUM
80,80,70,22,MEDIUM
40,49,32,13,HIGH
46,49,59,17,HIGH
91,91,95,29,LOW
86,97,79,26,LOW
78,82,73,23,MEDIUM
85,86,99,26,LOW
96,96,91,28,LOW
47,40,44,14,HIGH
71,75,64,24,MEDIUM
44,48,44,12,HIGH
88,93,86,28,LOW
84,90,93,29,LOW
74,76,71,21,MEDIUM
77,74,80,22,MEDIUM
96,92,91,24,LOW
74,76,71,23,MEDIUM
76,67,74,21,MEDIUM
86,87,89,28,LOW
58,50,52,16,HIGH
81,90,95,26,LOW
90,86,88,28,LOW
96,88,93,27,LOW
83,78,95,24,LOW
87,84,87,26,LOW
82,82,86,25,LOW
56,55,60,16,HIGH
91,80,100,25,LOW
51,48,45,16,HIGH
98,90,100,28,LOW
98,97,96,29,LOW
90,88,85,28,LOW
64,77,73,18,MEDIUM
95,96,99,28,LOW
87,89,100,26,LOW
100,100,99,29,LOW
93,84,89,26,LOW
96,100,97,29,LOW
70,70,68,20,MEDIUM
67,71,81,21,MEDIUM
81,90,91,25,LOW
86,87,82,27,LOW
98,99,100,29,LOW
64,65,57,17,HIGH
68,76,73,19,MEDIUM
72,78,78,23,MEDIUM
92,94,95,26,LOW
76,80,83,21,MEDIUM
72,73,83,21,MEDIUM
95,89,91,27,LOW
94,90,85,29,LOW
96,94,90,29,LOW
100,96,96,28,LOW
76,68,74,23,MEDIUM
80,69,75,22,MEDIUM
47,48,54,16,HIGH
42,41,48,13,HIGH
45,54,55,14,HIGH
93,85,95,29,LOW
89,91,91,27,LOW
81,75,77,23,MEDIUM
88,100,91,26,LOW
77,64,65,20,MEDIUM
84,77,83,24,MEDIUM
45,65,46,15,HIGH
100,96,96,30,LOW
86,73,70,20,MEDIUM
78,81,73,26,MEDIUM
80,71,63,20,MEDIUM
94,86,95,29,LOW
87,90,88,26,LOW
88,83,88,25,LOW
82,80,69,21,MEDIUM
68,71,53,22,MEDIUM
70,73,68,23,MEDIUM
79,85,84,26,LOW
90,83,100,29,LOW
73,77,73,23,MEDIUM
90,93,91,28,LOW
88,84,84,26,LOW
93,91,98,27,LOW
84,85,86,27,LOW
86,88,81,26,LOW
93,96,92,29,LOW
91,89,81,26,LOW
89,94,100,29,LOW
79,84,77,23,MEDIUM
87,72,78,26,LOW
96,76,88,24,LOW
94,100,88,27,LOW
66,74,65,19,MEDIUM
68,68,69,19,MEDIUM
41,42,40,16,HIGH
43,44,44,13,HIGH
77,71,65,20,MEDIUM
61,56,53,19,HIGH
75,60,70,21,MEDIUM
76,73,65,20,MEDIUM
83,91,90,28,LOW
59,63,66,18,HIGH
87,90,79,26,LOW
88,82,87,26,LOW
58,47,50,13,HIGH
76,79,72,24,MEDIUM
59,55,62,16,HIGH
91,85,90,29,LOW
77,71,68,21,MEDIUM
66,62,61,21,MEDIUM
84,93,85,28,LOW
68,67,66,22,MEDIUM
85,80,94,25,LOW
90,87,94,27,LOW
58,61,47,18,HIGH
86,92,93,29,LOW
64,70,74,21,MEDIUM
97,51,49,16,MEDIUM
59,66,57,17,HIGH
68,73,72,21,MEDIUM
92,88,97,28,LOW
84,78,88,24,LOW
76,70,83,22,MEDIUM
99,88,100,29,LOW
94,87,91,27,LOW
92,100,98,27,LOW
84,92,83,24,LOW
80,71,68,21,MEDIUM
96,91,100,27,LOW
74,83,88,21,MEDIUM
84,75,90,26,LOW
82,72,73,20,MEDIUM
48,48,38,15,HIGH
88,80,88,26,LOW
62,66,59,19,MEDIUM
51,58,47,13,HIGH
89,83,92,27,LOW
82,75,66,16,MEDIUM
55,58,54,16,HIGH
79,75,75,25,MEDIUM
91,78,89,26,LOW
91,82,97,27,LOW
66,54,50,18,HIGH
80,70,68,18,MEDIUM
46,50,51,14,HIGH
74,64,66,21,MEDIUM
70,70,79,21,MEDIUM
47,45,38,13,HIGH
71,66,58,19,MEDIUM
88,77,91,27,LOW
95,94,89,29,LOW
94,90,93,30,LOW
41,47,38,14,HIGH
96,90,89,27,LOW
73,78,79,22,MEDIUM
71,66,73,22,MEDIUM
84,86,86,27,LOW
86,95,84,28,LOW
49,53,46,14,HIGH
75,76,84,24,MEDIUM
100,92,93,29,LOW
95,95,93,28,LOW
54,59,43,16,HIGH
91,78,80,25,LOW
80,71,77,22,MEDIUM
83,98,96,28,LOW
81,87,89,26,LOW
77,78,68,21,MEDIUM
91,86,92,25,LOW
69,70,64,21,MEDIUM
87,84,89,27,LOW
89,100,87,27,LOW
93,96,97,28,LOW
95,77,82,25,LOW
83,94,83,27,LOW
73,61,77,19,MEDIUM
90,91,92,25,LOW
93,87,80,28,LOW
40,29,25,10,HIGH
65,70,72,21,MEDIUM
76,67,68,24,MEDIUM
78,82,71,22,MEDIUM
42,44,43,13,HIGH
76,85,78,23,MEDIUM
87,88,95,26,LOW
59,59,75,18,MEDIUM
95,95,100,29,LOW
51,60,52,17,HIGH
43,49,62,14,HIGH
96,93,100,29,LOW
86,100,91,29,LOW
87,84,97,27,LOW
55,64,51,17,HIGH
71,65,73,20,MEDIUM
84,84,77,23,MEDIUM
96,94,91,27,LOW
91,100,87,28,LOW
71,77,72,23,MEDIUM
74,70,70,22,MEDIUM
93,97,95,28,LOW
87,91,88,23,LOW
80,60,77,19,MEDIUM
61,86,84,25,MEDIUM
88,87,100,29,LOW
57,87,92,27,MEDIUM
47,51,50,16,HIGH
100,100,94,29,LOW
79,76,84,25,MEDIUM
45,46,47,13,HIGH
69,78,68,21,MEDIUM
47,51,49,14,HIGH
68,58,68,18,MEDIUM
90,95,99,28,LOW
80,89,90,27,LOW
77,71,70,24,MEDIUM
43,37,36,13,HIGH
91,90,82,26,LOW
77,76,79,22,MEDIUM
70,74,70,20,MEDIUM
78,72,71,18,MEDIUM
87,86,82,27,LOW
59,51,47,17,HIGH
47,42,48,13,HIGH
76,73,72,22,MEDIUM
89,97,100,29,LOW
73,70,78,22,MEDIUM
87,88,86,25,LOW
74,78,84,22,MEDIUM
90,100,91,29,LOW
92,100,89,27,LOW
79,85,81,24,MEDIUM
77,73,73,23,MEDIUM
93,84,98,28,LOW
72,74,80,23,MEDIUM
74,78,74,23,MEDIUM
49,51,65,18,HIGH
75,77,73,23,MEDIUM
78,81,68,23,MEDIUM
91,92,95,29,LOW
91,94,98,28,LOW
79,66,79,22,MEDIUM
51,61,57,16,HIGH
52,61,45,13,HIGH
78,78,82,24,MEDIUM
86,89,87,26,LOW
65,49,63,18,HIGH
78,68,65,20,MEDIUM
60,66,55,21,MEDIUM
85,89,84,25,LOW
100,90,100,29,LOW
95,44,47,16,MEDIUM
92,96,78,28,LOW
88,98,89,29,LOW
48,44,44,13,HIGH
85,78,89,25,LOW
76,63,80,23,MEDIUM
51,46,47,13,HIGH
46,55,49,17,HIGH
96,96,100,30,LOW
75,73,71,19,MEDIUM
67,60,63,18,MEDIUM
76,97,85,24,LOW
44,44,43,13,HIGH
86,94,82,27,LOW
59,54,67,19,HIGH
86,90,97,29,LOW
78,69,63,21,MEDIUM
58,49,61,17,HIGH
97,48,56,14,MEDIUM
74,71,70,23,MEDIUM
85,90,93,27,LOW
78,67,68,23,MEDIUM
92,90,99,28,LOW
40,39,36,13,HIGH
80,68,68,17,MEDIUM
72,83,68,21,MEDIUM
82,87,87,25,LOW
79,68,62,22,MEDIUM
95,92,95,30,LOW
75,71,76,23,MEDIUM
94,95,95,27,LOW
86,93,91,26,LOW
81,76,87,26,LOW
89,86,90,26,LOW
100,99,92,27,LOW
87,85,94,28,LOW
78,64,65,18,MEDIUM
51,54,52,15,HIGH
74,75,83,25,MEDIUM
40,51,38,13,HIGH
88,83,90,27,LOW
88,98,91,28,LOW
40,47,47,12,HIGH
42,43,35,12,HIGH
84,87,84,25,LOW
83,84,93,25,LOW
60,66,56,21,MEDIUM
71,70,74,19,MEDIUM
80,80,88,25,LOW
94,97,98,29,LOW
89,88,99,29,LOW
40,33,35,10,HIGH
99,84,100,26,LOW
84,77,85,25,LOW
49,50,50,16,HIGH
55,62,54,16,HIGH
79,89,83,26,LOW
86,85,83,26,LOW
90,97,100,28,LOW
90,89,90,26,LOW
92,92,94,29,LOW
80,78,80,20,MEDIUM
80,76,55,22,MEDIUM
73,69,72,19,MEDIUM
81,77,77,24,MEDIUM
63,64,61,20,MEDIUM
58,52,56,16,HIGH
84,75,89,26,LOW
91,90,91,27,LOW
96,96,100,30,LOW
80,75,84,24,MEDIUM
90,100,100,29,LOW
86,95,87,28,LOW
66,70,55,18,MEDIUM
48,48,49,16,HIGH
93,90,94,25,LOW
80,85,88,28,LOW
78,76,80,25,MEDIUM
88,81,89,27,LOW
88,93,86,28,LOW
80,65,63,23,MEDIUM
89,89,80,26,LOW
93,84,91,26,LOW
90,100,100,27,LOW
90,87,89,26,LOW
93,95,92,28,LOW
72,78,84,22,MEDIUM
44,40,47,12,HIGH
40,47,44,13,HIGH
65,52,69,18,HIGH
95,97,95,27,LOW
52,59,51,15,HIGH
58,66,67,19,MEDIUM
79,74,79,23,MEDIUM
83,78,82,26,LOW
93,96,83,26,LOW
85,89,90,26,LOW
91,88,83,27,LOW
75,67,71,18,MEDIUM
92,91,90,26,LOW
90,94,89,30,LOW
86,80,88,26,LOW
89,89,92,27,LOW
72,80,85,23,MEDIUM
79,81,96,25,LOW
81,79,79,24,MEDIUM
79,86,76,22,MEDIUM
83,81,71,22,MEDIUM
77,73,72,25,MEDIUM
66,75,79,23,MEDIUM
94,96,94,27,LOW
86,83,89,27,LOW
58,52,65,17,HIGH
93,94,100,29,LOW
85,80,83,26,LOW
61,58,59,19,HIGH
55,51,50,16,HIGH
77,86,97,25,LOW
40,40,45,11,HIGH
91,87,83,28,LOW
77,66,68,20,MEDIUM
97,46,50,14,MEDIUM
94,86,95,26,LOW
86,88,86,29,LOW
87,76,81,25,LOW
69,65,69,23,MEDIUM
94,85,94,26,LOW
49,37,48,15,HIGH
87,85,90,27,LOW
92,91,98,29,LOW
40,31,30,12,HIGH
88,83,91,27,LOW
97,95,95,28,LOW
93,95,97,27,LOW
73,62,65,21,MEDIUM
81,66,75,16,MEDIUM
79,90,84,21,MEDIUM
89,93,95,27,LOW
65,62,65,19,MEDIUM
79,73,78,23,MEDIUM
84,83,84,25,LOW
54,60,53,16,HIGH
80,74,72,22,MEDIUM
75,65,65,21,MEDIUM
63,65,72,19,MEDIUM
81,79,83,24,MEDIUM
86,89,86,25,LOW
59,64,65,17,HIGH
77,85,80,22,MEDIUM
64,61,64,20,MEDIUM
77,66,65,18,MEDIUM
95,84,100,27,LOW
89,100,91,26,LOW
99,88,100,30,LOW
42,40,44,11,HIGH
93,98,99,29,LOW
46,50,49,13,HIGH
91,88,95,26,LOW
72,81,73,22,MEDIUM
88,89,97,26,LOW
69,70,73,22,MEDIUM
70,75,65,23,MEDIUM
74,66,74,21,MEDIUM
71,61,67,19,MEDIUM
90,94,90,29,LOW
86,80,82,24,LOW
80,86,80,25,LOW
64,62,57,17,HIGH
82,83,80,25,LOW
75,77,76,24,MEDIUM
85,92,90,26,LOW
74,68,76,20,MEDIUM
98,95,86,27,LOW
40,51,50,13,HIGH
80,83,87,26,LOW
87,91,91,28,LOW
71,77,72,21,MEDIUM
68,72,68,20,MEDIUM
73,70,77,23,MEDIUM
84,73,81,25,MEDIUM
57,50,53,16,HIGH
49,48,51,13,HIGH
70,73,71,21,MEDIUM
64,53,43,16,HIGH
85,86,90,27,LOW
45,38,56,12,HIGH
92,92,90,27,LOW
58,61,63,18,HIGH
54,41,54,16,HIGH
97,87,88,26,LOW
75,81,84,26,MEDIUM
75,62,70,20,MEDIUM
89,91,81,28,LOW
72,75,79,21,MEDIUM
77,77,70,24,MEDIUM
74,76,83,22,MEDIUM
96,91,84,27,LOW
94,92,94,28,LOW
43,40,47,13,HIGH
82,81,78,27,LOW
89,86,85,26,LOW
89,86,91,27,LOW
80,82,86,26,LOW
44,51,57,16,HIGH
91,91,89,26,LOW
87,97,80,27,LOW
89,84,93,25,LOW
96,90,96,26,LOW
73,74,61,20,MEDIUM
87,99,94,27,LOW
59,64,59,18,HIGH
93,88,91,26,LOW
81,74,78,24,MEDIUM
92,98,97,26,LOW
82,92,98,26,LOW
93,97,92,28,LOW
98,98,96,30,LOW
85,79,78,26,LOW
74,86,80,22,MEDIUM
72,83,75,22,MEDIUM
79,71,74,21,MEDIUM
97,94,96,25,LOW
51,51,62,18,HIGH
70,70,72,21,MEDIUM
89,90,84,28,LOW
67,58,65,21,MEDIUM
90,87,90,28,LOW
81,67,73,23,MEDIUM
79,72,69,19,MEDIUM
89,85,88,26,LOW
80,81,79,24,MEDIUM
55,52,58,17,HIGH
80,67,70,21,MEDIUM
99,86,95,27,LOW
70,75,68,22,MEDIUM
78,57,74,19,MEDIUM
84,69,77,22,MEDIUM
90,82,88,26,LOW
60,55,52,14,HIGH
72,79,72,20,MEDIUM
92,89,90,28,LOW
98,97,96,29,LOW
85,84,78,24,MEDIUM
56,60,52,17,HIGH
88,95,95,28,LOW
79,65,84,23,MEDIUM
40,49,54,12,HIGH
81,90,82,25,LOW
77,76,66,22,MEDIUM
95,80,93,26,LOW
69,75,76,21,MEDIUM
84,100,86,27,LOW
87,88,91,24,LOW
76,89,83,24,MEDIUM
84,79,80,25,LOW
54,45,49,14,HIGH
81,68,72,21,MEDIUM
75,71,80,22,MEDIUM
47,52,59,14,HIGH
73,81,82,22,MEDIUM
94,86,92,28,LOW
69,61,61,20,MEDIUM
81,88,92,26,LOW
52,63,63,17,HIGH
76,74,79,22,MEDIUM
55,54,64,17,HIGH
78,87,88,23,MEDIUM
58,89,88,27,MEDIUM
92,96,94,28,LOW
54,55,56,15,HIGH
84,80,82,25,LOW
78,81,79,24,MEDIUM
82,70,80,22,MEDIUM
50,60,62,18,HIGH
79,72,67,19,MEDIUM
79,77,86,26,LOW
51,50,50,15,HIGH
80,72,74,19,MEDIUM
70,80,82,23,MEDIUM
88,99,92,28,LOW
88,94,100,29,LOW
65,73,76,23,MEDIUM
78,82,77,22,MEDIUM
74,74,80,22,MEDIUM
82,76,75,23,MEDIUM
95,88,81,28,LOW
84,84,90,25,LOW
95,88,94,29,LOW
45,44,29,13,HIGH
90,98,86,26,LOW
81,78,86,24,MEDIUM
94,54,57,16,MEDIUM
51,38,48,15,HIGH
83,79,84,24,MEDIUM
61,60,68,20,MEDIUM
76,63,71,21,MEDIUM
69,66,71,21,MEDIUM
68,76,78,25,MEDIUM
84,82,88,26,LOW
81,100,85,26,LOW
56,57,61,19,HIGH
98,98,99,28,LOW
49,50,46,13,HIGH
47,46,52,15,HIGH
63,87,93,27,MEDIUM
85,93,91,25,LOW
85,81,86,24,LOW
56,60,52,17,HIGH
90,92,98,26,LOW
52,60,55,18,HIGH
79,77,82,24,MEDIUM
93,90,100,30,LOW
46,46,44,14,HIGH
75,82,76,22,MEDIUM
92,96,94,28,LOW
83,80,81,24,MEDIUM
58,55,62,19,HIGH
80,73,74,18,MEDIUM
89,98,97,29,LOW
74,74,72,21,MEDIUM
94,97,87,28,LOW
78,73,78,22,MEDIUM
94,94,86,28,LOW
66,66,75,20,MEDIUM
44,52,38,13,HIGH
56,57,57,19,HIGH
90,88,93,27,LOW
91,80,76,27,LOW
52,53,58,15,HIGH
63,66,70,22,MEDIUM
99,89,93,28,LOW
82,82,83,24,MEDIUM
86,93,86,26,LOW
54,52,49,14,HIGH
86,94,88,28,LOW
59,89,91,27,MEDIUM
69,72,69,22,MEDIUM
96,90,88,26,LOW
86,90,94,30,LOW
76,70,71,17,MEDIUM
58,62,55,18,HIGH
92,87,91,27,LOW
69,66,64,20,MEDIUM
95,87,96,26,LOW
66,72,76,23,MEDIUM
68,65,71,20,MEDIUM
53,48,32,14,HIGH
64,64,76,22,MEDIUM
95,86,83,27,LOW
75,78,81,23,MEDIUM
75,80,71,22,MEDIUM
58,56,61,18,HIGH
87,95,81,27,LOW
54,47,46,14,HIGH
74,65,73,21,MEDIUM
76,70,64,22,MEDIUM
100,93,100,30,LOW
91,78,79,25,LOW
78,80,73,23,MEDIUM
85,84,85,25,LOW
96,95,96,28,LOW
74,74,69,21,MEDIUM
98,88,89,28,LOW
85,84,92,27,LOW
85,91,91,27,LOW
92,89,84,27,LOW
98,100,100,27,LOW
95,94,100,28,LOW
79,72,72,22,MEDIUM
66,85,72,23,MEDIUM
86,87,100,28,LOW
85,77,74,22,MEDIUM
52,54,49,13,HIGH
46,38,44,15,HIGH
94,54,43,16,MEDIUM
40,45,42,13,HIGH
74,78,76,21,MEDIUM
83,67,69,22,MEDIUM
86,85,87,28,LOW
97,43,43,14,HIGH
93,100,99,26,LOW
50,51,52,14,HIGH
60,62,55,17,HIGH
95,92,91,29,LOW
87,95,92,27,LOW
70,69,67,21,MEDIUM
56,61,56,19,HIGH
91,84,100,27,LOW
61,68,74,22,MEDIUM
50,48,43,15,HIGH
91,89,100,27,LOW
80,72,84,24,MEDIUM
60,91,90,29,LOW
81,85,91,24,LOW
80,75,88,24,MEDIUM
76,69,79,21,MEDIUM
81,72,73,18,MEDIUM
90,77,85,27,LOW
80,92,87,25,LOW
80,71,62,18,MEDIUM
57,63,63,22,MEDIUM
86,90,97,27,LOW
74,74,79,22,MEDIUM
59,60,53,18,HIGH
75,81,72,22,MEDIUM
100,99,94,29,LOW
78,66,75,22,MEDIUM
89,92,83,25,LOW
46,45,47,13,HIGH
67,76,65,22,MEDIUM
77,78,80,23,MEDIUM
58,83,92,29,MEDIUM
87,87,88,28,LOW
65,70,73,22,MEDIUM
94,99,95,28,LOW
49,42,52,15,HIGH
99,100,100,30,LOW
56,88,99,26,MEDIUM
43,39,37,12,HIGH
96,88,94,27,LOW
81,61,73,20,MEDIUM
84,96,93,28,LOW
54,46,65,15,HIGH
48,50,53,15,HIGH
89,78,88,26,LOW
40,35,28,9,HIGH
78,78,75,22,MEDIUM
82,66,70,19,MEDIUM
71,63,71,20,MEDIUM
84,84,94,25,LOW
65,74,78,21,MEDIUM
68,62,64,21,MEDIUM
68,69,68,23,MEDIUM
94,88,99,28,LOW
75,66,64,20,MEDIUM
76,63,66,18,MEDIUM
98,97,100,29,LOW
80,64,66,18,MEDIUM
77,67,80,20,MEDIUM
62,70,66,20,MEDIUM
40,39,42,12,HIGH
86,95,88,27,LOW
91,85,79,24,LOW
89,82,100,27,LOW
60,68,65,19,MEDIUM
65,61,62,19,MEDIUM
89,90,89,28,LOW
78,81,84,22,MEDIUM
78,77,70,19,MEDIUM
75,91,72,23,MEDIUM
50,58,48,16,HIGH
77,77,79,24,MEDIUM
81,69,74,18,MEDIUM
76,75,83,23,MEDIUM
87,94,84,28,LOW
85,75,81,23,MEDIUM
84,84,94,25,LOW
79,84,81,23,MEDIUM
80,68,62,18,MEDIUM
41,45,47,14,HIGH
68,66,67,21,MEDIUM
87,83,93,25,LOW
95,100,97,27,LOW
76,77,81,26,MEDIUM
82,92,92,27,LOW
91,92,88,27,LOW
69,62,69,21,MEDIUM
84,94,85,27,LOW
86,91,91,26,LOW
91,91,95,30,LOW
85,91,90,25,LOW
85,86,86,26,LOW
73,84,77,24,MEDIUM
77,68,65,20,MEDIUM
93,92,92,30,LOW
45,47,49,14,HIGH
83,94,84,25,LOW
82,80,93,24,LOW
87,81,81,25,LOW
100,100,100,29,LOW
59,62,49,17,HIGH
87,84,92,27,LOW
74,70,56,21,MEDIUM
100,100,100,29,LOW
90,87,98,29,LOW
40,44,36,12,HIGH
44,50,59,14,HIGH
86,88,84,26,LOW
95,99,82,27,LOW
73,71,65,20,MEDIUM
76,83,87,24,MEDIUM
84,98,96,29,LOW
72,76,78,22,MEDIUM
84,79,96,24,LOW
63,66,71,19,MEDIUM
67,67,62,20,MEDIUM
83,82,81,25,LOW
100,97,98,28,LOW
86,85,90,25,LOW
45,47,47,15,HIGH
93,80,93,25,LOW
50,50,61,16,HIGH
92,92,91,25,LOW
89,91,81,27,LOW
91,87,89,27,LOW
90,88,88,25,LOW
70,62,71,19,MEDIUM
65,87,91,27,LOW
90,89,92,27,LOW
86,82,94,27,LOW
92,91,92,25,LOW
78,79,78,22,MEDIUM
67,67,77,22,MEDIUM
44,43,39,12,HIGH
84,100,93,28,LOW
78,77,73,23,MEDIUM
88,88,87,27,LOW
89,88,89,27,LOW
91,87,85,27,LOW
93,88,94,27,LOW
71,69,64,20,MEDIUM
89,82,81,25,LOW
73,71,77,21,MEDIUM
88,94,99,29,LOW
72,70,71,22,MEDIUM
58,58,63,20,HIGH
73,74,67,21,MEDIUM
59,67,64,18,HIGH
52,51,38,14,HIGH
88,91,93,28,LOW
82,89,83,26,LOW
72,71,73,23,MEDIUM
92,86,93,26,LOW
92,81,72,27,LOW
52,63,61,17,HIGH
90,93,84,28,LOW
90,90,84,25,LOW
96,99,91,29,LOW
65,63,77,22,MEDIUM
74,76,81,22,MEDIUM
93,48,47,15,HIGH
81,86,92,26,LOW
71,75,82,22,MEDIUM
68,67,68,21,MEDIUM
97,93,98,29,LOW
95,88,94,27,LOW
76,71,76,22,MEDIUM
79,80,79,25,MEDIUM
58,60,54,17,HIGH
97,92,85,29,LOW
66,64,69,20,MEDIUM
80,71,66,23,MEDIUM
71,76,65,23,MEDIUM
59,61,66,17,HIGH
90,85,95,28,LOW
50,47,65,17,HIGH
66,65,67,17,MEDIUM
94,91,88,28,LOW
98,90,88,27,LOW
99,97,97,28,LOW
77,62,77,21,MEDIUM
40,41,34,9,HIGH
69,75,75,20,MEDIUM
68,70,74,22,MEDIUM
82,89,95,25,LOW
78,77,84,23,MEDIUM
57,68,64,19,MEDIUM
40,45,46,13,HIGH
95,95,89,28,LOW
84,70,66,21,MEDIUM
82,83,74,22,MEDIUM
80,89,85,27,LOW
61,77,68,20,MEDIUM
69,83,83,22,MEDIUM
52,53,57,17,HIGH
84,91,97,28,LOW
76,74,70,23,MEDIUM
54,63,55,18,HIGH
92,93,95,28,LOW
85,89,76,25,LOW
90,97,99,29,LOW
86,91,87,25,LOW
52,54,60,17,HIGH
71,77,67,20,MEDIUM
78,67,73,19,MEDIUM
64,61,60,18,HIGH
96,97,95,30,LOW
78,99,100,28,LOW
91,80,88,28,LOW
91,91,93,27,LOW
89,82,82,27,LOW
93,100,92,26,LOW
46,46,50,14,HIGH
64,64,65,20,MEDIUM
82,81,83,24,MEDIUM
71,76,75,20,MEDIUM
75,69,72,18,MEDIUM
41,47,46,12,HIGH
91,91,90,28,LOW
87,84,88,27,LOW
45,47,49,15,HIGH
42,52,45,14,HIGH
46,55,46,14,HIGH
79,78,83,24,MEDIUM
90,97,91,29,LOW
87,86,96,27,LOW
74,69,72,24,MEDIUM
81,72,80,25,MEDIUM
98,93,91,27,LOW
84,70,73,22,MEDIUM
87,90,97,27,LOW
74,84,80,23,MEDIUM
92,92,91,27,LOW
83,78,78,22,MEDIUM
86,84,83,27,LOW
46,48,47,15,HIGH
95,83,96,28,LOW
43,47,42,16,HIGH
47,40,48,14,HIGH
47,41,44,16,HIGH
88,89,89,27,LOW
89,99,81,27,LOW
72,76,70,22,MEDIUM
57,41,60,17,HIGH
91,100,92,27,LOW
87,86,95,25,LOW
79,80,76,23,MEDIUM
72,72,65,22,MEDIUM
57,53,47,17,HIGH
77,72,76,24,MEDIUM
79,62,69,19,MEDIUM
71,77,74,22,MEDIUM
94,50,44,16,MEDIUM
91,74,80,24,LOW
90,96,96,27,LOW
93,95,96,28,LOW
89,87,92,28,LOW
86,95,91,27,LOW
94,88,100,27,LOW
86,94,90,28,LOW
58,54,56,16,HIGH
60,54,43,15,HIGH
93,87,92,29,LOW
87,90,94,28,LOW
82,78,86,25,LOW
83,78,92,27,LOW
81,83,88,26,LOW
93,86,84,25,LOW
52,54,50,17,HIGH
70,76,70,22,MEDIUM
98,85,96,28,LOW
72,65,67,22,MEDIUM
92,94,95,29,LOW
70,60,74,23,MEDIUM
84,86,89,27,LOW
92,89,97,28,LOW
90,92,91,26,LOW
93,96,100,29,LOW
40,40,47,15,HIGH
88,91,90,25,LOW
96,96,100,27,LOW
86,90,92,28,LOW
85,95,99,27,LOW
97,99,92,28,LOW
74,76,71,25,MEDIUM
70,67,83,21,MEDIUM
91,100,94,29,LOW
91,96,95,27,LOW
77,75,79,24,MEDIUM
84,78,87,25,LOW
94,54,52,17,MEDIUM
94,89,84,27,LOW
56,52,51,15,HIGH
77,85,95,26,LOW
70,68,67,19,MEDIUM
50,52,59,15,HIGH
73,72,73,22,MEDIUM
79,71,60,22,MEDIUM
81,69,65,24,MEDIUM
95,100,92,26,LOW
61,71,68,21,MEDIUM
91,83,85,25,LOW
64,66,55,19,MEDIUM
59,84,86,27,MEDIUM
50,54,52,16,HIGH
82,89,90,26,LOW
93,83,93,28,LOW
47,50,47,15,HIGH
93,98,91,29,LOW
93,85,100,29,LOW
80,71,80,22,MEDIUM
76,76,82,23,MEDIUM
44,53,47,13,HIGH
93,96,95,25,LOW
71,63,76,20,MEDIUM
79,70,70,24,MEDIUM
89,89,82,25,LOW
78,68,65,20,MEDIUM
87,83,90,26,LOW
89,85,95,26,LOW
70,69,79,20,MEDIUM
78,86,81,26,LOW
69,63,69,21,MEDIUM
96,95,99,27,LOW
46,41,46,13,HIGH
89,92,90,27,LOW
91,90,89,27,LOW
77,74,74,20,MEDIUM
50,41,46,14,HIGH
73,73,74,22,MEDIUM
94,100,93,29,LOW
83,89,99,27,LOW
70,77,77,23,MEDIUM
91,89,97,28,LOW
64,80,67,19,MEDIUM
79,74,79,23,MEDIUM
85,95,91,25,LOW
91,81,94,27,LOW
94,93,96,25,LOW
95,93,97,27,LOW
56,59,64,15,HIGH
83,70,70,23,MEDIUM
78,67,88,24,MEDIUM
60,61,66,19,MEDIUM
88,88,84,26,LOW
67,73,67,22,MEDIUM
57,91,89,26,MEDIUM
82,66,66,21,MEDIUM
87,88,85,25,LOW
91,96,96,26,LOW
74,77,72,22,MEDIUM
91,90,98,26,LOW
88,98,99,28,LOW
100,90,91,29,LOW
88,90,86,26,LOW
95,100,100,30,LOW
76,82,84,26,LOW
93,88,88,28,LOW
82,82,62,24,MEDIUM
93,95,100,28,LOW
94,95,93,26,LOW
44,47,44,14,HIGH
87,96,88,28,LOW
41,48,58,14,HIGH
49,48,53,17,HIGH
82,100,84,28,LOW
76,76,73,22,MEDIUM
80,85,75,24,MEDIUM
72,69,61,19,MEDIUM
99,93,98,29,LOW
83,81,75,24,MEDIUM
95,54,45,16,MEDIUM
47,53,49,14,HIGH
69,71,66,21,MEDIUM
83,94,90,25,LOW
84,88,97,26,LOW
80,85,83,25,LOW
81,95,83,26,LOW
80,69,75,18,MEDIUM
85,85,87,25,LOW
45,53,47,14,HIGH
85,87,96,25,LOW
89,98,96,28,LOW
96,96,100,29,LOW
52,51,53,16,HIGH
96,89,78,28,LOW
47,49,47,14,HIGH
98,91,84,27,LOW
77,84,75,22,MEDIUM
95,97,100,28,LOW
98,89,94,28,LOW
99,48,52,15,MEDIUM
85,84,94,24,LOW
55,56,52,16,HIGH
82,75,85,26,LOW
97,89,99,29,LOW
83,90,88,26,LOW
87,91,77,27,LOW
47,42,50,14,HIGH
71,78,77,22,MEDIUM
68,72,76,18,MEDIUM
55,53,45,14,HIGH
99,92,98,28,LOW
60,57,69,18,HIGH
50,49,46,17,HIGH
50,47,50,15,HIGH
78,93,78,22,MEDIUM
69,65,64,22,MEDIUM
51,52,47,13,HIGH
76,82,81,25,MEDIUM
93,91,96,29,LOW
86,90,87,27,LOW
53,52,52,15,HIGH
56,53,60,15,HIGH
100,96,90,28,LOW
100,100,100,29,LOW
94,98,94,30,LOW
43,50,43,13,HIGH
77,82,87,24,MEDIUM
91,88,91,26,LOW
78,86,82,26,LOW
79,72,72,20,MEDIUM
76,76,81,25,MEDIUM
82,70,73,19,MEDIUM
94,82,96,25,LOW
85,91,82,25,LOW
95,97,92,27,LOW
79,74,83,24,MEDIUM
86,93,88,28,LOW
75,72,67,20,MEDIUM
46,62,54,16,HIGH
94,87,96,27,LOW
93,88,92,26,LOW
97,90,100,28,LOW
93,89,89,27,LOW
61,63,64,17,HIGH
80,70,69,17,MEDIUM
76,84,74,21,MEDIUM
84,85,90,25,LOW
71,76,71,22,MEDIUM
70,77,62,22,MEDIUM
43,36,44,14,HIGH
93,85,90,28,LOW
97,96,99,29,LOW
79,71,67,18,MEDIUM
92,92,90,27,LOW
74,77,77,23,MEDIUM
80,85,78,24,MEDIUM
93,89,100,30,LOW
81,88,79,25,LOW
70,77,60,21,MEDIUM
70,76,72,22,MEDIUM
60,95,91,26,MEDIUM
90,84,91,27,LOW
95,97,93,27,LOW
54,54,53,16,HIGH
88,89,92,26,LOW
52,53,62,16,HIGH
55,48,58,17,HIGH
60,53,57,17,HIGH
73,74,76,21,MEDIUM
95,92,98,28,LOW
56,60,58,18,HIGH
81,78,80,25,MEDIUM
94,90,85,28,LOW
82,71,66,20,MEDIUM
100,96,100,29,LOW
77,79,72,22,MEDIUM
69,85,66,24,MEDIUM
70,76,80,22,MEDIUM
47,49,49,15,HIGH
90,100,100,29,LOW
89,95,92,25,LOW
89,86,88,27,LOW
78,84,90,25,LOW
72,77,79,23,MEDIUM
72,73,73,21,MEDIUM
93,94,97,29,LOW
41,49,42,14,HIGH
98,97,88,26,LOW
52,46,56,15,HIGH
81,84,90,25,LOW
93,48,55,14,MEDIUM
95,91,91,28,LOW
92,92,91,26,LOW
78,71,67,22,MEDIUM
80,61,73,21,MEDIUM
72,62,66,21,MEDIUM
89,82,88,28,LOW
94,84,78,28,LOW
70,71,66,21,MEDIUM
92,88,86,27,LOW
76,65,63,21,MEDIUM
76,69,71,24,MEDIUM
68,81,77,23,MEDIUM
93,88,100,27,LOW
70,82,80,21,MEDIUM
73,72,78,21,MEDIUM
92,88,98,30,LOW
92,98,94,27,LOW
95,97,98,28,LOW
54,55,64,14,HIGH
40,45,41,13,HIGH
66,73,66,22,MEDIUM
100,97,100,29,LOW
91,86,93,25,LOW
67,74,65,21,MEDIUM
48,40,41,14,HIGH
80,82,81,26,LOW
80,87,90,27,LOW
79,88,100,27,LOW
84,86,78,28,LOW
80,85,79,27,LOW
76,74,66,19,MEDIUM
73,65,70,21,MEDIUM
73,82,72,22,MEDIUM
70,80,88,23,MEDIUM
98,90,95,29,LOW
95,90,99,28,LOW
48,45,47,11,HIGH
74,68,71,21,MEDIUM
99,93,96,28,LOW
71,81,75,21,MEDIUM
68,72,71,20,MEDIUM
81,79,79,26,MEDIUM
44,49,46,16,HIGH
88,85,98,26,LOW
73,73,71,22,MEDIUM
82,80,80,24,MEDIUM
73,68,68,22,MEDIUM
73,75,69,21,MEDIUM
65,53,57,17,HIGH
52,46,43,14,HIGH
80,88,76,26,LOW
79,60,68,18,MEDIUM
53,55,53,13,HIGH
86,99,91,28,LOW
86,96,90,28,LOW
91,91,90,26,LOW
52,59,50,14,HIGH
74,81,79,22,MEDIUM
78,85,86,24,MEDIUM
55,66,62,18,HIGH
74,74,80,22,MEDIUM
99,100,95,27,LOW
92,88,98,29,LOW
71,66,71,20,MEDIUM
51,46,51,14,HIGH
81,80,92,25,LOW
83,84,86,27,LOW
64,68,61,20,MEDIUM
82,90,85,28,LOW
73,64,62,19,MEDIUM
60,87,89,27,MEDIUM
79,89,92,26,LOW
49,45,56,15,HIGH
45,44,45,15,HIGH
50,45,45,18,HIGH
92,98,96,28,LOW
76,83,70,23,MEDIUM
95,83,82,26,LOW
72,72,82,22,MEDIUM
92,82,80,27,LOW
90,100,97,29,LOW
40,43,36,12,HIGH
78,85,69,22,MEDIUM
97,91,91,28,LOW
73,75,68,21,MEDIUM
76,71,83,23,MEDIUM
91,86,100,29,LOW
75,63,74,19,MEDIUM
66,63,61,19,MEDIUM
59,60,55,17,HIGH
79,85,94,24,LOW
72,83,67,22,MEDIUM
54,41,52,17,HIGH
94,93,91,25,LOW
56,61,50,14,HIGH
94,91,100,28,LOW
47,56,52,14,HIGH
79,88,94,26,LOW
52,46,52,14,HIGH
44,51,49,16,HIGH
79,70,69,18,MEDIUM
94,100,99,28,LOW
62,55,69,22,MEDIUM
90,85,86,26,LOW
70,68,67,22,MEDIUM
60,62,56,16,HIGH
81,81,73,23,MEDIUM
71,71,69,21,MEDIUM
46,54,59,15,HIGH
64,63,61,18,MEDIUM
93,92,98,28,LOW
82,80,79,23,MEDIUM
81,65,70,17,MEDIUM
48,46,47,17,HIGH
47,54,55,16,HIGH
85,90,88,27,LOW
71,69,70,20,MEDIUM
41,47,40,13,HIGH
82,71,68,20,MEDIUM
67,71,79,21,MEDIUM
66,64,66,20,MEDIUM
97,90,96,27,LOW
86,88,92,26,LOW
80,64,64,17,MEDIUM
78,81,91,27,LOW
90,82,87,28,LOW
89,91,97,28,LOW
96,92,90,29,LOW
93,77,89,25,LOW
94,89,89,29,LOW
82,94,86,26,LOW
60,91,88,28,MEDIUM
72,72,72,24,MEDIUM
59,89,94,27,MEDIUM
86,75,67,23,MEDIUM
73,66,81,23,MEDIUM
67,69,70,21,MEDIUM
88,87,91,25,LOW
87,88,89,27,LOW
90,95,90,28,LOW
96,84,83,26,LOW
92,94,87,24,LOW
89,80,98,26,LOW
86,91,89,25,LOW
43,45,46,14,HIGH
60,60,63,18,HIGH
66,64,63,18,MEDIUM
66,79,64,20,MEDIUM
76,67,69,22,MEDIUM
90,88,91,27,LOW
98,100,95,30,LOW
98,92,100,29,LOW
51,45,57,15,HIGH
45,41,39,14,HIGH
89,87,89,26,LOW
83,77,76,26,MEDIUM
99,90,82,27,LOW
59,91,91,27,MEDIUM
69,64,63,21,MEDIUM
72,71,68,23,MEDIUM
99,95,91,26,LOW
82,93,88,25,LOW
96,92,91,29,LOW
90,94,84,25,LOW
99,92,89,28,LOW
75,65,70,25,MEDIUM
51,42,42,15,HIGH
66,74,76,21,MEDIUM
54,53,58,15,HIGH
60,68,64,22,MEDIUM
78,72,84,24,MEDIUM
99,93,94,29,LOW
70,74,66,20,MEDIUM
83,75,91,24,LOW
97,98,97,28,LOW
40,36,35,11,HIGH
61,55,48,15,HIGH
89,94,84,28,LOW
58,88,95,27,MEDIUM
58,69,63,18,HIGH
92,91,88,26,LOW
88,89,84,26,LOW
88,93,93,26,LOW
98,92,100,30,LOW
89,79,94,23,LOW
77,83,90,22,MEDIUM
89,80,75,25,LOW
90,86,87,26,LOW
85,89,86,26,LOW
51,45,51,14,HIGH
60,52,63,17,HIGH
80,74,82,24,MEDIUM
89,84,86,26,LOW
91,93,89,26,LOW
93,90,87,27,LOW
86,88,90,28,LOW
76,77,80,23,MEDIUM
98,87,99,27,LOW
48,43,41,14,HIGH
54,47,46,14,HIGH
99,98,100,29,LOW
75,84,85,25,MEDIUM
88,93,97,26,LOW
50,53,51,16,HIGH
91,100,96,29,LOW
48,46,43,14,HIGH
91,89,92,28,LOW
46,53,56,15,HIGH
71,72,72,23,MEDIUM
77,74,66,23,MEDIUM
95,89,83,27,LOW
88,96,100,28,LOW
72,70,65,19,MEDIUM
79,72,72,17,MEDIUM
98,100,95,29,LOW
78,71,72,23,MEDIUM
67,76,75,21,MEDIUM
85,87,100,28,LOW
92,96,93,27,LOW
84,82,86,26,LOW
66,68,71,21,MEDIUM
46,46,46,15,HIGH
76,80,76,24,MEDIUM
87,87,88,27,LOW
82,92,90,26,LOW
52,60,67,17,HIGH
56,72,57,19,HIGH
95,100,90,29,LOW
91,89,96,28,LOW
81,87,96,25,LOW
76,64,70,20,MEDIUM
81,74,77,21,MEDIUM
82,68,68,17,MEDIUM
92,80,87,27,LOW
50,49,54,17,HIGH
60,58,59,17,HIGH
49,51,50,14,HIGH
94,100,96,28,LOW
85,84,95,27,LOW
81,88,88,28,LOW
71,56,70,21,MEDIUM
78,74,76,23,MEDIUM
82,75,77,21,MEDIUM
77,70,79,23,MEDIUM
49,48,55,13,HIGH
67,83,82,21,MEDIUM
51,49,52,18,HIGH
83,94,99,26,LOW
90,95,89,28,LOW
68,78,76,22,MEDIUM
89,82,79,25,LOW
83,83,88,26,LOW
97,88,99,29,LOW
86,81,77,24,MEDIUM
83,87,93,26,LOW
83,98,90,26,LOW
82,75,78,22,MEDIUM
50,53,46,15,HIGH
69,68,81,23,MEDIUM
90,85,89,26,LOW
74,73,62,23,MEDIUM
83,82,85,25,LOW
53,43,57,13,HIGH
93,89,81,25,LOW
40,43,49,14,HIGH
49,50,58,15,HIGH
77,65,77,23,MEDIUM
85,93,85,25,LOW
95,90,97,30,LOW
63,59,72,20,MEDIUM
79,72,70,19,MEDIUM
87,90,98,27,LOW
82,91,96,27,LOW
95,85,95,27,LOW
77,80,67,23,MEDIUM
80,78,81,23,MEDIUM
79,70,73,16,MEDIUM
70,62,64,20,MEDIUM
46,46,41,13,HIGH
44,54,46,15,HIGH
60,62,59,18,HIGH
50,54,45,16,HIGH
75,72,69,19,MEDIUM
74,70,66,23,MEDIUM
58,57,54,15,HIGH
86,72,81,25,MEDIUM
74,75,78,22,MEDIUM
74,71,70,23,MEDIUM
73,69,78,23,MEDIUM
40,38,43,15,HIGH
90,88,87,27,LOW
79,74,74,21,MEDIUM
41,46,50,13,HIGH
90,88,83,26,LOW
92,100,92,29,LOW
40,36,38,11,HIGH
55,48,55,15,HIGH
74,72,71,19,MEDIUM
78,84,76,23,MEDIUM
60,63,68,18,MEDIUM
89,100,89,28,LOW
83,82,95,29,LOW
99,100,100,30,LOW
83,89,88,27,LOW
89,93,88,27,LOW
90,98,91,27,LOW
78,68,71,19,MEDIUM
45,38,40,13,HIGH
90,85,93,26,LOW
72,70,66,22,MEDIUM
93,93,93,29,LOW
100,87,100,30,LOW
79,81,80,22,MEDIUM
83,91,88,27,LOW
40,40,44,11,HIGH
44,38,40,14,HIGH
74,69,69,21,MEDIUM
98,92,95,28,LOW
71,75,67,21,MEDIUM
94,90,100,26,LOW
92,84,88,26,LOW
59,90,91,27,MEDIUM
94,100,91,27,LOW
66,67,70,20,MEDIUM
67,66,74,20,MEDIUM
72,68,73,21,MEDIUM
93,93,98,28,LOW
66,67,66,18,MEDIUM
56,50,59,15,HIGH
84,82,78,24,MEDIUM
46,46,51,14,HIGH
88,73,86,24,LOW
81,78,81,24,MEDIUM
54,60,46,13,HIGH
100,93,96,30,LOW
74,67,82,22,MEDIUM
82,80,75,24,MEDIUM
88,83,85,26,LOW
92,95,93,27,LOW
100,87,99,29,LOW
84,85,89,24,LOW
77,60,66,17,MEDIUM
90,92,95,28,LOW
61,64,64,21,MEDIUM
81,81,84,25,LOW
82,85,93,24,LOW
78,76,73,17,MEDIUM
83,84,95,26,LOW
52,54,55,16,HIGH
66,67,72,22,MEDIUM
95,97,95,30,LOW
86,72,67,19,MEDIUM
98,88,100,30,LOW
80,70,68,20,MEDIUM
45,39,52,15,HIGH
66,64,73,17,MEDIUM
47,49,50,14,HIGH
67,70,76,22,MEDIUM
76,74,74,22,MEDIUM
88,95,100,26,LOW
69,70,64,19,MEDIUM
71,66,72,19,MEDIUM
71,72,80,22,MEDIUM
92,98,97,27,LOW
75,72,64,22,MEDIUM
100,98,94,29,LOW
77,73,69,20,MEDIUM
50,49,60,15,HIGH
79,74,87,23,MEDIUM
77,72,78,23,MEDIUM
76,66,73,22,MEDIUM
59,47,51,16,HIGH
99,89,89,27,LOW
49,51,52,15,HIGH
98,86,100,27,LOW
67,55,58,20,MEDIUM
96,51,54,16,MEDIUM
65,63,56,21,MEDIUM
74,76,78,22,MEDIUM
70,74,65,21,MEDIUM
51,53,52,17,HIGH
96,88,89,28,LOW
85,92,94,28,LOW
79,72,63,23,MEDIUM
96,100,100,29,LOW
79,81,94,28,LOW
72,76,76,22,MEDIUM
89,93,88,25,LOW
91,96,95,26,LOW
85,89,86,27,LOW
79,80,78,22,MEDIUM
89,98,92,30,LOW
95,86,91,26,LOW
56,92,88,26,MEDIUM
83,77,91,25,LOW
45,46,42,13,HIGH
66,76,74,22,MEDIUM
88,100,100,28,LOW
95,97,92,28,LOW
72,70,73,23,MEDIUM
81,84,92,25,LOW
90,86,90,28,LOW
83,77,83,24,MEDIUM
71,66,74,19,MEDIUM
69,76,69,25,MEDIUM
92,91,82,27,LOW
96,100,91,29,LOW
86,84,87,26,LOW
62,90,89,27,MEDIUM
90,82,88,26,LOW
76,69,67,20,MEDIUM
65,60,66,19,MEDIUM
80,81,80,23,MEDIUM
46,44,37,13,HIGH
40,51,38,14,HIGH
71,72,73,23,MEDIUM
43,32,47,12,HIGH
89,94,87,28,LOW
72,66,74,21,MEDIUM
44,36,37,11,HIGH
44,50,52,17,HIGH
92,82,84,25,LOW
83,66,68,21,MEDIUM
59,55,60,17,HIGH
55,54,55,15,HIGH
78,63,71,19,MEDIUM
51,55,56,16,HIGH
94,84,90,28,LOW
87,88,100,28,LOW
81,86,86,24,LOW
65,64,68,21,MEDIUM
74,91,76,26,MEDIUM
46,53,47,14,HIGH
53,54,46,16,HIGH
98,100,100,30,LOW
88,93,93,27,LOW
84,86,84,26,LOW
90,78,89,25,LOW
88,100,93,26,LOW
67,77,66,20,MEDIUM
58,58,52,16,HIGH
79,82,86,22,MEDIUM
100,96,83,28,LOW
72,66,75,21,MEDIUM
96,92,91,30,LOW
50,45,45,14,HIGH
75,86,82,25,MEDIUM
88,84,86,28,LOW
80,65,64,20,MEDIUM
92,89,93,27,LOW
52,52,51,15,HIGH
40,38,27,10,HIGH
88,87,88,27,LOW
84,90,94,29,LOW
89,80,90,29,LOW
84,87,88,26,LOW
87,92,85,26,LOW
77,76,74,24,MEDIUM
40,41,40,12,HIGH
46,45,46,14,HIGH
71,64,78,22,MEDIUM
54,61,55,18,HIGH
75,79,76,22,MEDIUM
80,76,73,20,MEDIUM
94,98,91,28,LOW
61,60,66,20,MEDIUM
73,67,65,21,MEDIUM
66,66,70,21,MEDIUM
80,76,85,22,MEDIUM
54,52,64,15,HIGH
82,77,85,27,LOW
59,56,65,21,MEDIUM
42,42,53,12,HIGH
92,91,86,28,LOW
93,85,94,27,LOW
72,75,80,23,MEDIUM
92,100,88,27,LOW
40,42,47,15,HIGH
94,49,43,15,HIGH
75,81,74,21,MEDIUM
50,49,57,16,HIGH
85,93,87,23,LOW
77,70,71,23,MEDIUM
89,97,86,27,LOW
76,74,83,26,MEDIUM
50,56,56,15,HIGH
57,58,56,17,HIGH
66,68,70,20,MEDIUM
77,66,69,18,MEDIUM
79,79,71,24,MEDIUM
42,45,44,14,HIGH
94,87,83,28,LOW
98,83,91,27,LOW
77,73,80,24,MEDIUM
81,68,66,20,MEDIUM
89,85,98,27,LOW
86,96,89,27,LOW
93,85,93,26,LOW
95,43,50,16,MEDIUM
65,63,65,21,MEDIUM
51,52,58,16,HIGH
51,38,43,14,HIGH
58,48,56,18,HIGH
55,51,58,16,HIGH
95,98,100,30,LOW
47,53,57,17,HIGH
80,79,85,26,LOW
100,94,100,28,LOW
93,49,55,15,MEDIUM
89,92,96,29,LOW
46,45,38,11,HIGH
92,90,96,27,LOW
44,48,36,11,HIGH
96,83,94,28,LOW
77,69,70,24,MEDIUM
46,54,52,14,HIGH
82,82,98,26,LOW
88,84,82,25,LOW
93,95,85,28,LOW
74,84,78,24,MEDIUM
89,82,91,27,LOW
91,100,95,28,LOW
90,89,93,28,LOW
73,69,67,21,MEDIUM
80,83,87,24,LOW
63,65,60,20,MEDIUM
94,93,97,27,LOW
95,90,87,28,LOW
95,88,98,26,LOW
68,78,69,20,MEDIUM
58,68,67,20,MEDIUM
95,85,91,27,LOW
70,71,61,22,MEDIUM
68,75,65,20,MEDIUM
90,98,91,27,LOW
67,74,60,21,MEDIUM
89,81,85,25,LOW
59,95,94,28,LOW
79,77,73,22,MEDIUM
94,96,100,30,LOW
89,91,99,28,LOW
79,68,75,21,MEDIUM
81,72,73,18,MEDIUM
91,80,85,27,LOW
41,47,50,16,HIGH
54,50,47,16,HIGH
86,68,69,20,MEDIUM
75,76,72,22,MEDIUM
89,86,88,28,LOW
90,91,91,26,LOW
90,80,84,25,LOW
99,94,98,28,LOW
66,72,62,21,MEDIUM
80,60,72,23,MEDIUM
61,69,60,18,MEDIUM
89,89,89,26,LOW
74,67,70,21,MEDIUM
76,69,76,22,MEDIUM
65,63,68,18,MEDIUM
96,92,94,29,LOW
50,52,56,14,HIGH
83,95,92,26,LOW
60,92,93,27,LOW
75,84,69,22,MEDIUM
48,49,43,15,HIGH
43,48,47,15,HIGH
69,73,84,24,MEDIUM
88,86,98,28,LOW
51,54,55,18,HIGH
75,80,64,21,MEDIUM
76,71,76,23,MEDIUM
82,85,72,23,MEDIUM
65,76,79,24,MEDIUM
79,87,85,26,LOW
67,64,73,21,MEDIUM
67,65,73,22,MEDIUM
83,88,92,26,LOW
40,45,42,12,HIGH
90,98,99,28,LOW
87,75,82,27,LOW
54,59,54,17,HIGH
51,51,58,15,HIGH
87,82,83,24,LOW
96,95,94,27,LOW
69,66,79,19,MEDIUM
75,73,75,20,MEDIUM
96,87,92,28,LOW
93,91,83,25,LOW
84,87,85,26,LOW
53,50,45,15,HIGH
42,55,56,15,HIGH
71,62,74,20,MEDIUM
83,88,94,26,LOW
42,44,43,13,HIGH
93,83,85,29,LOW
47,41,46,12,HIGH
40,38,37,10,HIGH
58,63,55,17,HIGH
84,92,83,26,LOW
90,92,88,25,LOW
81,85,87,27,LOW
87,73,73,23,MEDIUM
84,81,80,25,LOW
76,72,74,22,MEDIUM
82,90,75,24,MEDIUM
97,93,91,30,LOW
75,76,71,18,MEDIUM
71,69,73,20,MEDIUM
75,73,78,23,MEDIUM
75,72,78,21,MEDIUM
85,86,94,24,LOW
80,84,82,23,MEDIUM
75,89,72,23,MEDIUM
88,89,90,26,LOW
76,67,70,19,MEDIUM
67,59,66,20,MEDIUM
91,86,95,28,LOW
74,62,79,19,MEDIUM
79,70,71,19,MEDIUM
40,37,48,14,HIGH
91,90,89,25,LOW
80,84,89,26,LOW
93,85,100,28,LOW
46,44,42,11,HIGH
91,90,87,30,LOW
81,79,78,27,LOW
58,63,54,17,HIGH
78,71,71,21,MEDIUM
88,79,83,26,LOW
57,66,60,18,HIGH
67,61,64,21,MEDIUM
77,75,69,20,MEDIUM
60,53,58,17,HIGH
74,69,78,21,MEDIUM
74,69,78,24,MEDIUM
70,70,72,20,MEDIUM
96,90,87,28,LOW
74,74,71,21,MEDIUM
47,52,55,14,HIGH
69,70,78,23,MEDIUM
67,77,75,21,MEDIUM
74,71,74,20,MEDIUM
94,99,99,30,LOW
82,63,69,21,MEDIUM
82,85,81,25,LOW
93,88,97,27,LOW
76,84,98,25,LOW
75,62,64,19,MEDIUM
79,63,68,20,MEDIUM
53,51,61,16,HIGH
79,76,81,23,MEDIUM
90,78,82,26,LOW
83,86,96,27,LOW
40,36,50,13,HIGH
71,70,75,21,MEDIUM
87,90,87,27,LOW
67,70,63,20,MEDIUM
82,99,94,28,LOW
88,84,82,25,LOW
94,99,83,28,LOW
78,72,66,21,MEDIUM
48,57,44,12,HIGH
91,82,85,27,LOW
86,84,91,26,LOW
97,80,88,27,LOW
46,50,61,15,HIGH
96,85,96,26,LOW
70,77,80,24,MEDIUM
50,51,65,16,HIGH
74,77,82,22,MEDIUM
71,84,84,24,MEDIUM
51,56,54,15,HIGH
80,77,81,25,MEDIUM
83,70,88,26,LOW
62,59,63,20,MEDIUM
93,97,100,28,LOW
87,97,93,28,LOW
72,63,77,21,MEDIUM
95,86,100,26,LOW
86,88,99,30,LOW
81,81,82,26,LOW
95,84,84,28,LOW
80,84,90,24,LOW
93,93,99,29,LOW
92,93,92,28,LOW
73,64,73,20,MEDIUM
82,66,67,18,MEDIUM
92,90,93,26,LOW
85,86,90,26,LOW
47,39,44,14,HIGH
90,94,98,28,LOW
72,73,74,21,MEDIUM
92,81,91,25,LOW
87,99,89,28,LOW
50,54,57,17,HIGH
83,81,86,23,MEDIUM
81,86,78,28,LOW
54,48,56,16,HIGH
85,85,88,28,LOW
87,84,86,25,LOW
93,98,92,29,LOW
88,87,76,28,LOW
69,77,73,20,MEDIUM
49,54,59,19,HIGH
86,91,91,29,LOW
82,65,71,19,MEDIUM
100,94,91,27,LOW
96,100,100,30,LOW
71,71,72,24,MEDIUM
51,55,67,18,HIGH
74,76,89,25,MEDIUM
76,72,77,23,MEDIUM
52,50,48,15,HIGH
88,100,95,29,LOW
68,74,69,22,MEDIUM
73,75,69,23,MEDIUM
90,89,93,26,LOW
78,71,71,23,MEDIUM
82,89,80,25,LOW
100,96,96,29,LOW
80,63,68,21,MEDIUM
66,80,75,21,MEDIUM
96,99,100,30,LOW
70,75,82,23,MEDIUM
87,94,85,27,LOW
83,73,82,23,MEDIUM
94,98,92,26,LOW
73,67,73,20,MEDIUM
70,73,75,20,MEDIUM
100,100,95,30,LOW
58,54,52,16,HIGH
84,88,88,26,LOW
73,65,73,21,MEDIUM
86,83,92,26,LOW
96,48,54,14,MEDIUM
61,65,69,19,MEDIUM
73,81,73,23,MEDIUM
86,97,88,28,LOW
91,86,96,27,LOW
46,49,53,15,HIGH
88,90,94,30,LOW
78,73,66,22,MEDIUM
87,100,96,27,LOW
89,89,77,27,LOW
85,81,81,23,MEDIUM
96,48,43,13,HIGH
74,72,71,23,MEDIUM
90,96,86,27,LOW
85,83,83,23,MEDIUM
84,96,100,26,LOW
68,74,76,22,MEDIUM
87,92,80,26,LOW
74,79,76,20,MEDIUM
93,87,92,29,LOW
80,82,83,26,LOW
45,47,42,15,HIGH
96,95,85,27,LOW
64,66,66,20,MEDIUM
78,69,71,20,MEDIUM
85,90,91,27,LOW
79,71,70,20,MEDIUM
75,79,87,20,MEDIUM
85,85,100,26,LOW
82,87,96,24,LOW
84,81,89,26,LOW
100,100,88,29,LOW
88,96,84,27,LOW
81,86,87,24,LOW
76,72,78,21,MEDIUM
87,95,94,27,LOW
40,46,49,12,HIGH
48,53,57,17,HIGH
80,80,94,21,MEDIUM
87,98,97,28,LOW
53,66,64,19,HIGH
64,66,63,19,MEDIUM
95,83,100,30,LOW
87,85,100,27,LOW
85,90,99,25,LOW
88,75,91,26,LOW
62,65,60,19,MEDIUM
84,85,90,27,LOW
79,71,84,24,MEDIUM
54,46,54,14,HIGH
79,54,67,22,MEDIUM
74,79,77,22,MEDIUM
67,68,61,19,MEDIUM
100,95,97,28,LOW
80,79,81,24,MEDIUM
48,43,47,14,HIGH
68,75,76,22,MEDIUM
86,86,87,26,LOW
51,59,52,13,HIGH
67,66,71,21,MEDIUM
74,68,62,20,MEDIUM
75,81,75,24,MEDIUM
70,65,72,20,MEDIUM
95,49,57,14,MEDIUM
85,85,82,22,MEDIUM
80,77,74,23,MEDIUM
92,92,96,28,LOW
79,84,89,24,LOW
67,76,83,23,MEDIUM
97,100,90,27,LOW
97,95,91,27,LOW
93,95,95,29,LOW
57,49,53,16,HIGH
89,88,91,26,LOW
66,81,72,21,MEDIUM
76,79,78,23,MEDIUM
52,54,45,15,HIGH
79,90,91,26,LOW
66,69,69,22,MEDIUM
79,72,83,22,MEDIUM
83,87,90,26,LOW
90,99,92,27,LOW
91,94,92,26,LOW
85,88,86,25,LOW
51,48,46,15,HIGH
50,56,53,14,HIGH
68,68,79,22,MEDIUM
84,87,88,27,LOW
50,42,49,13,HIGH
78,84,84,24,MEDIUM
76,71,72,19,MEDIUM
92,94,95,27,LOW
100,100,90,30,LOW
83,67,68,15,MEDIUM
95,77,88,28,LOW
97,87,91,26,LOW
91,95,89,28,LOW
92,86,91,27,LOW
47,48,45,12,HIGH
81,69,67,21,MEDIUM
92,83,88,25,LOW
94,89,87,27,LOW
75,69,73,24,MEDIUM
81,84,77,26,LOW
40,50,41,11,HIGH
60,65,67,20,MEDIUM
84,95,98,26,LOW
75,70,80,22,MEDIUM
96,100,100,29,LOW
78,70,69,23,MEDIUM
89,88,81,28,LOW
93,100,96,28,LOW
66,71,59,21,MEDIUM
93,100,99,30,LOW
71,79,67,21,MEDIUM
41,54,39,13,HIGH
78,73,78,24,MEDIUM
97,94,100,30,LOW
86,87,73,24,MEDIUM
50,39,45,15,HIGH
42,51,41,10,HIGH
85,94,96,26,LOW
50,46,54,15,HIGH
92,89,100,29,LOW
42,44,46,12,HIGH
71,76,66,22,MEDIUM
77,62,76,23,MEDIUM
76,68,71,17,MEDIUM
95,94,98,28,LOW
92,81,90,26,LOW
79,76,75,21,MEDIUM
90,90,88,29,LOW
69,68,65,20,MEDIUM
92,83,94,27,LOW
78,74,75,23,MEDIUM
90,88,88,24,LOW
90,90,90,27,LOW
64,64,69,23,MEDIUM
69,77,72,21,MEDIUM
42,39,42,12,HIGH
83,79,81,23,MEDIUM
84,72,71,19,MEDIUM
87,95,94,28,LOW
87,83,89,26,LOW
43,46,43,12,HIGH
88,89,92,27,LOW
69,88,90,26,LOW
85,67,69,16,MEDIUM
82,78,83,23,MEDIUM
67,74,69,22,MEDIUM
48,56,48,12,HIGH
67,59,72,20,MEDIUM
52,54,55,13,HIGH
90,100,95,28,LOW
73,62,69,20,MEDIUM
88,96,90,27,LOW
97,97,91,26,LOW
64,80,70,22,MEDIUM
75,73,79,15,MEDIUM
66,66,68,20,MEDIUM
47,47,48,14,HIGH
78,65,70,18,MEDIUM
81,75,81,23,MEDIUM
56,51,56,16,HIGH
49,39,54,15,HIGH
59,74,63,22,MEDIUM
59,67,57,19,HIGH
73,85,80,24,MEDIUM
63,61,66,19,MEDIUM
71,63,73,20,MEDIUM
92,85,93,29,LOW
71,69,71,20,MEDIUM
73,69,70,23,MEDIUM
93,89,88,24,LOW
40,45,44,14,HIGH
73,83,73,23,MEDIUM
84,87,83,25,LOW
84,77,72,23,MEDIUM
50,35,56,15,HIGH
82,71,63,19,MEDIUM
80,85,85,26,LOW
79,73,68,23,MEDIUM
75,80,86,23,MEDIUM
47,40,40,12,HIGH
100,100,100,26,LOW
89,87,84,28,LOW
57,59,60,16,HIGH
69,63,63,20,MEDIUM
90,82,78,27,LOW
54,47,48,16,HIGH
83,90,81,27,LOW
90,88,96,27,LOW
87,83,98,25,LOW
79,68,65,19,MEDIUM
79,75,69,22,MEDIUM
85,89,90,27,LOW
45,49,45,13,HIGH
59,54,55,16,HIGH
92,91,94,28,LOW
62,64,71,20,MEDIUM
96,85,91,27,LOW
81,88,83,25,LOW
94,44,56,17,MEDIUM
62,67,66,19,MEDIUM
96,100,89,27,LOW
91,88,83,25,LOW
67,69,73,21,MEDIUM
50,56,47,15,HIGH
92,96,95,28,LOW
44,39,40,13,HIGH
98,98,100,28,LOW
91,88,89,28,LOW
88,90,93,27,LOW
87,94,90,25,LOW
84,75,68,23,MEDIUM
82,83,87,25,LOW
58,88,91,27,MEDIUM
89,95,80,26,LOW
79,77,78,25,MEDIUM
97,100,98,29,LOW
90,100,91,27,LOW
50,42,42,11,HIGH
99,90,100,27,LOW
51,47,58,15,HIGH
97,90,96,27,LOW
78,70,79,22,MEDIUM
68,66,79,24,MEDIUM
75,77,72,21,MEDIUM
79,81,77,23,MEDIUM
84,91,95,28,LOW
84,85,88,26,LOW
59,57,69,18,HIGH
85,91,94,26,LOW
73,66,74,22,MEDIUM
79,75,66,22,MEDIUM
91,89,88,27,LOW
40,39,40,13,HIGH
77,83,78,25,MEDIUM
89,88,93,30,LOW
86,91,84,26,LOW
97,99,100,27,LOW
86,88,88,27,LOW
53,68,57,18,HIGH
63,70,73,21,MEDIUM
48,57,60,13,HIGH
86,83,76,24,MEDIUM
83,81,85,25,LOW
91,92,96,25,LOW
79,67,69,22,MEDIUM
86,78,83,26,LOW
96,85,92,28,LOW
71,68,68,21,MEDIUM
78,77,80,21,MEDIUM
60,60,77,19,MEDIUM
49,51,56,14,HIGH
88,98,92,28,LOW
72,71,70,21,MEDIUM
99,96,100,28,LOW
60,59,54,17,HIGH
84,89,88,28,LOW
80,83,86,24,MEDIUM
96,100,85,27,LOW
83,72,78,23,MEDIUM
45,48,62,15,HIGH
63,62,61,19,MEDIUM
87,89,82,27,LOW
85,87,83,26,LOW
86,91,95,30,LOW
60,59,59,18,HIGH
96,98,100,29,LOW
75,73,67,20,MEDIUM
54,50,47,17,HIGH
73,74,67,21,MEDIUM
77,64,70,21,MEDIUM
89,90,94,27,LOW
81,79,72,23,MEDIUM
83,77,82,26,LOW
87,80,88,26,LOW
75,69,70,20,MEDIUM
76,62,66,22,MEDIUM
89,81,90,24,LOW
78,61,66,20,MEDIUM
52,40,59,16,HIGH
83,84,90,26,LOW
96,92,100,29,LOW
78,84,84,24,MEDIUM
52,48,50,14,HIGH
92,84,86,26,LOW
78,68,73,24,MEDIUM
88,80,80,27,LOW
88,88,100,27,LOW
45,41,40,15,HIGH
56,60,57,18,HIGH
89,83,89,24,LOW
62,69,69,21,MEDIUM
91,82,87,24,LOW
91,93,96,27,LOW
100,94,98,28,LOW
66,76,72,22,MEDIUM
94,94,87,28,LOW
88,87,90,26,LOW
45,35,42,11,HIGH
98,100,100,30,LOW
92,94,83,28,LOW
71,71,74,24,MEDIUM
76,71,84,23,MEDIUM
73,73,68,22,MEDIUM
83,83,88,26,LOW
70,71,69,19,MEDIUM
53,54,33,13,HIGH
96,91,93,28,LOW
40,45,55,13,HIGH
51,48,48,14,HIGH
87,90,86,27,LOW
93,86,100,28,LOW
43,51,50,15,HIGH
91,91,83,27,LOW
80,79,88,26,LOW
84,87,87,25,LOW
95,90,91,27,LOW
89,97,97,29,LOW
78,69,74,21,MEDIUM
77,78,85,24,MEDIUM
51,58,64,17,HIGH
88,95,88,25,LOW
84,80,87,23,MEDIUM
71,68,64,18,MEDIUM
91,40,57,16,MEDIUM
88,85,89,24,LOW
100,86,96,28,LOW
66,66,68,20,MEDIUM
76,73,79,23,MEDIUM
94,97,96,27,LOW
100,95,100,30,LOW
46,50,45,12,HIGH
68,69,64,24,MEDIUM
90,91,85,24,LOW
66,57,63,20,MEDIUM
94,99,91,28,LOW
76,71,73,21,MEDIUM
90,87,95,27,LOW
90,90,96,27,LOW
72,72,78,22,MEDIUM
80,76,69,23,MEDIUM
90,83,82,28,LOW
72,70,67,24,MEDIUM
87,81,76,27,LOW
85,96,90,25,LOW
92,88,94,29,LOW
100,100,100,30,LOW
85,84,91,27,LOW
89,86,83,28,LOW
46,40,49,11,HIGH
79,89,93,26,LOW
89,93,97,28,LOW
77,80,79,22,MEDIUM
87,76,80,26,LOW
71,72,62,18,MEDIUM
86,82,80,25,LOW
83,85,76,22,MEDIUM
40,40,48,13,HIGH
76,71,61,21,MEDIUM
46,48,51,15,HIGH
81,82,76,23,MEDIUM
100,97,98,29,LOW
76,78,70,24,MEDIUM
74,74,80,22,MEDIUM
74,73,70,21,MEDIUM
51,50,44,16,HIGH
84,82,90,26,LOW
86,87,100,26,LOW
83,84,75,25,MEDIUM
87,85,86,26,LOW
44,46,45,15,HIGH
47,51,49,14,HIGH
66,80,66,21,MEDIUM
56,50,46,16,HIGH
75,76,87,23,MEDIUM
90,78,92,26,LOW
79,71,70,19,MEDIUM
82,74,68,18,MEDIUM
93,94,99,27,LOW
62,66,56,18,HIGH
45,38,55,13,HIGH
77,71,82,22,MEDIUM
90,81,95,26,LOW
92,97,96,29,LOW
46,39,46,12,HIGH
77,76,80,21,MEDIUM
89,97,89,27,LOW
93,83,92,26,LOW
91,87,87,25,LOW
51,48,44,15,HIGH
40,47,33,13,HIGH
84,88,96,25,LOW
61,67,59,18,HIGH
97,94,96,28,LOW
88,97,91,27,LOW
88,93,90,26,LOW
69,65,70,20,MEDIUM
84,88,86,26,LOW
87,89,100,29,LOW
52,41,39,14,HIGH
88,83,83,27,LOW
72,68,69,20,MEDIUM
79,71,70,20,MEDIUM
96,87,90,29,LOW
81,58,67,19,MEDIUM
82,78,71,19,MEDIUM
83,79,83,23,MEDIUM
71,79,76,22,MEDIUM
84,81,86,27,LOW
87,86,83,27,LOW
68,62,74,20,MEDIUM
65,58,74,19,MEDIUM
97,100,100,29,LOW
85,84,88,23,LOW
45,55,57,16,HIGH
58,50,48,16,HIGH
88,89,91,28,LOW
86,88,93,26,LOW
75,65,82,23,MEDIUM
58,89,91,28,MEDIUM
88,98,94,27,LOW
79,70,63,19,MEDIUM
86,69,90,26,LOW
86,100,81,27,LOW
61,89,93,26,MEDIUM
86,99,94,28,LOW
91,90,99,28,LOW
95,92,95,28,LOW
69,77,62,21,MEDIUM
70,61,70,21,MEDIUM
92,87,83,27,LOW
86,72,82,24,MEDIUM
77,68,64,19,MEDIUM
91,86,91,26,LOW
97,93,98,27,LOW
86,72,71,20,MEDIUM
83,71,82,26,MEDIUM
90,85,97,27,LOW
90,99,91,29,LOW
44,52,46,14,HIGH
94,89,89,29,LOW
48,43,39,13,HIGH
64,87,87,27,MEDIUM
73,84,70,25,MEDIUM
80,70,66,23,MEDIUM
100,96,95,26,LOW
46,34,43,15,HIGH
81,91,87,26,LOW
86,92,89,25,LOW
95,83,97,27,LOW
75,79,76,22,MEDIUM
86,89,94,26,LOW
92,99,92,29,LOW
83,85,83,21,MEDIUM
85,81,78,23,MEDIUM
70,79,69,20,MEDIUM
93,89,90,28,LOW
92,92,85,28,LOW
73,72,62,18,MEDIUM
88,85,80,25,LOW
84,87,84,27,LOW
91,92,100,29,LOW
87,80,82,25,LOW
81,85,84,26,LOW
81,67,70,19,MEDIUM
85,97,90,28,LOW
86,93,93,26,LOW
70,67,75,20,MEDIUM
60,91,88,28,MEDIUM
82,75,77,23,MEDIUM
64,66,74,20,MEDIUM
89,89,100,29,LOW
80,79,89,27,LOW
75,71,70,18,MEDIUM
54,59,64,14,HIGH
76,67,69,22,MEDIUM
68,75,69,21,MEDIUM
98,98,98,28,LOW
93,88,87,26,LOW
79,86,92,26,LOW
93,96,95,27,LOW
80,80,84,26,LOW
46,46,49,13,HIGH
97,87,91,28,LOW
91,90,97,28,LOW
78,69,64,23,MEDIUM
62,53,70,20,MEDIUM
79,88,92,24,LOW
90,83,78,26,LOW
93,76,91,28,LOW
84,88,87,27,LOW
100,99,97,28,LOW
84,72,62,18,MEDIUM
57,52,46,15,HIGH
89,80,85,27,LOW
90,91,90,28,LOW
62,93,89,27,LOW
47,44,47,13,HIGH
60,64,64,21,MEDIUM
55,52,53,15,HIGH
94,81,100,28,LOW
53,39,51,16,HIGH
79,89,86,27,LOW
96,100,100,27,LOW
100,100,99,30,LOW
62,57,64,16,HIGH
97,96,99,30,LOW
87,96,94,29,LOW
74,79,75,22,MEDIUM
83,97,82,29,LOW
85,95,88,28,LOW
73,76,74,21,MEDIUM
78,81,84,26,LOW
96,48,53,17,MEDIUM
72,64,72,20,MEDIUM
92,93,97,27,LOW
80,67,70,21,MEDIUM
42,45,50,12,HIGH
41,45,51,13,HIGH
41,47,54,13,HIGH
88,93,90,28,LOW
70,72,65,22,MEDIUM
78,77,65,20,MEDIUM
51,48,53,14,HIGH
88,96,93,28,LOW
40,38,34,13,HIGH
89,97,86,27,LOW
87,83,96,27,LOW
48,45,53,13,HIGH
82,76,87,27,LOW
87,90,87,27,LOW
54,52,54,16,HIGH
96,93,99,27,LOW
79,82,82,20,MEDIUM
76,68,64,21,MEDIUM
97,93,94,29,LOW
77,70,76,20,MEDIUM
68,66,69,20,MEDIUM
100,94,94,28,LOW
50,55,54,15,HIGH
84,85,90,24,LOW
94,93,97,28,LOW
74,85,82,24,MEDIUM
100,98,94,28,LOW
76,80,64,18,MEDIUM
70,75,74,23,MEDIUM
85,77,61,23,MEDIUM
78,67,72,16,MEDIUM
78,79,73,22,MEDIUM
82,92,83,25,LOW
47,42,54,14,HIGH
91,94,94,27,LOW
63,68,78,21,MEDIUM
52,58,56,16,HIGH
49,53,55,15,HIGH
77,65,76,22,MEDIUM
61,56,45,16,HIGH
74,69,77,23,MEDIUM
49,39,44,12,HIGH
93,85,98,27,LOW
77,67,73,18,MEDIUM
89,87,84,25,LOW
48,51,57,15,HIGH
87,95,96,27,LOW
42,43,48,13,HIGH
92,97,88,26,LOW
83,92,92,26,LOW
63,75,73,22,MEDIUM
77,69,70,18,MEDIUM
63,88,91,26,MEDIUM
98,95,94,28,LOW
88,83,92,25,LOW
90,92,100,26,LOW
81,80,84,24,MEDIUM
89,97,97,26,LOW
81,65,67,17,MEDIUM
69,63,59,18,MEDIUM
87,70,79,24,MEDIUM
75,70,71,20,MEDIUM
97,91,89,25,LOW
48,50,53,14,HIGH
66,79,79,21,MEDIUM
83,91,85,27,LOW
40,45,48,14,HIGH
52,70,71,20,MEDIUM
89,92,92,28,LOW
55,65,62,18,HIGH
47,37,43,15,HIGH
44,50,51,12,HIGH
42,39,43,13,HIGH
96,96,98,28,LOW
93,88,90,27,LOW
82,79,82,22,MEDIUM
93,86,100,29,LOW
49,48,46,14,HIGH
99,99,100,28,LOW
84,89,94,27,LOW
90,95,89,26,LOW
40,48,36,13,HIGH
51,56,47,14,HIGH
81,72,72,22,MEDIUM
97,100,96,29,LOW
97,86,100,26,LOW
84,84,82,27,LOW
61,78,80,23,MEDIUM
73,79,73,24,MEDIUM
96,83,92,28,LOW
75,77,79,23,MEDIUM
53,40,45,15,HIGH
83,90,88,26,LOW
94,90,91,27,LOW
85,94,95,27,LOW
83,82,81,24,MEDIUM
84,83,80,24,MEDIUM
69,78,74,23,MEDIUM
100,100,95,30,LOW
70,70,77,22,MEDIUM
40,39,43,14,HIGH
76,72,65,21,MEDIUM
93,79,95,26,LOW
70,72,74,22,MEDIUM
85,91,91,27,LOW
97,100,87,30,LOW
96,85,92,27,LOW
52,58,57,17,HIGH
100,100,91,30,LOW
95,96,94,27,LOW
76,80,70,25,MEDIUM
81,74,88,24,MEDIUM
79,74,67,20,MEDIUM
94,100,96,28,LOW
95,95,88,28,LOW
81,70,70,22,MEDIUM
78,74,71,23,MEDIUM
92,86,87,28,LOW
76,66,62,21,MEDIUM
76,76,65,21,MEDIUM
86,90,82,25,LOW
47,49,49,13,HIGH
74,75,71,21,MEDIUM
92,93,100,27,LOW
78,72,80,22,MEDIUM
77,73,80,23,MEDIUM
90,87,87,26,LOW
84,89,95,27,LOW
73,64,70,24,MEDIUM
53,54,52,18,HIGH
84,92,100,27,LOW
70,75,73,19,MEDIUM
70,75,65,19,MEDIUM
84,82,100,26,LOW
77,79,84,24,MEDIUM
95,91,100,30,LOW
79,78,77,21,MEDIUM
84,97,93,29,LOW
54,46,53,12,HIGH
91,89,99,28,LOW
51,47,46,14,HIGH
73,65,70,21,MEDIUM
82,87,89,27,LOW
97,98,100,28,LOW
42,40,39,13,HIGH
91,100,88,28,LOW
85,90,86,28,LOW
100,97,96,30,LOW
87,83,100,26,LOW
89,90,89,26,LOW
88,89,94,28,LOW
82,72,69,19,MEDIUM
82,66,72,19,MEDIUM
92,81,93,26,LOW
92,97,89,27,LOW
94,94,89,29,LOW
74,66,69,19,MEDIUM
90,82,85,24,LOW
41,48,42,13,HIGH
57,54,69,19,HIGH
100,100,100,30,LOW
77,79,99,26,LOW
69,69,75,21,MEDIUM
86,82,89,25,LOW
77,81,72,23,MEDIUM
80,85,79,24,MEDIUM
84,87,88,24,LOW
78,68,73,21,MEDIUM
75,66,76,24,MEDIUM
87,83,90,25,LOW
40,40,56,14,HIGH
84,86,82,26,LOW
69,63,63,19,MEDIUM
87,91,96,27,LOW
78,62,71,20,MEDIUM
71,74,69,21,MEDIUM
88,86,81,24,LOW
93,95,97,28,LOW
51,48,47,15,HIGH
76,72,64,18,MEDIUM
90,95,90,28,LOW
73,71,72,20,MEDIUM
89,95,99,28,LOW
74,74,78,22,MEDIUM
79,85,68,25,MEDIUM
82,73,67,21,MEDIUM
72,69,73,21,MEDIUM
52,59,56,15,HIGH
52,52,55,16,HIGH
82,89,92,25,LOW
98,80,95,27,LOW
89,89,94,26,LOW
77,57,77,24,MEDIUM
80,96,91,26,LOW
45,46,49,13,HIGH
74,80,75,23,MEDIUM
79,74,56,22,MEDIUM
90,90,99,28,LOW
59,59,59,17,HIGH
94,98,97,29,LOW
70,85,64,22,MEDIUM
64,60,52,18,HIGH
74,74,84,24,MEDIUM
100,91,100,28,LOW
60,58,65,18,HIGH
77,66,73,24,MEDIUM
72,82,76,23,MEDIUM
86,87,95,26,LOW
63,63,68,17,MEDIUM
83,93,86,28,LOW
78,74,64,23,MEDIUM
43,48,55,16,HIGH
45,51,53,16,HIGH
98,94,100,27,LOW
96,52,53,16,MEDIUM
80,90,85,26,LOW
89,87,89,26,LOW
51,51,52,15,HIGH
84,82,76,24,MEDIUM
59,60,62,18,HIGH
97,88,95,28,LOW
50,56,59,17,HIGH
71,74,67,20,MEDIUM
71,70,78,19,MEDIUM
94,87,94,26,LOW
68,73,76,23,MEDIUM
55,59,52,16,HIGH
74,72,72,21,MEDIUM
67,64,69,21,MEDIUM
70,67,66,20,MEDIUM
86,60,69,22,MEDIUM
47,54,50,14,HIGH
86,91,98,26,LOW
72,71,73,20,MEDIUM
72,73,71,22,MEDIUM
49,48,49,16,HIGH
42,36,44,12,HIGH
74,85,81,22,MEDIUM
96,100,92,27,LOW
88,85,87,27,LOW
83,95,86,25,LOW
87,88,88,26,LOW
69,82,69,20,MEDIUM
87,86,99,24,LOW
94,100,84,26,LOW
72,68,66,21,MEDIUM
49,48,47,16,HIGH
92,90,86,27,LOW
73,71,69,22,MEDIUM
100,98,91,29,LOW
75,77,81,24,MEDIUM
93,91,84,25,LOW
57,56,61,16,HIGH
54,47,53,14,HIGH
61,75,72,21,MEDIUM
72,64,71,20,MEDIUM
93,97,92,28,LOW
94,91,92,27,LOW
67,84,69,21,MEDIUM
43,43,55,14,HIGH
63,76,66,20,MEDIUM
93,38,49,15,HIGH
88,93,77,24,LOW
95,48,42,14,HIGH
100,100,97,30,LOW
92,84,95,25,LOW
91,90,93,28,LOW
94,100,96,27,LOW
71,59,71,21,MEDIUM
52,58,59,17,HIGH
81,77,86,25,MEDIUM
91,91,90,27,LOW
91,85,91,27,LOW
85,84,78,25,LOW
85,85,78,24,LOW
91,100,86,28,LOW
84,90,87,27,LOW
49,41,49,13,HIGH
100,98,95,28,LOW
92,94,95,27,LOW
99,99,87,28,LOW
41,47,37,12,HIGH
91,88,94,25,LOW
80,79,76,23,MEDIUM
77,62,73,21,MEDIUM
70,62,73,22,MEDIUM
81,74,70,21,MEDIUM
80,79,76,22,MEDIUM
83,83,95,24,LOW
56,57,68,16,HIGH
75,83,74,25,MEDIUM
66,62,69,20,MEDIUM
46,60,45,15,HIGH
97,97,99,29,LOW
74,77,77,24,MEDIUM
57,48,58,16,HIGH
50,57,52,16,HIGH
93,80,88,26,LOW
90,96,96,27,LOW
74,71,71,23,MEDIUM
69,68,59,21,MEDIUM
68,62,69,19,MEDIUM
88,88,94,28,LOW
59,60,60,16,HIGH
93,84,91,27,LOW
45,30,36,12,HIGH
94,94,92,25,LOW
90,93,85,25,LOW
43,43,48,16,HIGH
94,82,88,29,LOW
71,67,81,20,MEDIUM
48,51,44,14,HIGH
79,87,83,23,MEDIUM
78,67,73,22,MEDIUM
96,95,87,28,LOW
96,44,41,15,HIGH
84,73,84,24,MEDIUM
90,88,90,26,LOW
78,65,77,21,MEDIUM
65,73,60,19,MEDIUM
86,92,100,29,LOW
94,99,89,30,LOW
95,97,99,29,LOW
97,96,91,27,LOW
93,97,100,30,LOW
98,95,100,29,LOW
80,64,70,23,MEDIUM
90,98,100,30,LOW
73,72,68,21,MEDIUM
77,79,77,22,MEDIUM
52,52,42,14,HIGH
64,90,89,27,LOW
51,51,44,12,HIGH
76,73,79,20,MEDIUM
88,86,92,27,LOW
80,68,81,21,MEDIUM
69,64,64,21,MEDIUM
64,59,61,21,MEDIUM
95,92,88,28,LOW
69,71,64,22,MEDIUM
57,60,53,16,HIGH
76,71,68,19,MEDIUM
40,37,40,12,HIGH
65,70,70,22,MEDIUM
93,100,93,29,LOW
90,83,93,27,LOW
72,76,81,24,MEDIUM
93,80,81,27,LOW
91,91,98,28,LOW
95,90,94,28,LOW
49,48,31,15,HIGH
40,45,43,13,HIGH
85,88,91,24,LOW
78,67,64,23,MEDIUM
89,94,100,29,LOW
73,79,72,23,MEDIUM
75,74,64,22,MEDIUM
76,73,83,25,MEDIUM
84,69,69,17,MEDIUM
77,76,64,23,MEDIUM
70,74,77,23,MEDIUM
95,90,88,27,LOW
76,78,78,23,MEDIUM
46,42,46,14,HIGH
58,55,52,17,HIGH
88,93,81,26,LOW
85,92,91,26,LOW
64,61,70,18,MEDIUM
77,77,78,22,MEDIUM
95,97,89,29,LOW
49,48,44,15,HIGH
93,100,91,29,LOW
78,68,70,20,MEDIUM
89,87,88,29,LOW
100,100,93,29,LOW
75,84,75,22,MEDIUM
81,90,91,26,LOW
78,72,67,19,MEDIUM
63,65,65,20,MEDIUM
98,95,91,27,LOW
56,42,46,16,HIGH
77,80,88,25,MEDIUM
80,87,78,24,MEDIUM
74,69,77,22,MEDIUM
89,93,92,29,LOW
96,89,95,29,LOW
72,73,77,23,MEDIUM
57,55,52,17,HIGH
86,89,80,27,LOW
66,65,57,18,MEDIUM
45,44,55,17,HIGH
77,76,79,21,MEDIUM
88,82,85,25,LOW
70,67,66,19,MEDIUM
46,42,49,16,HIGH
94,86,91,26,LOW
80,67,67,20,MEDIUM
90,97,100,30,LOW
88,88,94,28,LOW
60,93,90,28,LOW
57,51,47,13,HIGH
82,57,73,21,MEDIUM
89,90,99,26,LOW
40,38,37,12,HIGH
54,50,60,17,HIGH
90,96,89,29,LOW
88,100,100,29,LOW
53,53,50,16,HIGH
95,86,100,28,LOW
92,90,92,27,LOW
90,84,94,26,LOW
90,94,82,27,LOW
79,71,77,25,MEDIUM
86,93,86,29,LOW
98,94,95,29,LOW
71,77,78,23,MEDIUM
90,89,86,26,LOW
67,71,74,20,MEDIUM
93,89,100,26,LOW
82,73,69,24,MEDIUM
99,86,93,29,LOW
83,89,93,28,LOW
90,83,91,29,LOW
80,87,98,27,LOW
83,69,68,17,MEDIUM
75,69,80,22,MEDIUM
69,61,70,22,MEDIUM
94,83,100,28,LOW
66,67,66,20,MEDIUM
81,69,75,19,MEDIUM
75,65,68,23,MEDIUM
98,94,94,30,LOW
56,60,66,18,HIGH
94,86,93,28,LOW
65,65,65,20,MEDIUM
95,99,95,28,LOW
87,94,93,28,LOW
76,80,75,22,MEDIUM
75,81,78,22,MEDIUM
84,87,88,26,LOW
52,51,52,16,HIGH
95,99,100,29,LOW
95,98,100,29,LOW
84,85,83,27,LOW
50,53,49,16,HIGH
61,59,59,19,HIGH
55,45,44,13,HIGH
51,54,55,14,HIGH
86,90,91,25,LOW
84,65,58,19,MEDIUM
86,87,96,25,LOW
73,67,81,23,MEDIUM
91,90,96,29,LOW
40,38,41,13,HIGH
87,96,91,28,LOW
69,75,82,24,MEDIUM
76,74,78,22,MEDIUM
77,71,69,19,MEDIUM
72,76,79,23,MEDIUM
87,90,91,26,LOW
91,94,93,26,LOW
91,75,81,26,LOW
54,52,58,15,HIGH
86,90,88,27,LOW
49,52,52,17,HIGH
93,94,98,28,LOW
92,88,91,28,LOW
67,70,69,20,MEDIUM
79,64,71,18,MEDIUM
83,65,70,20,MEDIUM
94,95,100,30,LOW
78,81,84,26,LOW
40,37,47,13,HIGH
90,87,91,27,LOW
82,84,79,23,MEDIUM
63,75,68,21,MEDIUM
40,36,42,11,HIGH
95,84,83,28,LOW
57,49,56,17,HIGH
86,92,86,27,LOW
99,91,97,27,LOW
93,96,98,27,LOW
83,78,74,23,MEDIUM
54,52,54,17,HIGH
85,70,73,21,MEDIUM
95,89,86,26,LOW
56,60,54,15,HIGH
89,92,94,28,LOW
73,84,87,24,MEDIUM
53,53,54,13,HIGH
71,81,71,21,MEDIUM
92,86,85,25,LOW
74,68,81,24,MEDIUM
75,73,79,21,MEDIUM
42,40,33,12,HIGH
71,55,71,19,MEDIUM
78,67,70,20,MEDIUM
81,85,88,26,LOW
91,83,86,27,LOW
76,80,74,22,MEDIUM
70,69,71,21,MEDIUM
57,86,88,28,MEDIUM
81,74,77,21,MEDIUM
86,91,92,27,LOW
84,77,97,25,LOW
87,91,82,27,LOW
89,94,89,29,LOW
89,87,86,26,LOW
90,77,82,25,LOW
79,73,71,24,MEDIUM
91,91,92,30,LOW
98,89,100,26,LOW
75,73,67,22,MEDIUM
86,100,94,24,LOW
90,94,95,29,LOW
43,48,45,14,HIGH
97,100,94,30,LOW
87,84,87,25,LOW
82,83,91,28,LOW
92,95,99,29,LOW
79,91,88,27,LOW
77,78,79,22,MEDIUM
40,37,34,11,HIGH
79,67,64,18,MEDIUM
84,60,64,19,MEDIUM
95,85,92,30,LOW
46,46,40,14,HIGH
60,65,59,18,HIGH
76,71,75,23,MEDIUM
70,64,67,20,MEDIUM
84,78,89,27,LOW
96,92,96,29,LOW
90,87,91,27,LOW
93,98,90,28,LOW
100,95,100,30,LOW
45,47,45,15,HIGH
92,85,89,27,LOW
93,85,87,27,LOW
100,90,96,28,LOW
44,42,38,11,HIGH
88,96,99,30,LOW
97,98,97,30,LOW
92,84,93,26,LOW
54,52,69,16,HIGH
84,67,77,16,MEDIUM
62,65,70,21,MEDIUM
87,88,92,26,LOW
58,60,62,18,HIGH
90,86,88,25,LOW
92,83,89,26,LOW
78,65,65,23,MEDIUM
94,87,82,26,LOW
69,68,60,20,MEDIUM
74,56,61,19,MEDIUM
83,91,92,28,LOW
87,84,91,26,LOW
53,54,53,16,HIGH
73,72,66,22,MEDIUM
96,47,55,13,MEDIUM
97,96,85,27,LOW
97,97,90,28,LOW
100,100,100,29,LOW
91,97,86,27,LOW
90,88,92,27,LOW
97,94,88,28,LOW
76,73,73,21,MEDIUM
92,85,90,26,LOW
91,89,90,29,LOW
91,93,96,26,LOW
67,70,63,22,MEDIUM
90,68,85,26,LOW
91,90,91,27,LOW
73,72,71,21,MEDIUM
91,94,88,26,LOW
91,100,93,26,LOW
50,42,55,15,HIGH
79,80,86,26,LOW
85,88,92,28,LOW
85,84,80,25,LOW
67,72,69,21,MEDIUM
89,85,85,25,LOW
95,98,96,29,LOW
64,66,61,21,MEDIUM
74,84,77,22,MEDIUM
80,73,69,21,MEDIUM
70,64,72,21,MEDIUM
61,52,57,17,HIGH
75,78,78,21,MEDIUM
89,94,89,27,LOW
78,67,71,22,MEDIUM
46,45,43,15,HIGH
40,43,42,13,HIGH
50,42,46,15,HIGH
81,80,78,24,MEDIUM
89,85,82,23,LOW
86,89,95,26,LOW
84,83,77,23,MEDIUM
76,65,66,23,MEDIUM
82,70,68,15,MEDIUM
85,85,85,26,LOW
80,74,79,22,MEDIUM
73,80,71,21,MEDIUM
85,93,98,29,LOW
72,70,70,22,MEDIUM
97,92,99,30,LOW
75,75,77,22,MEDIUM
95,90,92,30,LOW
91,84,83,26,LOW
92,74,96,25,LOW
93,95,93,29,LOW
93,90,85,27,LOW
88,96,97,28,LOW
81,84,88,25,LOW
86,92,100,25,LOW
79,71,72,19,MEDIUM
80,65,65,21,MEDIUM
82,81,85,26,LOW
77,70,66,21,MEDIUM
79,73,77,25,MEDIUM
75,75,62,23,MEDIUM
80,71,68,22,MEDIUM
84,87,92,25,LOW
81,75,76,20,MEDIUM
56,53,57,18,HIGH
92,94,93,27,LOW
72,64,83,24,MEDIUM
77,82,66,22,MEDIUM
90,100,96,30,LOW
66,60,64,21,MEDIUM
77,87,84,24,MEDIUM
40,36,29,10,HIGH
99,89,89,27,LOW
88,89,88,26,LOW
66,53,64,19,MEDIUM
89,95,85,29,LOW
74,77,72,22,MEDIUM
88,85,100,24,LOW
43,49,46,12,HIGH
94,84,92,27,LOW
94,52,41,14,HIGH
40,38,43,10,HIGH
91,87,83,25,LOW
90,85,94,28,LOW
71,70,77,21,MEDIUM
96,100,100,28,LOW
55,60,69,17,HIGH
68,71,72,21,MEDIUM
78,75,82,24,MEDIUM
45,50,43,12,HIGH
71,62,67,21,MEDIUM
76,57,70,22,MEDIUM
79,68,68,22,MEDIUM
72,76,66,21,MEDIUM
54,54,43,16,HIGH
57,54,56,17,HIGH
67,67,66,17,MEDIUM
89,91,87,26,LOW
73,79,80,24,MEDIUM
77,69,65,19,MEDIUM
48,47,41,15,HIGH
78,68,72,21,MEDIUM
92,88,96,29,LOW
91,89,97,28,LOW
80,71,69,16,MEDIUM
74,72,70,21,MEDIUM
74,71,63,21,MEDIUM
77,75,74,23,MEDIUM
86,85,88,25,LOW
88,86,96,28,LOW
60,54,59,19,HIGH
90,96,100,29,LOW
74,72,71,21,MEDIUM
53,53,49,14,HIGH
80,73,81,24,MEDIUM
91,82,84,27,LOW
87,74,84,26,LOW
98,98,100,29,LOW
86,87,100,28,LOW
84,70,68,23,MEDIUM
96,100,100,28,LOW
79,70,71,15,MEDIUM
54,51,54,16,HIGH
88,100,94,27,LOW
89,89,100,27,LOW
96,83,100,28,LOW
62,62,59,19,HIGH
43,47,52,15,HIGH
78,86,74,24,MEDIUM
94,91,88,27,LOW
58,59,55,15,HIGH
81,75,65,19,MEDIUM
73,73,73,25,MEDIUM
69,67,65,20,MEDIUM
86,86,93,26,LOW
67,69,80,22,MEDIUM
89,95,96,27,LOW
90,93,98,29,LOW
79,80,76,23,MEDIUM
82,67,67,20,MEDIUM
46,47,48,14,HIGH
88,97,99,27,LOW
64,65,70,21,MEDIUM
75,81,78,23,MEDIUM
79,78,68,22,MEDIUM
100,87,96,28,LOW
73,75,71,23,MEDIUM
69,77,71,22,MEDIUM
93,41,50,15,HIGH
79,75,86,22,MEDIUM
70,70,73,21,MEDIUM
62,88,97,27,LOW
79,78,88,28,LOW
82,76,84,23,MEDIUM
75,70,64,19,MEDIUM
77,68,79,24,MEDIUM
89,95,96,29,LOW
67,72,70,19,MEDIUM
78,82,85,26,LOW
91,95,95,25,LOW
45,42,42,14,HIGH
74,78,77,23,MEDIUM
95,82,96,27,LOW
72,60,65,18,MEDIUM
71,74,70,23,MEDIUM
88,88,99,27,LOW
49,42,48,10,HIGH
100,100,95,30,LOW
60,53,59,18,HIGH
73,81,82,23,MEDIUM
43,47,49,13,HIGH
45,41,52,12,HIGH
85,89,100,29,LOW
42,54,49,12,HIGH
78,73,76,24,MEDIUM
65,71,70,22,MEDIUM
69,72,81,22,MEDIUM
73,78,70,21,MEDIUM
77,80,73,24,MEDIUM
59,59,54,17,HIGH
84,86,77,22,MEDIUM
85,92,88,28,LOW
48,51,42,14,HIGH
72,67,77,21,MEDIUM
80,72,83,21,MEDIUM
74,68,73,20,MEDIUM
100,94,100,29,LOW
92,87,97,26,LOW
90,84,84,26,LOW
50,59,56,16,HIGH
83,72,69,21,MEDIUM
87,91,83,25,LOW
100,98,96,29,LOW
84,79,84,25,LOW
76,75,70,23,MEDIUM
87,92,94,27,LOW
79,86,79,26,LOW
91,89,84,26,LOW
75,80,73,22,MEDIUM
97,96,98,29,LOW
89,92,91,27,LOW
69,75,60,18,MEDIUM
90,80,91,29,LOW
90,85,92,26,LOW
81,73,82,24,MEDIUM
60,54,48,17,HIGH
84,85,90,27,LOW
49,50,54,14,HIGH
82,81,81,24,MEDIUM
86,87,89,26,LOW
96,94,89,29,LOW
81,80,84,23,MEDIUM
76,66,74,19,MEDIUM
75,70,70,19,MEDIUM
82,88,89,27,LOW
92,93,99,28,LOW
86,88,95,26,LOW
89,91,95,27,LOW
86,80,93,26,LOW
52,55,49,16,HIGH
69,75,77,19,MEDIUM
67,84,82,24,MEDIUM
81,92,82,27,LOW
51,59,59,13,HIGH
81,88,82,26,LOW
89,94,86,25,LOW
84,84,87,25,LOW
89,87,96,29,LOW
47,47,57,17,HIGH
60,89,89,29,LOW
100,84,97,28,LOW
83,91,80,28,LOW
85,82,91,25,LOW
51,53,48,15,HIGH
88,86,98,29,LOW
67,69,73,21,MEDIUM
73,67,70,21,MEDIUM
75,75,65,20,MEDIUM
79,79,89,26,LOW
72,54,72,18,MEDIUM
68,70,72,20,MEDIUM
87,90,91,25,LOW
91,86,87,27,LOW
88,85,95,26,LOW
100,100,99,29,LOW
62,92,88,27,MEDIUM
78,78,74,21,MEDIUM
53,55,52,15,HIGH
45,49,47,14,HIGH
56,61,53,18,HIGH
79,77,79,23,MEDIUM
58,54,55,16,HIGH
88,99,89,28,LOW
78,70,79,20,MEDIUM
95,86,83,24,LOW
91,96,87,26,LOW
96,94,93,27,LOW
67,81,65,22,MEDIUM
80,66,66,18,MEDIUM
88,92,95,28,LOW
50,53,48,17,HIGH
66,69,75,21,MEDIUM
92,89,100,30,LOW
80,82,83,26,LOW
54,42,44,16,HIGH
85,88,90,26,LOW
57,87,91,26,MEDIUM
58,91,91,25,MEDIUM
77,86,80,23,MEDIUM
86,93,94,26,LOW
96,92,93,27,LOW
67,66,60,21,MEDIUM
84,78,76,24,MEDIUM
49,51,47,15,HIGH
60,95,88,28,LOW
90,87,98,27,LOW
87,89,96,28,LOW
49,53,47,16,HIGH
66,69,79,22,MEDIUM
63,59,70,19,MEDIUM
87,88,85,24,LOW
77,75,79,25,MEDIUM
80,70,69,21,MEDIUM
85,95,100,27,LOW
66,80,73,22,MEDIUM
76,70,74,25,MEDIUM
92,91,84,26,LOW
73,53,65,22,MEDIUM
49,58,47,15,HIGH
98,90,91,26,LOW
70,71,75,22,MEDIUM
46,44,48,14,HIGH
70,67,65,21,MEDIUM
72,70,70,20,MEDIUM
97,93,100,28,LOW
86,98,94,27,LOW
94,97,94,30,LOW
60,58,59,18,HIGH
47,45,43,13,HIGH
91,87,79,27,LOW
71,72,69,21,MEDIUM
46,42,51,14,HIGH
84,93,96,27,LOW
64,76,72,23,MEDIUM
84,91,85,28,LOW
89,80,96,28,LOW
77,80,87,25,MEDIUM
50,46,56,14,HIGH
94,79,87,27,LOW
66,61,67,19,MEDIUM
48,51,53,14,HIGH
59,63,60,17,HIGH
84,94,98,27,LOW
52,55,52,14,HIGH
86,90,91,26,LOW
54,58,66,16,HIGH
77,75,70,22,MEDIUM
97,46,56,13,MEDIUM
91,80,85,25,LOW
86,83,99,26,LOW
90,98,96,30,LOW
95,97,100,28,LOW
78,82,78,22,MEDIUM
96,98,87,26,LOW
98,100,100,28,LOW
95,97,91,27,LOW
54,53,65,16,HIGH
71,73,81,24,MEDIUM
59,59,69,17,HIGH
50,58,44,16,HIGH
72,71,83,23,MEDIUM
77,62,65,18,MEDIUM
80,66,75,22,MEDIUM
75,72,74,20,MEDIUM
44,52,45,13,HIGH
80,77,87,24,MEDIUM
69,65,66,22,MEDIUM
58,92,91,26,MEDIUM
82,67,70,22,MEDIUM
100,98,89,29,LOW
98,94,100,30,LOW
89,82,89,27,LOW
66,69,65,20,MEDIUM
51,51,56,17,HIGH
84,91,97,25,LOW
88,74,96,27,LOW
49,57,53,15,HIGH
89,93,81,28,LOW
45,49,42,14,HIGH
84,93,79,26,LOW
81,79,85,24,MEDIUM
46,44,47,12,HIGH
76,68,75,22,MEDIUM
89,100,95,28,LOW
91,92,100,27,LOW
94,94,94,28,LOW
76,66,66,17,MEDIUM
88,89,95,26,LOW
89,85,97,29,LOW
88,85,90,28,LOW
90,95,92,29,LOW
76,81,77,24,MEDIUM
80,85,93,25,LOW
82,77,77,25,MEDIUM
83,84,88,23,LOW
94,47,46,13,HIGH
88,91,95,29,LOW
99,80,92,26,LOW
90,93,95,27,LOW
83,70,73,21,MEDIUM
77,70,70,22,MEDIUM
66,68,70,21,MEDIUM
81,87,88,26,LOW
57,57,60,17,HIGH
74,84,80,23,MEDIUM
67,76,82,20,MEDIUM
73,84,80,22,MEDIUM
87,86,86,27,LOW
46,42,48,12,HIGH
97,92,96,29,LOW
85,83,79,23,MEDIUM
89,94,88,27,LOW
63,56,61,17,HIGH
95,100,90,30,LOW
78,67,65,19,MEDIUM
85,85,93,25,LOW
87,98,86,25,LOW
94,100,90,26,LOW
72,85,71,23,MEDIUM
67,70,75,22,MEDIUM
80,68,69,20,MEDIUM
85,86,91,27,LOW
65,85,68,23,MEDIUM
79,70,74,21,MEDIUM
81,81,85,26,LOW
42,48,35,11,HIGH
49,47,44,12,HIGH
55,52,50,14,HIGH
74,74,77,22,MEDIUM
77,76,68,22,MEDIUM
89,87,89,26,LOW
82,77,82,24,MEDIUM
97,96,96,30,LOW
78,78,89,24,MEDIUM
84,71,74,18,MEDIUM
81,77,83,23,MEDIUM
74,77,79,23,MEDIUM
88,92,86,28,LOW
79,75,85,23,MEDIUM
82,75,86,26,LOW
72,71,67,21,MEDIUM
53,64,49,16,HIGH
83,82,84,26,LOW
92,94,87,27,LOW
74,71,73,22,MEDIUM
66,72,85,23,MEDIUM
74,72,71,20,MEDIUM
79,85,69,23,MEDIUM
95,93,90,26,LOW
86,75,84,26,LOW
73,76,80,19,MEDIUM
86,96,84,26,LOW
77,79,82,24,MEDIUM
87,81,90,26,LOW
85,94,90,24,LOW
88,84,88,23,LOW
70,65,72,19,MEDIUM
86,74,89,27,LOW
89,94,92,27,LOW
76,67,74,21,MEDIUM
100,86,90,27,LOW
65,80,66,20,MEDIUM
63,65,76,18,MEDIUM
74,77,87,21,MEDIUM
45,56,58,16,HIGH
87,89,88,27,LOW
83,67,67,21,MEDIUM
82,91,85,26,LOW
79,70,65,21,MEDIUM
49,45,47,14,HIGH
81,81,80,25,MEDIUM
66,66,61,20,MEDIUM
82,68,65,21,MEDIUM
91,86,80,26,LOW
94,100,93,28,LOW
79,74,82,23,MEDIUM
99,91,98,28,LOW
79,81,76,23,MEDIUM
87,87,94,27,LOW
46,42,63,16,HIGH
56,57,55,16,HIGH
68,68,74,22,MEDIUM
83,85,86,25,LOW
93,90,94,26,LOW
61,73,74,23,MEDIUM
47,37,44,12,HIGH
76,79,77,21,MEDIUM
91,92,89,28,LOW
56,49,52,16,HIGH
83,69,88,25,MEDIUM
92,89,89,28,LOW
63,55,55,18,HIGH
90,86,94,28,LOW
95,92,95,27,LOW
94,97,92,26,LOW
60,47,62,17,HIGH
89,87,85,27,LOW
69,68,60,20,MEDIUM
88,94,95,27,LOW
71,84,76,24,MEDIUM
82,73,76,22,MEDIUM
66,71,72,20,MEDIUM
59,58,61,19,HIGH
74,70,65,21,MEDIUM
44,29,49,12,HIGH
74,77,78,22,MEDIUM
47,44,47,13,HIGH
41,42,49,13,HIGH
77,85,86,22,MEDIUM
56,56,53,16,HIGH
42,47,48,13,HIGH
71,70,77,23,MEDIUM
95,88,96,28,LOW
40,35,51,14,HIGH
100,91,93,26,LOW
71,64,65,23,MEDIUM
85,96,84,27,LOW
63,60,72,21,MEDIUM
89,93,98,28,LOW
79,76,88,23,MEDIUM
94,98,91,30,LOW
53,42,45,14,HIGH
49,59,50,18,HIGH
80,64,69,19,MEDIUM
68,89,86,28,LOW
51,54,43,16,HIGH
69,63,67,19,MEDIUM
62,64,77,20,MEDIUM
97,96,100,26,LOW
92,94,85,27,LOW
75,67,70,22,MEDIUM
93,95,100,27,LOW
82,75,84,24,MEDIUM
68,75,61,20,MEDIUM
53,54,49,11,HIGH
68,67,54,21,MEDIUM
88,91,77,27,LOW
95,95,99,29,LOW
78,77,78,22,MEDIUM
92,90,96,29,LOW
80,70,68,21,MEDIUM
80,81,78,26,MEDIUM
58,57,57,16,HIGH
53,61,62,17,HIGH
66,71,71,21,MEDIUM
93,84,80,26,LOW
80,68,68,14,MEDIUM
98,100,87,27,LOW
85,68,67,20,MEDIUM
85,76,100,28,LOW
51,45,45,14,HIGH
69,71,55,20,MEDIUM
81,71,70,22,MEDIUM
40,39,41,10,HIGH
45,42,45,15,HIGH
69,76,89,22,MEDIUM
51,57,66,15,HIGH
81,92,87,25,LOW
87,77,91,25,LOW
91,76,86,23,LOW
80,83,80,24,MEDIUM
87,90,84,25,LOW
94,82,88,29,LOW
74,78,77,23,MEDIUM
67,65,69,20,MEDIUM
70,75,79,21,MEDIUM
85,90,94,28,LOW
60,94,82,27,MEDIUM
84,77,75,26,MEDIUM
86,89,86,25,LOW
57,58,52,17,HIGH
70,69,75,21,MEDIUM
91,94,89,29,LOW
96,89,90,28,LOW
78,74,78,20,MEDIUM
78,75,80,23,MEDIUM
51,51,49,14,HIGH
82,70,74,22,MEDIUM
72,60,75,20,MEDIUM
75,74,76,24,MEDIUM
47,44,46,14,HIGH
50,36,48,15,HIGH
87,92,85,27,LOW
85,85,79,22,MEDIUM
53,55,55,14,HIGH
68,64,73,21,MEDIUM
88,89,98,29,LOW
88,85,88,26,LOW
69,71,63,22,MEDIUM
73,85,83,22,MEDIUM
82,80,90,25,LOW
73,81,69,22,MEDIUM
96,100,100,30,LOW
76,81,79,25,MEDIUM
81,78,71,23,MEDIUM
75,68,71,20,MEDIUM
76,71,75,20,MEDIUM
92,86,90,27,LOW
66,69,69,21,MEDIUM
79,82,92,27,LOW
62,71,75,21,MEDIUM
70,77,74,21,MEDIUM
58,50,51,17,HIGH
85,83,80,25,LOW
75,69,68,21,MEDIUM
84,90,79,24,LOW
89,93,94,26,LOW
77,75,79,23,MEDIUM
50,55,60,17,HIGH
89,86,95,28,LOW
70,57,71,22,MEDIUM
77,78,81,23,MEDIUM
66,63,71,21,MEDIUM
100,95,100,28,LOW
66,71,67,22,MEDIUM
81,90,86,23,LOW
70,63,71,23,MEDIUM
45,45,55,15,HIGH
74,77,80,25,MEDIUM
86,88,81,25,LOW
95,55,47,17,MEDIUM
86,66,70,20,MEDIUM
84,65,74,24,MEDIUM
64,63,66,20,MEDIUM
79,74,68,20,MEDIUM
75,68,64,23,MEDIUM
90,91,90,29,LOW
60,93,89,27,MEDIUM
94,93,98,29,LOW
97,91,95,28,LOW
96,100,86,28,LOW
68,87,76,22,MEDIUM
45,49,61,15,HIGH
79,62,67,20,MEDIUM
67,77,66,20,MEDIUM
85,85,80,25,LOW
91,93,87,24,LOW
79,85,86,24,MEDIUM
63,93,91,28,LOW
74,67,77,22,MEDIUM
49,48,41,12,HIGH
83,79,79,22,MEDIUM
46,39,46,15,HIGH
87,93,93,29,LOW
99,100,95,30,LOW
84,80,98,24,LOW
51,51,53,15,HIGH
82,81,85,23,MEDIUM
87,87,92,26,LOW
51,53,53,18,HIGH
84,99,96,27,LOW
78,76,71,20,MEDIUM
93,94,85,27,LOW
86,81,87,27,LOW
76,77,92,23,MEDIUM
70,59,79,19,MEDIUM
78,84,74,22,MEDIUM
67,72,74,22,MEDIUM
94,88,96,28,LOW
88,92,95,28,LOW
89,82,98,25,LOW
64,56,58,20,MEDIUM
68,72,76,22,MEDIUM
78,71,77,20,MEDIUM
49,47,47,13,HIGH
79,68,79,24,MEDIUM
93,44,46,15,HIGH
60,62,70,19,MEDIUM
92,87,87,26,LOW
55,44,57,17,HIGH
90,88,96,26,LOW
93,89,86,27,LOW
73,75,81,22,MEDIUM
93,90,94,30,LOW
71,68,77,20,MEDIUM
67,85,87,22,MEDIUM
46,51,51,15,HIGH
48,38,44,11,HIGH
78,76,79,24,MEDIUM
70,76,78,23,MEDIUM
54,56,57,15,HIGH
70,77,79,22,MEDIUM
94,39,48,15,HIGH
47,51,64,15,HIGH
62,73,77,20,MEDIUM
52,45,50,16,HIGH
84,78,80,26,LOW
96,100,87,28,LOW
82,76,90,26,LOW
67,64,65,21,MEDIUM
51,62,44,17,HIGH
75,79,78,23,MEDIUM
81,73,71,22,MEDIUM
48,49,48,15,HIGH
53,60,57,16,HIGH
91,97,94,27,LOW
79,65,69,21,MEDIUM
100,97,100,28,LOW
100,85,88,27,LOW
86,84,90,27,LOW
90,73,85,26,LOW
100,94,95,27,LOW
89,85,98,26,LOW
93,85,88,25,LOW
48,40,42,12,HIGH
93,87,83,27,LOW
57,86,93,27,MEDIUM
83,75,83,23,MEDIUM
61,64,56,20,MEDIUM
47,48,50,14,HIGH
59,45,47,16,HIGH
53,50,58,15,HIGH
74,68,76,22,MEDIUM
91,99,96,29,LOW
77,64,65,20,MEDIUM
59,88,89,28,MEDIUM
68,75,70,21,MEDIUM
88,88,95,25,LOW
90,85,83,26,LOW
83,60,62,22,MEDIUM
45,58,42,16,HIGH
69,56,63,18,MEDIUM
85,88,83,24,LOW
43,38,46,11,HIGH
68,70,69,21,MEDIUM
64,71,66,20,MEDIUM
89,86,89,26,LOW
84,100,95,27,LOW
49,50,51,16,HIGH
93,100,98,27,LOW
78,85,74,23,MEDIUM
47,44,59,15,HIGH
65,65,65,19,MEDIUM
88,84,84,26,LOW
73,75,84,24,MEDIUM
67,73,66,20,MEDIUM
81,80,80,25,MEDIUM
81,91,96,26,LOW
97,96,96,28,LOW
94,100,87,28,LOW
80,76,68,16,MEDIUM
70,69,66,21,MEDIUM
86,87,91,28,LOW
94,98,95,29,LOW
69,67,78,21,MEDIUM
80,83,86,25,LOW
46,48,46,13,HIGH
48,46,56,19,HIGH
88,91,77,26,LOW
59,57,49,16,HIGH
80,87,87,26,LOW
74,64,69,25,MEDIUM
49,47,46,17,HIGH
64,94,90,26,LOW
78,75,82,24,MEDIUM
85,79,100,26,LOW
91,90,85,26,LOW
88,82,82,28,LOW
65,72,72,21,MEDIUM
62,74,68,20,MEDIUM
100,100,89,30,LOW
92,86,90,28,LOW
90,98,88,27,LOW
68,63,85,24,MEDIUM
95,89,90,29,LOW
92,85,86,28,LOW
95,88,93,27,LOW
78,81,79,26,MEDIUM
40,28,47,11,HIGH
89,73,75,24,MEDIUM
95,95,87,29,LOW
54,53,46,15,HIGH
94,49,52,14,MEDIUM
69,55,75,22,MEDIUM
100,92,100,30,LOW
88,86,93,28,LOW
68,77,83,21,MEDIUM
86,97,89,27,LOW
95,94,94,27,LOW
79,73,70,21,MEDIUM
78,78,82,22,MEDIUM
40,50,45,14,HIGH
82,74,69,18,MEDIUM
72,69,79,20,MEDIUM
89,88,86,27,LOW
88,83,87,27,LOW
78,72,66,20,MEDIUM
75,73,76,21,MEDIUM
78,68,76,22,MEDIUM
87,87,93,25,LOW
92,86,94,27,LOW
88,85,84,26,LOW
61,86,89,28,MEDIUM
98,98,86,28,LOW
44,47,67,16,HIGH
77,61,69,21,MEDIUM
47,55,55,14,HIGH
84,78,83,23,MEDIUM
53,51,51,14,HIGH
88,96,94,28,LOW
67,62,76,21,MEDIUM
42,41,47,12,HIGH
66,69,69,21,MEDIUM
100,92,92,28,LOW
55,51,49,15,HIGH
83,68,79,22,MEDIUM
83,88,92,27,LOW
88,85,88,26,LOW
64,62,59,20,MEDIUM
51,50,57,18,HIGH
63,65,63,18,MEDIUM
84,93,87,26,LOW
60,50,57,19,HIGH
89,94,88,26,LOW
49,44,42,15,HIGH
80,74,67,21,MEDIUM
72,64,73,21,MEDIUM
59,59,51,17,HIGH
94,92,91,29,LOW
75,72,69,18,MEDIUM
66,72,67,22,MEDIUM
79,74,76,22,MEDIUM
91,90,91,28,LOW
52,56,60,19,HIGH
95,91,100,29,LOW
73,63,84,24,MEDIUM
71,56,67,18,MEDIUM
66,75,70,22,MEDIUM
90,90,98,28,LOW
88,95,88,25,LOW
89,85,83,27,LOW
96,100,96,29,LOW
88,89,92,29,LOW
84,77,82,27,LOW
96,96,96,29,LOW
44,46,58,14,HIGH
100,100,97,28,LOW
100,100,94,28,LOW
74,71,77,22,MEDIUM
87,90,97,28,LOW
89,88,86,28,LOW
93,97,100,27,LOW
50,53,58,14,HIGH
93,93,89,27,LOW
76,82,70,22,MEDIUM
80,77,76,23,MEDIUM
88,90,88,25,LOW
68,54,52,16,HIGH
50,49,52,17,HIGH
78,78,68,21,MEDIUM
74,79,80,22,MEDIUM
77,58,66,21,MEDIUM
71,64,64,20,MEDIUM
96,91,85,27,LOW
74,69,69,21,MEDIUM
73,70,71,24,MEDIUM
63,66,63,21,MEDIUM
83,97,85,26,LOW
66,59,59,15,HIGH
96,97,98,28,LOW
74,76,74,24,MEDIUM
94,89,98,29,LOW
78,80,80,22,MEDIUM
91,93,93,28,LOW
99,86,86,26,LOW
71,67,75,23,MEDIUM
80,73,78,23,MEDIUM
51,52,61,19,HIGH
77,74,71,22,MEDIUM
86,85,89,26,LOW
81,90,92,26,LOW
66,60,62,21,MEDIUM
91,93,100,27,LOW
95,91,82,26,LOW
77,68,69,17,MEDIUM
94,81,100,28,LOW
82,89,87,27,LOW
96,93,96,27,LOW
73,77,70,22,MEDIUM
68,74,62,23,MEDIUM
89,89,87,26,LOW
77,81,71,23,MEDIUM
69,63,64,22,MEDIUM
76,74,74,20,MEDIUM
84,65,67,23,MEDIUM
95,100,100,30,LOW
81,77,89,26,LOW
64,77,74,22,MEDIUM
96,100,90,28,LOW
83,78,79,23,MEDIUM
89,82,84,26,LOW
95,96,100,28,LOW
93,91,80,26,LOW
76,87,89,22,MEDIUM
79,67,64,24,MEDIUM
91,99,94,28,LOW
93,90,95,29,LOW
86,89,89,23,LOW
42,40,53,14,HIGH
92,100,92,29,LOW
49,50,56,15,HIGH
44,43,46,13,HIGH
55,58,58,18,HIGH
44,41,45,14,HIGH
69,74,73,22,MEDIUM
80,71,76,23,MEDIUM
40,45,39,16,HIGH
66,65,66,22,MEDIUM
76,82,74,23,MEDIUM
96,94,95,29,LOW
64,62,61,20,MEDIUM
50,47,49,14,HIGH
88,89,81,25,LOW
77,65,67,19,MEDIUM
60,89,91,27,MEDIUM
43,53,48,13,HIGH
89,100,88,27,LOW
90,89,81,26,LOW
40,40,28,11,HIGH
73,72,71,20,MEDIUM
50,48,40,16,HIGH
77,84,77,25,MEDIUM
83,65,80,23,MEDIUM
100,94,92,29,LOW
54,53,47,16,HIGH
83,94,93,25,LOW
52,56,61,15,HIGH
54,60,54,17,HIGH
86,92,90,26,LOW
44,44,47,13,HIGH
80,72,67,21,MEDIUM
40,38,39,10,HIGH
83,81,87,26,LOW
73,70,75,21,MEDIUM
45,38,44,12,HIGH
79,69,73,20,MEDIUM
75,82,77,21,MEDIUM
91,92,89,28,LOW
80,87,86,25,LOW
90,82,93,27,LOW
65,76,70,20,MEDIUM
95,93,100,28,LOW
88,94,87,28,LOW
78,78,76,21,MEDIUM
91,96,91,29,LOW
82,74,67,19,MEDIUM
77,71,66,18,MEDIUM
73,78,81,24,MEDIUM
100,96,90,30,LOW
79,81,78,23,MEDIUM
98,91,100,28,LOW
91,88,100,28,LOW
62,51,57,19,HIGH
91,87,89,26,LOW
58,57,52,14,HIGH
90,89,89,26,LOW
44,40,52,14,HIGH
81,82,94,26,LOW
80,78,89,25,LOW
40,43,54,13,HIGH
82,69,68,15,MEDIUM
85,88,96,25,LOW
44,45,51,13,HIGH
66,63,63,21,MEDIUM
97,92,96,26,LOW
73,77,87,23,MEDIUM
91,90,98,27,LOW
66,73,80,20,MEDIUM
84,85,82,24,LOW
85,87,83,26,LOW
93,93,96,27,LOW
90,93,95,26,LOW
83,74,68,17,MEDIUM
79,63,65,20,MEDIUM
98,94,97,28,LOW
62,70,76,23,MEDIUM
72,70,71,21,MEDIUM
55,91,87,28,MEDIUM
64,69,63,21,MEDIUM
89,75,90,26,LOW
91,93,93,27,LOW
80,88,86,25,LOW
89,93,97,28,LOW
59,92,94,27,MEDIUM
94,92,87,27,LOW
95,97,100,30,LOW
83,98,89,24,LOW
97,94,99,28,LOW
57,55,54,17,HIGH
92,95,90,27,LOW
91,93,94,28,LOW
72,83,77,24,MEDIUM
90,87,91,28,LOW
81,66,66,20,MEDIUM
63,57,54,18,HIGH
87,92,100,28,LOW
78,86,85,27,LOW
98,47,47,15,MEDIUM
93,90,93,27,LOW
77,71,65,21,MEDIUM
80,71,72,17,MEDIUM
58,73,67,17,MEDIUM
54,52,53,16,HIGH
92,100,96,28,LOW
76,66,68,19,MEDIUM
95,100,85,28,LOW
95,87,79,26,LOW
78,77,76,24,MEDIUM
88,96,99,27,LOW
76,62,68,21,MEDIUM
98,91,93,27,LOW
63,62,57,17,HIGH
84,75,76,23,MEDIUM
67,73,76,22,MEDIUM
74,66,75,18,MEDIUM
81,76,86,24,MEDIUM
91,96,91,28,LOW
49,51,49,16,HIGH
67,67,69,20,MEDIUM
70,72,73,20,MEDIUM
77,84,72,22,MEDIUM
77,79,56,21,MEDIUM
79,80,83,23,MEDIUM
72,82,77,22,MEDIUM
71,71,73,23,MEDIUM
94,95,94,28,LOW
86,69,69,18,MEDIUM
44,45,53,13,HIGH
75,69,78,22,MEDIUM
60,61,67,19,MEDIUM
53,50,41,14,HIGH
82,81,89,25,LOW
95,41,46,16,HIGH
87,93,96,25,LOW
78,78,81,25,MEDIUM
86,86,100,25,LOW
49,58,49,16,HIGH
40,43,38,12,HIGH
86,89,90,26,LOW
71,77,80,23,MEDIUM
95,100,100,30,LOW
67,73,67,20,MEDIUM
59,96,87,26,MEDIUM
86,89,84,27,LOW
40,38,34,12,HIGH
61,49,58,18,HIGH
77,70,57,20,MEDIUM
90,92,95,28,LOW
92,98,95,27,LOW
89,84,95,26,LOW
62,55,59,15,HIGH
68,83,65,22,MEDIUM
91,95,100,27,LOW
95,90,97,28,LOW
86,85,94,26,LOW
76,79,74,26,MEDIUM
92,92,100,28,LOW
61,45,51,16,HIGH
46,31,45,15,HIGH
45,49,49,16,HIGH
81,68,69,19,MEDIUM
91,85,99,28,LOW
41,40,43,13,HIGH
99,99,93,29,LOW
44,59,50,15,HIGH
73,78,83,24,MEDIUM
90,84,96,27,LOW
51,52,63,15,HIGH
100,93,96,27,LOW
82,83,89,24,LOW
68,68,73,22,MEDIUM
77,86,91,26,LOW
67,77,71,21,MEDIUM
95,92,91,26,LOW
67,67,78,21,MEDIUM
90,93,93,27,LOW
92,89,92,28,LOW
83,77,76,24,MEDIUM
53,53,60,15,HIGH
64,68,72,20,MEDIUM
84,92,95,25,LOW
91,85,100,29,LOW
92,92,91,27,LOW
68,62,66,21,MEDIUM
92,93,90,26,LOW
85,82,85,25,LOW
67,68,77,22,MEDIUM
59,72,60,19,MEDIUM
70,69,80,23,MEDIUM
51,56,57,17,HIGH
47,46,40,12,HIGH
78,76,89,24,MEDIUM
83,93,83,28,LOW
97,100,95,28,LOW
90,92,97,28,LOW
52,62,53,17,HIGH
86,92,90,26,LOW
100,92,96,28,LOW
95,97,95,30,LOW
83,92,96,26,LOW
44,51,57,16,HIGH
67,75,76,20,MEDIUM
94,97,88,27,LOW
79,90,81,25,LOW
93,93,100,30,LOW
61,53,61,17,HIGH
61,45,52,15,HIGH
94,96,99,29,LOW
87,92,96,27,LOW
79,95,95,26,LOW
59,88,94,28,LOW
63,52,67,20,MEDIUM
77,68,70,22,MEDIUM
87,79,88,25,LOW
93,48,45,16,MEDIUM
62,62,62,18,HIGH
96,100,100,29,LOW
51,51,54,16,HIGH
53,58,65,17,HIGH
80,74,76,24,MEDIUM
91,89,91,27,LOW
77,71,78,22,MEDIUM
88,87,84,26,LOW
70,68,73,22,MEDIUM
43,40,53,13,HIGH
92,91,100,29,LOW
46,46,49,13,HIGH
98,94,89,30,LOW
83,94,85,27,LOW
77,71,67,23,MEDIUM
77,80,74,22,MEDIUM
93,76,93,26,LOW
55,57,51,18,HIGH
72,63,62,22,MEDIUM
100,95,90,28,LOW
92,95,98,27,LOW
80,74,79,24,MEDIUM
72,71,73,19,MEDIUM
93,86,94,28,LOW
52,45,51,15,HIGH
48,54,59,16,HIGH
87,82,95,27,LOW
63,76,67,21,MEDIUM
100,100,100,30,LOW
81,84,87,26,LOW
80,84,83,26,LOW
46,48,57,15,HIGH
100,93,92,28,LOW
93,92,92,27,LOW
59,73,63,19,MEDIUM
57,48,63,14,HIGH
88,91,80,25,LOW
64,57,59,18,HIGH
89,93,87,27,LOW
95,99,95,27,LOW
77,80,67,19,MEDIUM
100,93,89,25,LOW
42,49,41,11,HIGH
93,93,90,27,LOW
91,83,81,26,LOW
80,67,67,20,MEDIUM
77,78,67,20,MEDIUM
72,82,80,22,MEDIUM
94,56,50,16,MEDIUM
84,93,84,28,LOW
92,100,95,27,LOW
49,43,38,14,HIGH
67,67,74,22,MEDIUM
44,44,48,14,HIGH
92,92,91,27,LOW
89,82,88,26,LOW
41,39,43,11,HIGH
65,61,67,20,MEDIUM
80,80,83,26,LOW
100,97,96,29,LOW
82,75,88,24,MEDIUM
87,97,92,25,LOW
74,75,73,19,MEDIUM
48,44,50,15,HIGH
83,80,80,25,MEDIUM
100,99,95,30,LOW
99,85,97,28,LOW
78,78,75,25,MEDIUM
98,100,92,27,LOW
51,53,67,16,HIGH
55,52,56,15,HIGH
78,77,79,23,MEDIUM
79,67,67,18,MEDIUM
78,86,95,26,LOW
95,87,89,27,LOW
69,67,66,22,MEDIUM
96,84,95,28,LOW
96,95,100,28,LOW
60,59,71,18,MEDIUM
40,33,47,11,HIGH
66,59,71,21,MEDIUM
92,86,80,26,LOW
70,63,77,21,MEDIUM
70,72,68,20,MEDIUM
77,89,81,23,MEDIUM
93,89,100,28,LOW
83,72,70,21,MEDIUM
73,69,69,21,MEDIUM
51,47,43,16,HIGH
100,94,89,27,LOW
88,98,89,27,LOW
66,75,66,22,MEDIUM
93,89,80,30,LOW
77,71,76,22,MEDIUM
77,78,70,23,MEDIUM
77,68,66,19,MEDIUM
82,77,82,24,MEDIUM
87,83,84,26,LOW
95,95,83,28,LOW
63,76,66,21,MEDIUM
50,56,43,17,HIGH
68,65,66,20,MEDIUM
94,96,93,25,LOW
84,88,79,26,LOW
78,73,75,24,MEDIUM
95,97,94,27,LOW
85,80,87,29,LOW
90,96,95,29,LOW
88,74,83,24,MEDIUM
99,97,98,27,LOW
69,68,61,19,MEDIUM
93,82,90,28,LOW
77,77,87,23,MEDIUM
83,88,83,26,LOW
98,92,98,28,LOW
55,68,57,16,HIGH
67,72,77,22,MEDIUM
49,51,49,15,HIGH
74,70,85,23,MEDIUM
61,95,92,26,MEDIUM
99,100,92,28,LOW
99,91,86,28,LOW
60,63,72,19,MEDIUM
94,71,85,24,LOW
85,82,75,25,MEDIUM
95,48,51,14,MEDIUM
92,95,91,26,LOW
57,59,55,15,HIGH
89,89,93,30,LOW
51,43,40,14,HIGH
76,75,75,22,MEDIUM
76,68,78,21,MEDIUM
89,97,88,26,LOW
88,93,93,29,LOW
83,82,85,26,LOW
88,96,85,29,LOW
79,73,63,18,MEDIUM
78,59,67,17,MEDIUM
59,64,54,17,HIGH
98,99,100,28,LOW
43,33,41,12,HIGH
93,92,87,24,LOW
67,68,70,20,MEDIUM
81,79,62,22,MEDIUM
62,73,67,23,MEDIUM
83,81,87,24,LOW
78,67,75,20,MEDIUM
95,97,94,27,LOW
97,86,92,25,LOW
76,67,64,24,MEDIUM
88,84,84,25,LOW
83,82,76,20,MEDIUM
69,67,68,20,MEDIUM
46,49,54,14,HIGH
66,73,60,18,MEDIUM
83,82,80,25,LOW
85,70,67,20,MEDIUM
94,92,89,29,LOW
69,69,60,19,MEDIUM
94,90,90,28,LOW
70,84,81,22,MEDIUM
87,82,92,28,LOW
85,97,93,29,LOW
88,90,93,26,LOW
46,42,49,14,HIGH
78,64,69,18,MEDIUM
82,81,79,24,MEDIUM
80,85,84,23,MEDIUM
59,61,60,20,HIGH
48,52,55,14,HIGH
57,51,61,17,HIGH
68,77,68,19,MEDIUM
82,80,81,25,MEDIUM
88,83,71,25,LOW
85,87,90,24,LOW
96,95,96,27,LOW
69,73,68,20,MEDIUM
91,97,82,27,LOW
87,84,88,26,LOW
82,85,88,26,LOW
78,74,81,25,MEDIUM
80,81,79,24,MEDIUM
77,71,78,23,MEDIUM
82,80,81,25,MEDIUM
90,84,95,27,LOW
89,88,88,25,LOW
85,73,64,19,MEDIUM
73,74,78,24,MEDIUM
79,74,72,21,MEDIUM
95,96,93,26,LOW
46,45,43,14,HIGH
74,66,73,18,MEDIUM
82,85,76,26,LOW
81,83,95,24,LOW
90,89,90,26,LOW
73,80,75,21,MEDIUM
76,66,74,22,MEDIUM
86,88,92,27,LOW
71,71,60,21,MEDIUM
92,89,84,28,LOW
46,55,59,17,HIGH
52,50,58,15,HIGH
90,88,84,25,LOW
98,91,95,25,LOW
94,89,94,28,LOW
87,84,96,26,LOW
82,79,79,23,MEDIUM
83,74,67,23,MEDIUM
50,44,47,15,HIGH
78,63,77,21,MEDIUM
68,77,71,22,MEDIUM
84,82,87,26,LOW
92,83,91,27,LOW
96,87,92,26,LOW
87,78,91,26,LOW
93,91,98,29,LOW
82,79,78,27,LOW
78,88,75,24,MEDIUM
89,89,89,24,LOW
71,65,78,21,MEDIUM
58,52,55,13,HIGH
88,78,97,26,LOW
62,57,54,18,HIGH
88,87,92,27,LOW
87,87,87,25,LOW
65,66,64,20,MEDIUM
79,68,71,21,MEDIUM
99,100,100,26,LOW
100,100,92,30,LOW
76,84,84,27,LOW
74,77,75,22,MEDIUM
79,74,77,19,MEDIUM
63,58,60,16,HIGH
76,63,76,21,MEDIUM
51,49,54,15,HIGH
40,46,46,14,HIGH
94,91,87,28,LOW
62,51,53,18,HIGH
98,89,100,30,LOW
90,95,95,28,LOW
75,78,77,21,MEDIUM
78,92,87,27,LOW
41,37,44,12,HIGH
60,66,61,18,HIGH
90,90,88,25,LOW
86,86,83,24,LOW
84,89,81,26,LOW
50,51,46,18,HIGH
100,100,86,27,LOW
84,82,92,25,LOW
86,85,84,25,LOW
87,88,85,24,LOW
76,71,76,24,MEDIUM
92,92,89,26,LOW
78,66,63,20,MEDIUM
75,69,76,19,MEDIUM
100,100,100,28,LOW
80,81,80,23,MEDIUM
54,64,53,16,HIGH
88,94,90,27,LOW
63,69,69,20,MEDIUM
96,88,90,27,LOW
95,88,92,26,LOW
88,91,85,26,LOW
91,86,94,28,LOW
73,60,77,20,MEDIUM
70,65,67,21,MEDIUM
69,66,72,20,MEDIUM
92,83,79,26,LOW
66,66,66,22,MEDIUM
93,91,86,30,LOW
95,92,93,29,LOW
82,64,67,22,MEDIUM
85,92,93,27,LOW
50,47,45,17,HIGH
86,83,89,26,LOW
96,91,97,26,LOW
100,87,86,27,LOW
73,76,74,23,MEDIUM
89,88,94,27,LOW
78,70,77,25,MEDIUM
90,94,96,27,LOW
43,45,41,14,HIGH
91,95,94,28,LOW
82,83,100,26,LOW
87,94,91,25,LOW
58,59,68,18,HIGH
46,41,42,14,HIGH
54,48,46,14,HIGH
61,53,58,19,HIGH
42,46,52,16,HIGH
87,75,77,26,LOW
58,55,58,16,HIGH
82,79,70,19,MEDIUM
79,78,76,22,MEDIUM
93,79,87,27,LOW
77,60,70,18,MEDIUM
40,50,38,14,HIGH
56,46,52,15,HIGH
90,100,98,27,LOW
88,93,97,27,LOW
55,54,62,18,HIGH
70,70,79,23,MEDIUM
81,71,72,18,MEDIUM
69,64,75,22,MEDIUM
77,61,69,19,MEDIUM
92,82,90,27,LOW
69,71,74,22,MEDIUM
94,47,51,15,MEDIUM
90,86,98,28,LOW
61,66,62,21,MEDIUM
78,71,68,20,MEDIUM
95,84,97,25,LOW
79,73,78,22,MEDIUM
72,81,77,23,MEDIUM
45,50,51,15,HIGH
77,83,81,23,MEDIUM
75,65,71,21,MEDIUM
46,55,52,16,HIGH
74,73,88,25,MEDIUM
85,89,93,29,LOW
75,71,75,21,MEDIUM
96,99,98,28,LOW
73,71,76,21,MEDIUM
50,50,43,17,HIGH
85,100,96,27,LOW
94,97,94,29,LOW
51,58,60,16,HIGH
72,73,65,21,MEDIUM
90,93,100,28,LOW
62,92,87,26,MEDIUM
95,86,92,29,LOW
55,45,61,15,HIGH
87,88,96,25,LOW
53,50,51,16,HIGH
94,89,87,28,LOW
52,50,51,16,HIGH
58,60,57,18,HIGH
73,69,71,23,MEDIUM
93,86,81,27,LOW
40,46,42,11,HIGH
81,93,80,27,LOW
79,69,67,18,MEDIUM
48,43,50,15,HIGH
72,67,85,20,MEDIUM
87,79,93,25,LOW
69,73,69,20,MEDIUM
49,48,56,15,HIGH
82,82,80,24,MEDIUM
76,69,76,22,MEDIUM
93,84,95,28,LOW
95,84,86,27,LOW
100,100,100,30,LOW
90,85,86,27,LOW
84,95,89,28,LOW
90,95,96,26,LOW
67,73,72,22,MEDIUM
79,80,88,24,MEDIUM
90,85,86,26,LOW
53,48,49,14,HIGH
93,45,40,15,HIGH
99,94,97,29,LOW
40,33,36,12,HIGH
93,91,85,28,LOW
90,90,99,27,LOW
76,68,71,21,MEDIUM
71,69,71,21,MEDIUM
87,90,100,28,LOW
78,76,70,21,MEDIUM
73,72,69,21,MEDIUM
87,89,86,25,LOW
85,88,96,26,LOW
69,61,74,19,MEDIUM
90,92,98,26,LOW
67,74,74,22,MEDIUM
76,87,74,22,MEDIUM
92,89,90,28,LOW
83,91,84,25,LOW
100,95,100,30,LOW
58,94,94,27,LOW
79,79,66,20,MEDIUM
40,42,45,13,HIGH
59,64,64,19,MEDIUM
82,85,94,23,LOW
74,77,80,23,MEDIUM
66,73,76,21,MEDIUM
100,92,100,27,LOW
90,88,93,25,LOW
80,69,70,20,MEDIUM
84,88,79,25,LOW
48,44,41,15,HIGH
69,75,69,19,MEDIUM
75,71,71,21,MEDIUM
82,90,84,24,LOW
95,90,92,27,LOW
78,79,77,24,MEDIUM
66,76,77,21,MEDIUM
60,74,65,18,MEDIUM
79,77,74,22,MEDIUM
81,73,78,25,MEDIUM
90,88,92,27,LOW
85,78,90,24,LOW
49,59,46,15,HIGH
40,33,34,11,HIGH
76,77,78,21,MEDIUM
65,74,76,21,MEDIUM
62,72,62,19,MEDIUM
46,43,54,16,HIGH
93,93,92,28,LOW
80,82,93,25,LOW
93,94,95,26,LOW
66,59,62,18,MEDIUM
67,63,63,20,MEDIUM
69,69,60,22,MEDIUM
79,73,71,22,MEDIUM
87,90,86,26,LOW
55,55,58,18,HIGH
70,69,73,21,MEDIUM
93,84,91,27,LOW
85,97,85,26,LOW
80,64,71,17,MEDIUM
71,78,70,21,MEDIUM
50,60,52,16,HIGH
50,42,49,16,HIGH
65,65,63,18,MEDIUM
81,85,79,25,LOW
47,43,57,13,HIGH
94,94,82,27,LOW
78,70,72,19,MEDIUM
46,47,48,16,HIGH
75,67,84,23,MEDIUM
90,93,91,27,LOW
97,85,100,29,LOW
98,94,97,27,LOW
98,96,100,27,LOW
93,97,95,26,LOW
54,60,65,16,HIGH
83,67,70,20,MEDIUM
73,76,74,20,MEDIUM
40,32,34,12,HIGH
60,77,69,21,MEDIUM
90,79,96,27,LOW
73,73,78,21,MEDIUM
66,70,70,20,MEDIUM
87,89,100,26,LOW
63,73,73,21,MEDIUM
94,53,50,16,MEDIUM
67,61,57,17,HIGH
77,77,73,20,MEDIUM
93,97,89,28,LOW
77,76,79,21,MEDIUM
88,82,94,25,LOW
80,85,82,22,MEDIUM
93,84,94,27,LOW
64,74,68,21,MEDIUM
99,100,95,29,LOW
71,73,69,22,MEDIUM
90,91,96,28,LOW
73,77,79,23,MEDIUM
50,43,47,16,HIGH
90,92,89,27,LOW
61,47,52,15,HIGH
93,92,90,27,LOW
87,86,85,26,LOW
85,70,72,23,MEDIUM
85,88,91,27,LOW
75,78,82,23,MEDIUM
75,79,76,21,MEDIUM
87,82,94,25,LOW
78,73,69,23,MEDIUM
55,55,58,17,HIGH
97,94,98,28,LOW
80,77,73,24,MEDIUM
86,91,100,28,LOW
59,66,72,21,MEDIUM
89,83,87,27,LOW
42,35,39,12,HIGH
74,70,78,23,MEDIUM
100,99,99,28,LOW
93,99,94,29,LOW
100,95,96,28,LOW
81,77,68,22,MEDIUM
92,90,92,29,LOW
77,71,75,23,MEDIUM
66,76,80,21,MEDIUM
85,96,85,26,LOW
48,50,54,14,HIGH
80,72,76,24,MEDIUM
98,98,100,30,LOW
54,48,53,15,HIGH
96,89,98,25,LOW
91,96,86,26,LOW
78,77,78,21,MEDIUM
76,83,68,22,MEDIUM
100,99,100,28,LOW
70,75,71,22,MEDIUM
99,97,87,28,LOW
63,75,65,20,MEDIUM
72,78,60,22,MEDIUM
85,81,82,28,LOW
100,97,100,29,LOW
83,76,79,24,MEDIUM
70,68,71,21,MEDIUM
86,83,90,28,LOW
87,81,77,24,MEDIUM
77,69,71,23,MEDIUM
83,75,86,26,LOW
86,83,80,25,LOW
99,97,97,29,LOW
71,79,77,23,MEDIUM
98,100,100,30,LOW
60,62,61,19,HIGH
74,75,70,23,MEDIUM
79,75,72,17,MEDIUM
100,92,100,29,LOW
91,84,86,26,LOW
79,74,79,22,MEDIUM
64,82,68,21,MEDIUM
67,75,71,20,MEDIUM
73,73,77,23,MEDIUM
95,93,100,27,LOW
55,48,51,14,HIGH
51,59,56,14,HIGH
94,100,99,28,LOW
78,69,72,17,MEDIUM
95,99,99,25,LOW
68,64,66,19,MEDIUM
84,80,85,26,LOW
75,83,81,25,MEDIUM
100,100,100,30,LOW
93,90,97,28,LOW
95,97,90,28,LOW
70,70,68,22,MEDIUM
92,96,98,27,LOW
76,73,67,22,MEDIUM
77,65,65,21,MEDIUM
78,82,72,23,MEDIUM
58,70,68,19,MEDIUM
77,85,82,23,MEDIUM
71,64,69,21,MEDIUM
99,96,100,30,LOW
84,72,70,23,MEDIUM
97,94,100,28,LOW
72,76,76,23,MEDIUM
69,72,62,22,MEDIUM
92,96,95,30,LOW
91,83,95,26,LOW
65,68,69,19,MEDIUM
55,52,51,14,HIGH
91,90,100,26,LOW
81,84,72,24,MEDIUM
83,99,92,27,LOW
86,85,81,25,LOW
40,35,34,11,HIGH
94,81,86,26,LOW
47,50,48,13,HIGH
99,98,100,29,LOW
93,93,81,27,LOW
64,65,55,17,HIGH
89,91,94,27,LOW
44,45,54,18,HIGH
75,72,78,21,MEDIUM
95,92,89,28,LOW
94,88,100,27,LOW
100,96,91,29,LOW
77,74,80,24,MEDIUM
97,96,100,30,LOW
47,45,43,13,HIGH
93,90,93,27,LOW
74,82,80,23,MEDIUM
78,82,85,26,LOW
86,97,84,27,LOW
74,73,69,22,MEDIUM
74,76,80,23,MEDIUM
77,82,79,23,MEDIUM
67,73,78,20,MEDIUM
75,69,71,20,MEDIUM
91,97,92,28,LOW
97,94,87,28,LOW
79,70,78,21,MEDIUM
89,100,90,27,LOW
76,75,76,24,MEDIUM
82,70,69,23,MEDIUM
80,68,72,17,MEDIUM
79,72,78,21,MEDIUM
96,97,100,27,LOW
54,48,57,19,HIGH
96,91,98,28,LOW
94,96,91,28,LOW
78,65,67,22,MEDIUM
98,85,97,28,LOW
78,69,79,22,MEDIUM
77,68,69,21,MEDIUM
46,39,42,12,HIGH
85,71,68,21,MEDIUM
85,81,90,27,LOW
